Date,Close,Volume,MA_Short,MA_Long,Signal_MA,Return_MA,Vol_Avg,Signal_Vol,Return_Vol,OBV,OBV_Short,OBV_Long,Signal_OBV,Return_OBV
2020-01-01,10049.671415301122,1250.3707431373884,,,-1,,,0,,0.0,,,-1,
2020-01-02,10035.776307348757,1296.9420280806414,,,-1,0.0013826430117116484,,0,-0.0,-1296.9420280806414,,,-1,0.0013826430117116484
2020-01-03,10100.77688020088,1599.4435058897134,,,-1,-0.0064768853810068805,,0,0.0,302.50147780907196,,,-1,-0.0064768853810068805
2020-01-04,10254.614727815497,3977.4559929583966,,,-1,-0.015230298564080202,,0,0.0,4279.957470767468,,,-1,-0.015230298564080202
2020-01-05,10230.60320136544,2903.7223147809527,,,-1,0.0023415337472333375,,0,-0.0,1376.2351559865156,,,-1,0.0023415337472333375
2020-01-06,10206.649578352219,2622.9965777971947,,,-1,0.0023413695694917136,,0,-0.0,-1246.7614218106792,,,-1,0.0023413695694917136
2020-01-07,10367.834296527488,551.8438781772303,,,-1,-0.015792128155073915,,0,0.0,-694.9175436334489,,,-1,-0.015792128155073915
2020-01-08,10447.400657580067,1887.9169050116975,,,-1,-0.007674347291529271,,0,0.0,1192.9993613782485,,,-1,-0.007674347291529271
2020-01-09,10398.352787496728,1137.0125679820235,,,-1,0.004694743859349648,,0,-0.0,55.98679339622504,,,-1,0.004694743859349648
2020-01-10,10454.770094912794,1141.6440425996336,,,-1,-0.005425600435859712,,0,0.0,1197.6308359958587,,,-1,-0.005425600435859712
2020-01-11,10406.320840550101,3343.1820297288837,,,-1,0.004634176928124734,,0,-0.0,-2145.551193733025,,,-1,0.004634176928124734
2020-01-12,10357.855508143677,3729.9538650658556,,,-1,0.004657297535702543,,0,-0.0,-5875.505058798881,,,-1,0.004657297535702543
2020-01-13,10382.917610616709,3663.057268326196,,,-1,-0.002419622715660319,,0,0.0,-2212.4477904726846,,,-1,-0.002419622715660319
2020-01-14,10184.263299153685,5414.966126562908,,,-1,0.01913280244657789,,0,-0.0,-7627.413917035593,,,-1,0.01913280244657789
2020-01-15,10008.593125396503,1987.2602986916158,,,-1,0.017249178325130288,,0,-0.0,-9614.67421572721,,,-1,0.017249178325130288
2020-01-16,9952.31605439993,1852.097076075533,,,-1,0.005622875292409679,,0,-0.0,-11466.771291802743,,,-1,0.005622875292409679
2020-01-17,9851.515900206929,5625.9265522231235,,,-1,0.01012831120334412,,0,-0.0,-17092.697844025868,,,-1,0.01012831120334412
2020-01-18,9882.474026143527,3462.563365550552,,,-1,-0.0031424733259526327,,0,0.0,-13630.134478475316,,,-1,-0.0031424733259526327
2020-01-19,9792.738782729013,4110.629711515949,,,-1,0.009080240755212188,,0,-0.0,-17740.764189991263,,,-1,0.009080240755212188
2020-01-20,9654.435570438436,1770.9309376064523,10150.994033233976,,-1,0.014123037013352824,2666.4957893880974,0,-0.0,-19511.695127597715,-5087.548250292584,,-1,0.014123037013352824
2020-01-21,9795.93568652289,4595.999735423549,10138.307246795062,,-1,-0.014656487689215236,2833.7772390024047,1,0.0,-14915.695392174166,-5833.333019901293,,-1,-0.014656487689215236
2020-01-22,9773.818785331818,2575.1715692917364,10125.209370694216,,-1,0.002257763004865354,2897.68871606296,0,-0.002257763004865354,-17490.8669614659,-6643.029266570555,,-1,0.002257763004865354
2020-01-23,9780.418869687002,2238.0154683591363,10109.191470168522,,-1,-0.0006752820468791665,2929.617314186431,0,0.0,-15252.851493106766,-7420.796915116347,,-1,-0.0006752820468791665
2020-01-24,9641.072529237059,1448.7909104139412,10078.5143602396,,-1,0.014247481862134537,2803.184060059208,0,-0.0,-16701.642403520706,-8469.876908830756,,-1,0.014247481862134537
2020-01-25,9588.588195928949,2685.582958466849,10046.413609967776,,-1,0.005443827245251831,2792.277092243503,0,-0.0,-19387.225361987556,-9508.049934729459,,-1,0.005443827245251831
2020-01-26,9599.224106272488,6471.579390129692,10016.04233636379,,-1,-0.001109225897098609,2984.706232860128,0,0.0,-12915.645971857863,-10091.494162231818,,-1,-0.001109225897098609
2020-01-27,9488.737653326918,4156.49557456133,9972.087504203762,,-1,0.01150993577422299,3164.938817679333,0,-0.0,-17072.141546419192,-10910.355362371105,,-1,0.01150993577422299
2020-01-28,9524.386652656487,1864.552869226705,9925.936803957582,,-1,-0.003756980183456715,3163.7706158900833,0,0.0,-15207.588677192487,-11730.384764299642,,-1,-0.003756980183456715
2020-01-29,9467.17950144317,1222.1138715247496,9879.378139654906,,-1,0.0060063868991879765,3168.0256810672195,0,-0.0,-16429.702548717236,-12554.669231405316,,-1,0.0060063868991879765
2020-01-30,9439.56433055575,1217.4122037781374,9828.617851437051,,-1,0.002916937497932759,3171.8140891261446,0,-0.0,-17647.114752495374,-13496.906510829876,,-1,0.002916937497932759
2020-01-31,9382.765847813149,3054.9613645581517,9777.440101800205,,-1,0.006017066122293913,3157.403055867608,0,-0.0,-20702.076117053526,-14424.732756995902,,-1,0.006017066122293913
2020-02-01,9556.560772715748,3101.6272681186924,9737.375365028809,,-1,-0.018522781845089487,3125.98672602025,0,0.0,-17600.448848934833,-15010.979946502699,,-1,-0.018522781845089487
2020-02-02,9555.270902231037,3413.9151394869023,9695.993029609524,,-1,0.0001349722473793502,3113.5296195782853,0,-0.0,-21014.363988421734,-15951.07575640015,,-1,0.0001349722473793502
2020-02-03,9454.203757606796,4797.066412664173,9659.490052532181,,-1,0.010577109289559017,3082.6346338833487,-1,-0.0,-25811.430401085905,-16860.27658060267,,-1,0.010577109289559017
2020-02-04,9531.96882959486,5331.807948467288,9635.658837742098,,-1,-0.008225449121032069,3249.862016372132,0,-0.008225449121032069,-20479.622452618616,-17403.523992447237,,-1,-0.008225449121032069
2020-02-05,9415.598393421533,4298.707482146557,9608.822954693178,,-1,0.012208436499710373,3372.192536675683,0,-0.0,-24778.329934765174,-18069.10192459536,,-1,0.012208436499710373
2020-02-06,9435.264150717243,2352.580108605991,9588.010367218692,,-1,-0.0020886359500476015,3208.5252144948267,0,0.0,-22425.749826159183,-18335.754523702024,,-1,-0.0020886359500476015
2020-02-07,9250.364098046499,2454.212327582314,9556.404870813842,,-1,0.019596701238797753,3158.1076625964147,0,-0.0,-24879.962153741497,-18898.245907465334,,-1,0.019596701238797753
2020-02-08,9127.502052623935,1847.571550836982,9523.143034308589,,-1,0.013281860488984387,3044.9547545624664,0,-0.0,-26727.53370457848,-19347.584383194695,,-1,0.013281860488984387
2020-02-09,9145.470565968712,2250.38214733759,9497.694784085103,,-1,-0.0019686123586912796,3068.9273150490235,0,0.0,-24477.15155724089,-19595.857204676857,,-1,-0.0019686123586912796
2020-02-10,9213.006809681707,353.3798551291407,9468.548340243044,,-1,-0.007384665799954115,2856.796321034303,0,0.0,-24123.77170211175,-20056.261020173733,,-1,-0.007384665799954115
2020-02-11,9228.794981097375,753.2643772151142,9441.297150031322,,-1,-0.0017136828118999858,2765.700961430472,0,0.0,-23370.507324896636,-20350.243038345267,,-1,-0.0017136828118999858
2020-02-12,9218.122038216605,1333.6796662411955,9413.1823084578,,-1,0.0011564828238822544,2720.4841713245746,0,-0.0,-24704.18699113783,-20822.809813246822,,-1,0.0011564828238822544
2020-02-13,9190.365932095603,5308.743424219465,9390.64697860073,,-1,0.0030110369558929984,2913.481797014851,0,-0.0,-30012.930415357296,-21488.37421383865,,-1,0.0030110369558929984
2020-02-14,9054.484350794333,5359.096889318751,9363.941786343998,,-1,0.014785219903674207,3047.1574935574463,-1,-0.0,-35372.02730467605,-22287.61431097308,,-1,0.014785219903674207
2020-02-15,8989.306169595135,1846.8447074333951,9333.44588951013,,-1,0.007198442083947154,2815.9207594226314,0,0.007198442083947154,-37218.872012109445,-23502.775612985657,,-1,0.007198442083947154
2020-02-16,8947.897940137698,3670.4702339659984,9306.403903850669,,-1,0.004606387709597981,2791.6194923928642,0,-0.0,-40889.342246075445,-24693.63564796847,,-1,0.004606387709597981
2020-02-17,9042.48815804228,2752.3916737158843,9282.308979119958,,-1,-0.010571222262189428,2836.0114326173234,0,0.0,-38136.95057235956,-25840.103742726824,,-1,-0.010571222262189428
2020-02-18,9073.559801185376,3924.7393790968063,9262.627994107068,,-1,-0.003436182895684592,2971.1427079959262,0,0.0,-34212.21119326275,-26729.2291749541,,-1,-0.003436182895684592
2020-02-19,8913.589298369627,2227.8495887428594,9236.329242497763,,-1,0.017630401553627384,3021.6645772441625,0,-0.0,-36440.06078200561,-27668.876476429614,,-1,0.017630401553627384
2020-02-20,8942.476812383333,2201.248213563429,9214.314790726272,,-1,-0.003240839693948061,2978.9789196944266,0,0.0,-34238.81256844218,-28345.713298999046,,-1,-0.003240839693948061
2020-02-21,8908.040918748507,2538.4932346905703,9181.888798027909,,-1,0.0038508228041630455,2950.8222180230205,0,-0.0,-36777.30580313275,-29304.55614670894,,-1,0.0038508228041630455
2020-02-22,8847.740429973242,1501.7290416102146,9146.51227441502,,-1,0.006769220003059462,2855.212913129186,0,-0.0,-38279.034844742964,-30167.789689525,,-1,0.006769220003059462
2020-02-23,8901.859960281576,4994.931235782152,9118.89508454876,,-1,-0.006116762888408678,2865.106154285085,0,0.0,-33284.10360896081,-30541.423349918747,,-1,-0.006116762888408678
2020-02-24,8993.638093965335,3265.192439420198,9091.978547767283,,-1,-0.010309995224959234,2761.7753788327304,0,0.0,-30018.91116954061,-31018.38778576484,,-1,-0.010309995224959234
2020-02-25,9077.394057519696,4685.322783165691,9075.06833097219,,-1,-0.009312801191162068,2781.106143883687,0,0.0,-25333.58838637492,-31046.150708345336,,-1,-0.009312801191162068
2020-02-26,9001.21497593702,1853.0591652425978,9053.36587223318,,-1,0.008392175232226351,2756.1300967155175,0,-0.0,-27186.647551617516,-31284.19559461825,,-1,0.008392175232226351
2020-02-27,8973.38210525445,2377.6346769235474,9039.516772593579,,-1,0.0030921237585121997,2752.3012141825793,0,-0.0,-29564.282228541062,-31518.411598358227,,-1,0.0030921237585121997
2020-02-28,9003.10763872927,3982.415443853259,9033.297051898844,,-1,-0.003312634314035723,2859.043408833393,0,0.0,-25581.8667846878,-31461.128252363695,,-1,-0.003312634314035723
2020-02-29,9090.937016588476,7020.61313531458,9030.570374429832,9559.753063916303,-1,-0.00975545127122368,3097.5549582322424,0,0.0,-18561.253649373222,-31165.33335697031,-18616.24627064658,-1,-0.00975545127122368
2020-03-01,9047.375588426243,1649.2288955447123,9022.28881336706,9543.048133468388,-1,0.004791742378452923,3162.347410253021,0,-0.0,-20210.482544917933,-30969.668899110624,-18953.087646395215,-1,0.004791742378452923
2020-03-02,9030.578323493839,6008.666629276285,9012.377980486881,9526.294833737473,-1,0.0018565897666381614,3425.1175228560796,0,-0.0,-26219.14917419422,-31112.100991575502,-19368.457765497107,-1,0.0018565897666381614
2020-03-03,8930.66987714602,2092.550180361547,8998.005372433352,9506.793050353224,-1,0.011063349740060291,3463.0610485620973,0,-0.0,-28311.699354555767,-31292.476609746394,-19845.361112703187,-1,0.011063349740060291
2020-03-04,8823.84061250082,3226.6666621684512,8979.679106453612,9482.946815097983,-1,0.011962066240806868,3358.9572104595463,0,-0.0,-31538.36601672422,-31368.74838981474,-20442.333170828053,-1,0.011962066240806868
2020-03-05,8895.536596004295,1782.4999170504445,8971.731718714113,9460.69570500863,-1,-0.008125258223941723,3180.127361846131,0,0.0,-29755.866099673774,-31087.94032956463,-20961.201525089054,-1,-0.008125258223941723
2020-03-06,9016.181424075472,3173.5743767235595,8973.075481438129,9440.854569104016,-1,-0.013562400285708431,3246.463845310639,0,0.0,-26582.291722950216,-30556.111315106664,-21383.46036344138,-1,-0.013562400285708431
2020-03-07,9009.688860870092,4078.8795526954355,8976.165027474748,9418.218811843059,-1,0.0007201012158033482,3266.8843112471113,0,-0.0,-30661.17127564565,-30044.702766585182,-21882.89792564158,-1,0.0007201012158033482
2020-03-08,9100.104052586637,3536.983303117996,8979.045822201966,9395.763868426502,-1,-0.010035328978920344,3306.113892717217,0,0.0,-27124.187972527656,-29494.06463659358,-22354.851047873348,-1,-0.010035328978920344
2020-03-09,9133.013307157611,6052.151109000237,8982.01849750058,9374.674877087517,-1,-0.0036163602504764025,3412.4844792123886,0,0.0,-21072.03686352742,-28837.055920106817,-22706.984775488745,-1,-0.0036163602504764025
2020-03-10,9074.094434122422,3700.3460869619803,8990.043754288217,9351.663616074344,-1,0.006451197546051279,3486.1093041233444,0,-0.0,-24772.382950489402,-28253.672028531008,-23139.818338596833,-1,0.006451197546051279
2020-03-11,9106.887812647023,1394.1819558645582,8998.264304301403,9330.006398942625,-1,-0.0036139560550840777,3445.755991238401,0,0.0,-23378.200994624844,-27710.641449840135,-23493.695835278362,-1,-0.0036139560550840777
2020-03-12,9246.955077272567,4835.565116205978,9015.210012227606,9311.491391761441,-1,-0.015380365664659612,3560.6095853141715,0,0.0,-18542.635878418867,-26798.907953604445,-23704.814682272026,-1,-0.015380365664659612
2020-03-13,9243.642259530103,3014.066371034961,9035.005103705447,9292.503469243331,-1,0.0003582603910996518,3636.2264517854082,0,-0.0,-21556.70224945383,-25962.791323839985,-24027.218923255045,-1,0.0003582603910996518
2020-03-14,9388.272321709985,1991.4059116816684,9059.325721776868,9279.236952952602,-1,-0.01564643655814013,3486.050185580384,0,0.0,-19565.29633777216,-25276.850960280553,-24226.183630267322,-1,-0.01564643655814013
2020-03-15,9142.323517203375,1451.4555069594549,9066.75999293877,9264.799126149384,-1,0.026197451040897435,3395.363338957347,0,-0.0,-21016.751844731614,-24826.742994040105,-24416.218257417393,-1,0.026197451040897435
2020-03-16,9217.464503149353,5974.696219226223,9073.763515220253,9252.551600295206,-1,-0.00821902504375216,3459.8320107603736,0,0.0,-15042.055625505393,-24312.16635599663,-24475.806329645777,1,-0.00821902504375216
2020-03-17,9225.488035765238,4312.541920912489,9084.977168211664,9242.117802554512,-1,-0.0008704706823816633,3582.806148543868,0,0.0,-10729.513704592904,-23489.309663645396,-24369.753260655223,1,0.0008704706823816633
2020-03-18,9197.90314842195,2299.289041354504,9096.20322037004,9230.70828792582,-1,0.0029900735046587412,3578.888866765416,0,-0.0,-13028.802745947409,-22662.535689515717,-24359.731065113094,1,-0.0029900735046587412
2020-03-19,9206.343215775925,5974.08337723239,9106.36499922237,9220.935028476602,-1,-0.0009176077653549886,3678.472263434373,0,0.0,-7054.719368715018,-21736.178318717077,-24181.630318091822,1,0.0009176077653549886
2020-03-20,9023.360799847696,2974.333778894377,9102.986188385334,9210.417115633423,-1,0.01987568914600879,3476.158295613363,0,-0.0,-10029.053147609395,-21309.568293628883,-24023.586285092017,1,-0.01987568914600879
2020-03-21,9003.53901283228,2725.391217575566,9100.794359605636,9197.210504405246,-1,0.002196718878375248,3529.9664117149055,0,-0.0,-12754.444365184961,-20936.766384642237,-23987.565434642198,1,-0.002196718878375248
2020-03-22,9035.691782528069,1130.668895069983,9101.050032557348,9184.90838769185,-1,-0.003571125715117418,3286.0665250045904,0,0.0,-11623.775470114979,-20206.99769943827,-23889.780576453017,1,0.003571125715117418
2020-03-23,9169.22973328325,2683.56245160914,9112.97802536421,9174.72190208512,-1,-0.014778940447415234,3315.6171385669704,0,0.0,-8940.213018505838,-19238.423382635774,-23784.569935209664,1,0.014778940447415234
2020-03-24,9121.70834633055,2201.231469701412,9127.871412055694,9166.065832370014,-1,0.005182702182736532,3264.345378943618,0,-0.0,-11141.44448820725,-18218.57730620993,-23691.89996995444,1,-0.005182702182736532
2020-03-25,9047.959917875894,5010.786471789674,9135.492578149275,9157.055361069128,-1,0.008084936028931788,3425.7597066805793,0,-0.0,-16152.230959996923,-17538.395549226087,-23637.983396587933,1,-0.008084936028931788
2020-03-26,9002.561141687247,3323.277995043117,9134.811564029864,9147.11097832604,-1,0.0050175704358452755,3433.2448875965574,0,-0.0,-19475.50895504004,-17183.056410830577,-23747.314446307635,1,-0.0050175704358452755
2020-03-27,9084.970777025675,6599.032616778354,9138.575659837643,9140.381530387685,-1,-0.009154021177020688,3559.252540800703,0,0.0,-12876.476338261687,-16293.821663961378,-23677.386692838343,1,0.009154021177020688
2020-03-28,9114.837719267405,4862.731173953763,9139.312343171681,9133.555714831202,1,-0.0032875110965968624,3625.5399343424915,0,0.0,-8013.745164307925,-15338.299523550391,-23557.48930095693,1,0.0032875110965968624
2020-03-29,9066.55093639278,1252.3711572621921,9135.989224633438,9126.878572080363,1,-0.005297602037670379,3385.5509367555887,0,-0.0,-9266.116321570116,-14748.00349645253,-23438.096197171148,1,-0.005297602037670379
2020-03-30,9113.086589655917,3741.346530795376,9137.938832410115,9121.4372763987,1,0.005132674331133513,3387.6009589472587,0,0.0,-5524.769790774741,-13785.622838466796,-23236.057114475803,1,0.005132674331133513
2020-03-31,9121.93335078712,2940.118017511359,9138.691109317118,9117.09006811493,1,0.000970775493480458,3464.897762029599,0,0.0,-2584.6517732633815,-12745.945377398722,-22934.100042079303,1,0.000970775493480458
2020-04-01,9210.292501229267,1269.6213091130876,9136.857980514955,9111.318930256823,1,0.009686449905328853,3286.6005716749546,0,0.0,-1315.030464150294,-11884.565106685293,-22662.676402332894,1,0.009686449905328853
2020-04-02,9145.631357769234,1689.4382909368842,9131.95743542691,9104.491604515793,1,-0.007020530938773417,3220.369167670051,0,-0.0,-3004.468755087178,-10956.95343196696,-22362.511481777314,1,-0.007020530938773417
2020-04-03,9115.664585742448,5460.553515218566,9118.327048628535,9098.84928498472,1,-0.003276621465977736,3393.8265478468957,0,-0.0,-8465.022270305744,-10401.93972859364,-22073.404679597646,1,-0.003276621465977736
2020-04-04,9079.921321689571,3385.211871288538,9115.206938852843,9091.315159852966,1,-0.003921081531321535,3490.51436606335,0,-0.0,-11850.234141594283,-9943.613843436771,-21929.581541080574,1,-0.003921081531321535
2020-04-05,8947.03531586801,4782.918518051762,9101.685479488777,9083.505775227073,1,-0.014635149481321053,3430.925481004627,0,-0.0,-16633.152659646046,-10023.168695143806,-21793.828586495252,1,-0.014635149481321053
2020-04-06,8973.529301634424,3746.741057658715,9089.087542782236,9075.810194409025,1,0.002961202770645821,3402.6354378419383,0,0.0,-12886.41160198733,-10131.013590013526,-21634.83961609239,1,0.002961202770645821
2020-04-07,8996.95517297695,5270.168514337654,9079.040144009985,9071.586712324533,1,0.0026105527217992197,3551.1794114910954,0,0.0,-7616.243087649676,-9860.38560709864,-21347.11096499086,1,0.0026105527217992197
2020-04-08,8997.415228378863,4876.152873101172,9068.593744640133,9069.418598587117,-1,5.113456642469316e-05,3496.2828862845345,0,0.0,-2740.0902145485043,-9644.654149390315,-20947.320240157027,1,5.113456642469316e-05
2020-04-09,8976.30844991675,2675.8294751701324,9066.241127143585,9066.59922998625,-1,0.0023458713337513037,3481.3576710983225,0,-0.0,-5415.919689718637,-9413.997476495777,-20629.63304236499,1,-0.0023458713337513037
2020-04-10,8849.260406400428,1727.8800704038754,9058.527196821993,9060.53678993156,-1,0.014153707420504369,3431.4821137397375,0,-0.0,-7143.799760122512,-9133.465246242655,-20346.633509998504,1,-0.014153707420504369
2020-04-11,8812.03640640158,4570.661723318374,9047.344428015667,9053.590813686633,-1,0.0042064532276534505,3603.481755152157,0,-0.0,-11714.461483440886,-9137.99954690895,-20152.366079307576,1,-0.0042064532276534505
2020-04-12,8781.836278435218,2518.0418148709978,9027.974755273266,9046.319384356942,-1,0.0034271451652676532,3595.2057233152505,0,-0.0,-14232.503298311884,-9402.614060899252,-19977.838017760478,1,-0.0034271451652676532
2020-04-13,8711.381602153073,3844.1025637674825,9007.458418064392,9038.336312191233,-1,0.008022772692216296,3677.349278018554,0,-0.0,-18076.605862079366,-9749.372129592859,-19778.899275205844,1,-0.008022772692216296
2020-04-14,8697.331388340099,3174.5467700169124,8989.926991587603,9032.383762816995,-1,0.001612857116660038,3585.5372929299165,0,-0.0,-21251.15263209628,-10004.318213197825,-19543.55136399618,1,-0.001612857116660038
2020-04-15,8732.473030334688,2677.6009575721855,8976.422586019975,9028.103210495989,-1,-0.004040508568145418,3553.25344105637,0,0.0,-18573.551674524097,-9959.220349172028,-19232.796025036423,1,0.004040508568145418
2020-04-16,8897.183705459873,4024.1031468667625,8967.033232441685,9027.25797325136,-1,-0.018861859012105242,3424.5069675607897,0,0.0,-14549.448527657334,-10042.86895864181,-18793.797796396124,1,0.018861859012105242
2020-04-17,8912.716214176495,1324.7948312295366,8956.92715718714,9025.095107520263,-1,-0.0017457781283183316,3247.610150424578,0,0.0,-13224.653696427798,-10303.414385247805,-18378.592848463926,1,0.0017457781283183316
2020-04-18,8935.670949610118,4366.185950638881,8950.383157848006,9022.796959994008,-1,-0.0025755039072277164,3403.3008900934124,0,0.0,-8858.467745788917,-10283.031956458744,-17956.0304576727,1,0.0025755039072277164
2020-04-19,8929.01870754183,2144.2235289378505,8941.179763742302,9023.054116813546,-1,0.0007444591576614146,3323.4447400005365,0,-0.0,-11002.691274726767,-10556.928030656347,-17532.07429921805,1,-0.0007444591576614146
2020-04-20,8757.691266772852,5155.718566192677,8922.967659541588,9019.974357720035,-1,0.01918771215299031,3434.224767434602,-1,-0.0,-16158.409840919445,-11235.61593403915,-17230.734253759336,1,-0.01918771215299031
2020-04-21,8755.369263418152,2817.8200846411014,8900.221497651033,9017.429830131197,-1,0.00026513875449230007,3511.6347062110026,0,0.00026513875449230007,-18976.229925560547,-12118.675907109662,-16934.049655799798,1,-0.00026513875449230007
2020-04-22,8760.642640706621,1484.9753462789124,8880.972061797902,9015.978200310086,-1,-0.0006023020994103678,3501.4115589781045,0,0.0,-17491.254579281635,-12843.015198319385,-16587.586651375444,1,0.0006023020994103678
2020-04-23,8976.43847955685,1593.411953839627,8874.010756488622,9017.22117563134,-1,-0.024632421124852755,3308.0544809091575,0,0.0,-15897.842625442008,-13214.656216076197,-16297.815634983464,1,0.024632421124852755
2020-04-24,8959.17131589459,2877.5577025267276,8867.973256198873,9016.646729330163,-1,0.0019236096478112419,3282.6717724710666,0,-0.0,-18775.400327968735,-13560.914525394921,-16110.423787623933,1,-0.0019236096478112419
2020-04-25,8986.187458892784,2028.6429341793792,8869.930863350111,9015.126619353046,-1,-0.003015473423336079,3144.9579932774477,0,0.0,-16746.757393789354,-13566.594762102086,-15967.309937747506,1,0.003015473423336079
2020-04-26,8983.068194196772,4662.038129181971,8870.407807978228,9014.82417299071,-1,0.00034711769705231266,3190.722846853611,0,-0.0,-21408.795522971326,-13992.713958151286,-15871.012403936737,1,-0.00034711769705231266
2020-04-27,8878.08504910681,4430.00470353101,8864.464301784723,9013.235888721583,-1,0.011686780376195194,3148.7146563132783,0,-0.0,-25838.800226502335,-14903.841815093916,-15808.92103723609,1,-0.011686780376195194
2020-04-28,8979.545830540048,2435.7496921230736,8863.570831892781,9012.843191918428,-1,-0.011428228145149877,3026.6944972643732,0,0.0,-23403.05053437926,-15936.989831085457,-15772.607433064282,-1,0.011428228145149877
2020-04-29,9047.066001825127,3972.027161353921,8867.108709488199,9012.11200833904,-1,-0.007519330326867912,3091.504381573563,0,0.0,-19431.02337302534,-16637.745015250788,-15787.103595125149,-1,-0.007519330326867912
2020-04-30,9118.631184169633,3835.1249393001062,8880.57724837666,9013.299601601431,-1,-0.007910319470430416,3196.8666250183746,0,0.0,-15595.898433725233,-17060.349948930925,-15710.193859938607,-1,-0.007910319470430416
2020-05-01,9035.707496131792,1963.678048846003,8891.760802863171,9013.385087812063,-1,0.009093874547947522,3066.517441294756,0,-0.0,-17559.576482571236,-17352.605698887444,-15565.867648411555,-1,0.009093874547947522
2020-05-02,9162.459886840357,2352.3388490864854,8910.791983283427,9017.2482546403,-1,-0.014027943109361285,3058.23229300553,0,0.0,-15207.23763348475,-17401.34241564609,-15347.459953060374,-1,-0.014027943109361285
2020-05-03,9034.01584553877,3428.2113009256063,8926.923695452713,9020.751175190933,-1,0.014018510627922698,3037.4377298634363,0,-0.0,-18635.448934410357,-17429.284569262636,-15132.411335021809,-1,0.014018510627922698
2020-05-04,9087.032608383353,2329.655663837537,8946.408756454875,9023.94277539725,-1,-0.005868570938002637,2995.1931745544675,0,0.0,-16305.79327057282,-17182.016601186464,-14908.243454536792,-1,-0.005868570938002637
2020-05-05,9286.080025372874,2721.9790763995643,8974.089106206786,9028.441085418874,-1,-0.021904556258099728,2997.412080495837,0,0.0,-13583.814194173256,-16932.529727168923,-14691.602162390509,-1,-0.021904556258099728
2020-05-06,9194.09802954085,2460.547888867428,8988.934822410834,9031.514571563388,-1,0.009905363251306976,2919.23431759587,0,-0.0,-16044.362083040684,-17007.27540493809,-14447.988675847095,-1,0.009905363251306976
2020-05-07,9142.032061142107,3734.638290838664,9000.400614759115,9032.213371705979,-1,0.005662977296027716,3039.726490576327,0,-0.0,-19779.000373879346,-17334.992738810666,-14325.568882536289,-1,0.005662977296027716
2020-05-08,9151.142220887787,4759.321697870456,9011.174178322999,9032.515520268149,-1,-0.000996513650876718,3059.383277937905,0,0.0,-15019.67867600889,-17643.053285321665,-14224.696246077647,-1,-0.000996513650876718
2020-05-09,9105.068447732066,1209.7914587979685,9019.97666533251,9033.031753828309,-1,0.005034756541162144,3012.661674430911,0,-0.0,-16229.47013480686,-17904.392228325672,-14082.314365816272,-1,0.005034756541162144
2020-05-10,8963.879480939544,2461.3132307985156,9030.286076040846,9030.648281633185,-1,0.015506634310661349,2877.941407661203,0,-0.0,-18690.783365605374,-18031.010904559967,-14004.190738665948,-1,0.015506634310661349
2020-05-11,8970.025383369702,1525.7381221170976,9041.018882038421,9026.032786734802,1,-0.0006856297480601903,2813.3373095350025,0,0.0,-17165.045243488275,-17940.451670456354,-13981.230894750437,-1,-0.0006856297480601903
2020-05-12,8874.736470599992,3809.253242280235,9046.72357353309,9019.8843569193,1,-0.010623037137261093,2929.551204335069,0,-0.0,-20974.29848576851,-18114.6038657807,-13971.524165355682,-1,0.010623037137261093
2020-05-13,8916.766550763574,3950.181343587751,9043.739977093426,9012.025927403529,1,0.004735924306351835,3047.3896738224753,0,0.0,-17024.11714218076,-18170.917591617635,-13929.17117876249,-1,-0.004735924306351835
2020-05-14,8834.7836381858,2102.0630846683353,9037.520593207988,9006.900262753235,1,-0.00919424234233801,3008.6149429295556,0,-0.0,-19126.180226849094,-18188.456586561653,-13897.661651797784,-1,0.00919424234233801
2020-05-15,8971.716989402901,5182.611272624846,9036.797069733493,9002.804470857462,1,0.01549934405017539,3166.313359851829,1,0.0,-13943.568954224247,-18048.297164583397,-13879.353540609764,-1,-0.01549934405017539
2020-05-16,8901.445720704312,3213.616446482764,9032.71594605887,8997.403765606445,1,-0.0078325329233625,3093.8922757168684,0,-0.0078325329233625,-17157.18540070701,-17835.71665847018,-13986.481402211664,-1,0.0078325329233625
2020-05-17,8872.777589651987,2867.071403502761,9032.45057308613,8991.985006293611,1,-0.003220615162056739,3015.745610715456,0,-0.0,-20024.25680420977,-17544.989487355553,-14103.072303182704,-1,0.003220615162056739
2020-05-18,8944.959163002724,4769.578264701587,9030.721239709263,8987.628605414058,1,0.008135172173696859,3132.4370393443814,0,0.0,-15254.678539508182,-17137.570887612,-14239.738289362589,-1,-0.008135172173696859
2020-05-19,8834.858852545734,1682.252635430543,9020.110882245293,8984.486906292359,1,-0.01230864316433955,3017.9483130482126,0,-0.0,-16936.931174938727,-17012.86627770767,-14354.86958981808,-1,0.01230864316433955
2020-05-20,8854.954616714102,790.5648718005658,9006.927053872516,8982.01049969039,1,0.0022745993460411285,2865.7203096732355,0,0.0,-16146.366303138162,-17040.389671178316,-14411.401622117299,-1,-0.0022745993460411285
2020-05-21,8970.701514381479,5085.518709009514,9003.676754785,8980.927328554613,1,0.013071427542824532,3021.8123426814113,1,0.0,-11060.847594128649,-16715.453226756184,-14402.01949085086,-1,-0.013071427542824532
2020-05-22,8826.498991515266,3171.8541268691783,8986.878710018747,8975.215149525146,1,-0.016074832345612355,3062.7881065705456,0,-0.016074832345612355,-14232.701720997828,-16666.72643113184,-14490.227635892395,-1,0.016074832345612355
2020-05-23,8842.795697176616,1134.6676038578003,8977.317702600638,8970.566605372582,1,0.0018463385853231262,2948.110921717155,0,0.0,-13098.034117140027,-16389.855690268323,-14522.837463041273,-1,-0.0018463385853231262
2020-05-24,8865.776601724117,1683.7548199717114,8966.254902267678,8967.530216770052,-1,0.0025988279424842275,2915.815879523864,0,0.0,-11414.279297168316,-16145.279991598098,-14443.871601994128,-1,-0.0025988279424842275
2020-05-25,8935.091270957077,4441.527250503617,8948.705464546887,8966.405718924549,-1,-0.007818228717773046,3001.793288229067,0,0.0,-6972.752046664698,-15814.726884222671,-14235.492320187874,-1,-0.007818228717773046
2020-05-26,8824.568595963368,2834.188836923944,8930.228992868013,8962.065682573511,-1,0.012369507108780708,3020.475335631893,0,-0.0,-9806.940883588642,-15502.855824250068,-14184.333395943324,-1,0.012369507108780708
2020-05-27,8708.043996361812,3839.879780074276,8908.529589628997,8955.28578719175,-1,0.013204566130842754,3025.737410093673,0,-0.0,-13646.820663662918,-15196.246838739247,-14278.217987599239,-1,0.013204566130842754
2020-05-28,8753.49489753103,1874.5010764857905,8888.64722346116,8950.068186544055,-1,-0.005219415656168902,2881.49637902444,0,0.0,-11772.319587177128,-15033.87888429766,-14319.988042026023,-1,-0.005219415656168902
2020-05-29,8779.491435748947,1488.256597294573,8872.368372862005,8944.508267312272,-1,-0.0029698467323318045,2895.4196359492703,0,0.0,-10284.062989882554,-14736.608527051445,-14399.309595344488,-1,-0.0029698467323318045
2020-05-30,8801.483434092226,1543.69684862343,8864.248570519638,8939.167435367357,-1,-0.0025049285034586255,2849.538816840516,0,0.0,-8740.366141259125,-14239.08766583413,-14501.904834811081,1,-0.0025049285034586255
2020-05-31,8831.976015858814,3068.3102911403184,8857.346102144094,8932.862160611183,-1,-0.0034644820949700783,2926.6674252916773,0,0.0,-5672.055850118806,-13664.438196165656,-14574.521924577224,1,0.0034644820949700783
2020-06-01,8771.91639554709,4175.547759100009,8852.205098391449,8926.633577907482,-1,0.0068002472157849825,2944.982151132666,0,-0.0,-9847.603609218815,-13108.103452338173,-14688.574172146087,1,-0.0068002472157849825
2020-06-02,8792.28949568762,3364.2751726100046,8845.981245637651,8921.243993073234,-1,-0.002322536971610001,2915.6868425837783,0,0.0,-6483.32843660881,-12581.064017059576,-14655.54594158447,1,0.002322536971610001
2020-06-03,8818.057275972213,3075.383133453536,8845.144927526973,8916.879592311278,-1,-0.0029307247329868336,2964.3528450230383,0,0.0,-3407.945303155274,-11795.152270874885,-14514.841127610485,1,0.0029307247329868336
2020-06-04,8755.06535877893,3368.952992379636,8834.312345995773,8913.68009302646,-1,0.007143514180263488,2873.669931010778,0,-0.0,-6776.898295534909,-11436.818737940417,-14350.570221541966,1,-0.007143514180263488
2020-06-05,8918.415136677091,959.146362563068,8835.160816794412,8912.761523610505,-1,-0.018657745111447577,2760.946426814793,0,0.0,-5817.751932971842,-10869.84706455366,-14232.759227058375,1,0.018657745111447577
2020-06-06,8960.673523618247,7323.632959431359,8839.555613492725,8912.156829454527,-1,-0.004738329209117875,2983.774504611223,0,0.0,1505.8810264595177,-9793.340173020195,-14080.723825156554,1,0.004738329209117875
2020-06-07,8853.924706558471,4543.249896210492,8835.003890670512,8909.765320757519,-1,0.011913034972026448,2972.458086186668,-1,-0.0,-3037.368869750974,-9182.474689532335,-14085.67846940993,1,-0.011913034972026448
2020-06-08,8912.055468725104,3715.112321010178,8838.863721479482,8908.694437737659,-1,-0.006565536086338364,3074.10107046565,0,-0.006565536086338364,677.743451259204,-8301.740958222439,-13984.117417060299,1,0.006565536086338364
2020-06-09,8825.191297630949,5109.261220166106,8837.375555525325,8908.293285924834,-1,0.009746816702273287,3290.0358878839274,0,-0.0,-4431.517768906902,-7715.998531510874,-13938.912717206706,1,-0.009746816702273287
2020-06-10,8894.653019585421,1648.8490820609704,8833.57313078552,8909.670229477897,-1,-0.007870846037424606,3118.2024065365,0,0.0,-2782.668686845932,-7302.089586146739,-13790.049503930122,1,0.007870846037424606
2020-06-11,8997.706076238386,2982.52989500125,8842.133485021677,8913.268059441285,-1,-0.011585955790073932,3108.736194943104,0,0.0,199.8612081553183,-6580.461439689081,-13549.510095489004,1,0.011585955790073932
2020-06-12,8923.86349341344,2879.454186229056,8846.186874833518,8916.809424295623,-1,0.008206823183517065,3195.9755240616664,0,-0.0,-2679.592978073738,-6059.5393827357675,-13292.89321408891,1,-0.008206823183517065
2020-06-13,9009.833864115335,2012.4469563256378,8853.389737953079,8922.017798891877,-1,-0.00963376129244331,3212.4101308793624,0,0.0,-667.1460217481001,-5522.1827189647565,-12949.826437249774,1,0.00963376129244331
2020-06-14,9047.02473985507,5369.2086938993125,8858.986411397978,8927.260327383883,-1,-0.004127809269365068,3258.7942030491477,0,0.0,4702.062672151213,-4938.44198302396,-12561.899531471852,1,0.004127809269365068
2020-06-15,9121.396725906263,1546.44529007638,8873.827817895124,8930.99721105799,-1,-0.008220601599944866,3194.407025706769,0,0.0,6248.5079622275925,-4135.669540733148,-12215.266923307101,1,0.008220601599944866
2020-06-16,9294.41073892328,1154.5193471493965,8903.146155023196,8937.358786470437,-1,-0.018967929826539498,3060.139004060525,0,0.0,7403.027309376989,-3083.1771420811538,-11871.472239877023,1,0.018967929826539498
2020-06-17,9271.603359517467,1285.7950413328858,8929.051578122519,8942.957659968893,-1,0.002453881160028759,3030.7037023028797,0,-0.0,6117.232268044103,-2188.699549320092,-11621.877239646472,1,-0.002453881160028759
2020-06-18,9201.719931980999,4713.565615360596,8950.163002934121,8947.50268037621,1,0.007537361643574991,3191.969153206181,0,-0.0,1403.666652683507,-1604.3130671917893,-11415.104607522966,1,-0.007537361643574991
2020-06-19,9119.8693054123,4016.4007801941893,8966.082296500124,8953.538981020201,1,-0.008895144296255264,3315.604349784719,0,-0.0,-2612.7341275106824,-1297.9314665043669,-11189.343345632822,1,-0.008895144296255264
2020-06-20,9045.468473643341,2033.0469674349947,8976.75691938935,8958.373967857291,1,-0.008158102849654236,3263.841183599453,0,-0.0,-4645.781094945677,-1246.6177287457103,-10950.502531789241,1,-0.008158102849654236
2020-06-21,9038.494262825649,3128.8886145525807,8990.08581275328,8963.00482822594,1,-0.0007710170941409578,3211.5082263720815,0,-0.0,-7774.669709498257,-1142.9710337596825,-10788.559450626186,1,-0.0007710170941409578
2020-06-22,9069.329264496966,2758.9920416799264,9003.937801193746,8964.55300797494,1,0.003411519748166336,3181.2440698255773,0,0.0,-5015.6776678183305,-1069.5884953201587,-10607.19003466579,1,0.003411519748166336
2020-06-23,9094.423264132774,5166.099738485279,9017.756100601775,8966.807207112242,1,0.0027669079933001495,3285.7799000771643,0,0.0,150.42207066694846,-891.6701266290477,-10291.759661355196,1,0.0027669079933001495
2020-06-24,9169.650809970115,6035.643922413217,9038.485373161333,8969.8649296302,1,0.00827183249036012,3419.1144465788434,0,0.0,6186.065993080166,-243.52191219829382,-9909.545938240704,1,0.00827183249036012
2020-06-25,9170.84303805401,2822.815159791711,9051.106768230178,8972.994510361155,1,0.00013001891877917338,3512.2978864402758,0,0.0,9008.881152871876,497.80974209389205,-9402.584660309984,1,0.00013001891877917338
2020-06-26,9304.144366774735,1133.1475248352783,9068.280310388003,8980.095498988952,1,0.014535340771573146,3202.773614710472,0,0.0,10142.028677707154,929.6171246562739,-8802.904178573159,1,0.014535340771573146
2020-06-27,9279.52031293374,5057.205614097075,9089.560090706767,8985.095073695515,1,-0.0026465683323796396,3228.471400604801,0,-0.0,5084.823063610079,1335.7267213243265,-8328.106285273336,1,-0.0026465683323796396
2020-06-28,9531.938963293585,5265.450492446193,9120.554265435192,8993.176289719988,1,0.027201691665896366,3305.9883091766014,1,0.0,10350.273556056272,1819.35322656418,-7831.751336455308,1,0.027201691665896366
2020-06-29,9591.577192995805,3085.4682271387833,9158.873560203432,9001.058723200424,1,0.006256673477650132,3204.7986595252355,0,0.006256673477650132,13435.741783195055,2712.7162041692777,-7347.8906661733035,1,0.006256673477650132
2020-06-30,9509.36226430654,3393.9563583985055,9189.60902243949,9008.952969336671,1,-0.008571575564162992,3292.0540233421125,0,-0.0,10041.78542479655,3353.9389097514018,-6887.867967717175,1,-0.008571575564162992
2020-07-01,9407.527217204626,5185.999329148881,9210.100079487802,9013.037424842742,1,-0.010708924980611156,3402.227495049494,-1,-0.0,4855.786095647669,3586.735154126019,-6553.484238898301,1,-0.010708924980611156
2020-07-02,9452.915940984134,5074.872065591072,9236.552701866338,9020.019093100163,1,0.004824724152431958,3511.998389017595,0,-0.004824724152431958,9930.658161238742,4217.247711091643,-6077.382453970816,1,0.004824724152431958
2020-07-03,9431.792191727898,1157.994169191237,9257.650618246964,9025.765086155907,1,-0.002234627853258675,3469.275749660874,0,-0.0,8772.663992047505,4689.238211781424,-5659.408166260477,1,-0.002234627853258675
2020-07-04,9499.135234578574,4033.760333486214,9280.25614298314,9029.316006309333,1,0.00714000494092093,3402.5033316402196,0,0.0,12806.424325533719,5094.456294450549,-5219.570857598694,1,0.00714000494092093
2020-07-05,9544.088716517723,1472.4569551461211,9301.390742513711,9035.149184425616,1,0.004732376245735415,3398.8039148937073,0,0.0,14278.88128067984,5495.974960373162,-4714.183468203352,1,0.004732376245735415
2020-07-06,9537.137860482477,3026.2701561588383,9313.527098591674,9041.73428108129,1,-0.0007282891265686375,3492.391455344179,0,-0.0,11252.611124521001,5688.454151130362,-4196.989943230013,1,-0.0007282891265686375
2020-07-07,9456.377976196387,5024.970816775193,9322.76582942562,9046.821543669765,1,-0.00846793718068417,3679.350244116294,0,-0.0,6227.640307745808,5693.974553115448,-3842.867960167435,1,-0.00846793718068417
2020-07-08,9313.12829686817,2285.869120567458,9328.336247669979,9050.289207822034,1,-0.01514847224685878,3557.9654193766373,0,-0.0,3941.77118717835,5820.879779840188,-3506.6806048010144,1,-0.01514847224685878
2020-07-09,9271.543786517468,4132.048789774707,9335.919971725236,9055.416946248331,1,-0.004465149520670231,3563.747819855663,0,-0.0,-190.27760259635716,5942.002606085905,-3198.3388420841975,1,-0.004465149520670231
2020-07-10,9350.945175720377,2233.623493014104,9351.193806829087,9061.765609454178,1,0.008563987943234874,3573.776646134619,0,0.0,2043.345890417747,6276.458955354077,-2878.1989898524307,1,0.008563987943234874
2020-07-11,9370.964964358638,2611.875990115613,9367.817341905738,9070.036084350157,1,0.002140937441301949,3547.926014912771,0,0.0,4655.22188053336,6897.953534855657,-2451.0403170807326,1,0.002140937441301949
2020-07-12,9254.227219858109,1838.9169374056034,9377.062239673794,9075.660428835063,1,-0.012457387787119911,3501.922259699054,0,-0.0,2816.304943127756,7289.552665402962,-2120.366615658924,1,-0.012457387787119911
2020-07-13,9270.25377623783,1752.550003797107,9385.853765279046,9082.918264469265,1,0.001731809258511685,3331.2447729646456,0,0.0,4568.854946924863,7510.474309215858,-1725.4493627626914,1,0.001731809258511685
2020-07-14,9305.973675182646,6909.515074394327,9392.669908539674,9088.48920923226,1,0.003853173797288667,3374.938330563701,0,0.0,11478.37002131919,7775.089510627809,-1301.7503798369673,1,0.003853173797288667
2020-07-15,9223.722134843623,1229.6291662476976,9395.313863379155,9093.860482801249,1,-0.008838574362011409,3295.2790308865005,0,-0.0,10248.740855071492,7837.08249573779,-844.984942240659,1,-0.008838574362011409
2020-07-16,9237.901311467533,4122.849715123565,9392.001710613793,9099.94587816484,1,0.0015372510594553468,3444.7641404009146,0,0.0,14371.590570195058,8048.560590362185,-271.72081933391195,1,0.0015372510594553468
2020-07-17,9243.278575432245,1603.855695152975,9390.18962373872,9104.917868372,1,0.0005820871844601783,3272.09664445371,0,0.0,15975.446265348033,8593.091750449083,248.78126074702496,1,0.0005820871844601783
2020-07-18,9137.630646769312,5705.626502546423,9370.474207912504,9109.964064942393,1,-0.011429702978306255,3294.105444958721,-1,-0.0,10269.81976280161,8589.069060786349,702.2271097093638,1,-0.011429702978306255
2020-07-19,9170.323934258764,1488.6063684927606,9349.411544975654,9115.220220234803,1,0.0035778736034828285,3214.26235202642,0,-0.0035778736034828285,11758.42613129437,8505.203278191315,1167.3069836165728,1,0.0035778736034828285
2020-07-20,9221.74969189993,1285.6990675146083,9335.030916355323,9119.40435652678,1,0.005607845263682298,3108.8494874822254,0,0.0,13044.125198808979,8655.320266891937,1569.0565301655333,1,0.005607845263682298
2020-07-21,9321.625966580563,2324.9275423765184,9330.73585382412,9127.656472777866,1,0.010830512431752704,2965.7958981436072,0,0.0,15369.052741185496,9180.983599168827,2062.4191045352554,1,0.010830512431752704
2020-07-22,9419.857452299408,1034.5942376617265,9329.082929389882,9137.274168696578,1,0.010538020520349134,2763.78200674714,0,0.0,16403.646978847224,9504.633040049253,2554.113789468376,1,0.010538020520349134
2020-07-23,9290.082961673856,1124.954755221291,9321.997467887182,9144.345941362408,1,-0.013776693679570906,2762.1300360486425,0,-0.0,15278.692223625932,9829.934451628174,2998.9966481482797,1,-0.013776693679570906
2020-07-24,9202.95823743039,1859.9104735952496,9307.188618029772,9148.810390803632,1,-0.009378250399151189,2653.437543054094,0,-0.0,13418.781750030683,9860.552322853022,3338.85554475987,1,-0.009378250399151189
2020-07-25,9250.356717979641,438.16757786352895,9292.50201810287,9155.906859503903,1,0.005150352672086633,2601.723074189965,0,0.0,13856.949327894212,9839.455725213742,3733.2537149512505,1,0.005150352672086633
2020-07-26,9297.883751205884,2210.7424546012007,9280.539312639037,9165.737522084637,1,0.005137859509122045,2560.946689112083,0,0.0,16067.691782495413,10080.209758112462,4228.4955890538895,1,0.005137859509122045
2020-07-27,9345.772286341895,3808.9224460778337,9275.009028146314,9175.608811898152,1,0.00515047686306036,2500.1442705772147,0,0.0,19876.614228573246,10762.658454153834,4755.977819316397,1,0.00515047686306036
2020-07-28,9705.839798262672,1636.5463840877462,9294.644603216038,9191.04795127338,1,0.03852731490654726,2467.6781337532293,0,0.0,21513.16061266099,11641.227925427966,5285.931546025456,1,0.03852731490654726
2020-07-29,9761.249516654034,3505.7800193584067,9319.129889722866,9207.04405264941,1,0.005708905106931672,2436.3646952324143,0,0.0,25018.9406320194,12901.688837158752,5848.586658913429,1,0.005708905106931672
2020-07-30,9872.094912217453,1325.3931701208382,9345.187376547721,9224.37936758872,1,0.011355656401806247,2390.953179087751,0,0.0,26344.333802140238,14116.738232744878,6382.193153117748,1,0.011355656401806247
2020-07-31,9966.27487177373,2872.0293199218713,9374.952871918476,9244.285342192497,1,0.009540017634932063,2403.960845578064,0,0.0,29216.36312206211,15344.795294821315,7033.259265305764,1,0.009540017634932063
2020-08-01,10031.194314369553,4431.28229764783,9413.801226644047,9264.933755837197,1,0.006513912513057996,2533.5791135901754,0,0.0,33647.64541970994,16886.362318650423,7702.108829577743,1,0.006513912513057996
2020-08-02,9999.569043826235,2766.927051594231,9450.266990023469,9284.625618634764,1,-0.0031526924464034822,2584.297965980031,0,-0.0,30880.718368115708,18201.955489709966,8273.586557432258,1,-0.0031526924464034822
2020-08-03,10075.46269505085,2085.2828487346237,9488.741441016879,9306.632240905961,1,0.007589692204932774,2343.0863546970463,0,0.0,32966.00121685033,19276.337049486523,8935.968215972012,1,0.007589692204932774
2020-08-04,9997.59697886217,2483.8986959185004,9527.435183217805,9324.61860494238,1,-0.007728252145375758,2405.7998311805864,0,-0.0,30482.102520931832,20288.00513277954,9540.965790203742,1,-0.007728252145375758
2020-08-05,9973.920808989347,2511.6313990783487,9564.236158093898,9341.506059698564,1,-0.00236818606740008,2325.2389153783256,0,-0.0,27970.471121853483,20967.94916036246,9982.04229179364,1,-0.00236818606740008
2020-08-06,9925.511033093171,2598.2891654261593,9598.347780976943,9359.365831807478,1,-0.004853635478291096,2374.9605888919846,0,-0.0,25372.181956427325,21437.785944916428,10455.534805563278,1,-0.004853635478291096
2020-08-07,9933.63745983121,3603.631386196981,9638.148121630038,9376.392198325913,1,0.000818741393863176,2269.860833074513,0,0.0,28975.813342624308,22373.08562390756,10927.169303752695,1,0.000818741393863176
2020-08-08,10163.567250277481,3448.2118328223646,9687.810287430973,9398.698464203355,1,0.023146585666734998,2367.841106290993,0,0.0,32424.025175446674,23406.365576115175,11541.428352825256,1,0.023146585666734998
2020-08-09,9973.786496687395,3631.7975110734933,9725.412127670348,9416.684022155054,1,-0.018672651925917605,2485.1460284689374,0,-0.0,28792.227664373182,24193.770699393386,12067.676625345575,1,-0.018672651925917605
2020-08-10,10042.23262288711,4122.887410649674,9761.442460485674,9434.092797932532,1,0.0068626019037452135,2575.0440218825947,0,0.0,32915.115075022855,25071.073816085256,12612.930856460034,1,0.0068626019037452135
2020-08-11,9880.279943556025,7077.055687754694,9784.463585048505,9450.033072101574,1,-0.016127158711896517,2877.1670943872437,-1,-0.0,25838.05938726816,25542.7944365063,13088.225062549065,1,-0.016127158711896517
2020-08-12,9833.651754073182,3815.0397983328367,9811.642024668472,9463.76337026754,1,-0.0047193186578943225,3011.671346542821,0,0.0047193186578943225,22023.019588935324,25880.010804771773,13466.39448939379,1,-0.0047193186578943225
2020-08-13,9940.735363552853,2334.2994468556726,9848.530880974595,9478.658547329169,1,0.010889505969673419,3035.390795205842,0,0.0,24357.319035790995,26426.937669059786,13793.982095454452,1,0.010889505969673419
2020-08-14,9947.125270142773,1308.5643440241251,9883.36930858275,9492.420689733111,1,0.0006428001909546399,3078.9106335138717,0,0.0,25665.88337981512,27017.38437165583,14117.605019080911,1,0.0006428001909546399
2020-08-15,9839.920646989724,2333.0023266419034,9910.471153371942,9501.51252153422,1,-0.010777447779293015,3085.023627115907,0,-0.0,23332.881053173216,27380.643835189723,14383.102581477515,1,-0.010777447779293015
2020-08-16,9769.535329613567,3183.8488382367277,9931.659305535526,9509.811387702484,1,-0.0071530370925998454,3053.7699467238517,0,-0.0,20149.032214936487,27394.26473450788,14616.965913925722,1,-0.0071530370925998454
2020-08-17,9835.928871794998,4058.194883737467,9938.163759212144,9520.381536699388,1,0.006795977489346683,3174.852371706337,0,0.0,24207.227098673953,27528.968058808532,14997.02525469223,1,0.006795977489346683
2020-08-18,9764.090529395975,3858.09365982702,9938.30580984924,9531.118557099115,1,-0.007303666317171498,3192.468053729768,0,-0.0,20349.133438846933,27295.477699149906,15379.723047464857,1,-0.007303666317171498
2020-08-19,9785.225742041412,787.1868353762627,9933.962351340439,9543.447844905748,1,0.002164585895819693,3165.5577369925395,0,0.0,21136.320274223195,27035.077022754056,15809.424736951003,1,0.002164585895819693
2020-08-20,9789.685049450802,2351.1301318013666,9925.13286022429,9555.967691349502,1,0.0004557183990381297,3139.512777586514,0,0.0,23487.45040602456,26748.631386952176,16330.460072209717,1,0.0004557183990381297
2020-08-21,9725.895427639067,7164.63596732425,9909.867915887768,9566.910460735204,1,-0.006516003476058074,3276.1804610703352,0,-0.0,16322.81443870031,25882.389837901697,16686.10160731836,1,-0.006516003476058074
2020-08-22,9934.413187793896,3949.922816912863,9906.61012308615,9580.910292796221,1,0.021439440893253225,3335.3302493362667,0,0.0,20272.737255613174,25351.99078227657,17021.473527067465,1,0.021439440893253225
2020-08-23,9997.38932274699,546.6449075765169,9902.706454470957,9594.705934675838,1,0.006339190223180191,3258.398352278361,0,0.0,20819.38216318969,24744.65982959354,17265.362129902624,1,0.006339190223180191
2020-08-24,9794.927934018082,5688.640433840477,9892.573002228753,9605.10734960857,1,-0.02025142586657591,3418.63543917446,-1,-0.0,15130.741729349213,23977.091790014405,17367.39313951058,1,-0.02025142586657591
2020-08-25,9813.190999779614,2027.0715794345022,9884.536511768267,9613.591460158652,1,0.001864543147694242,3394.4074481922676,0,-0.001864543147694242,17157.813308783716,23436.45889936092,17484.322883361852,1,0.001864543147694242
2020-08-26,9748.248629981203,5808.147242000919,9875.673391612667,9621.40359877611,1,-0.00661786464768388,3554.9003520210063,0,-0.0,11349.666066782796,22735.333104878693,17588.736933414733,1,-0.00661786464768388
2020-08-27,9831.34595086198,4261.694030538135,9870.558816164206,9626.393715235583,1,0.00852433334796232,3587.8034842380634,0,0.0,15611.360097320932,22067.110442613524,17676.421709102477,1,0.00852433334796232
2020-08-28,9753.430495334336,4035.232806048337,9850.051978417048,9629.09127027456,1,-0.007925207384326893,3617.1545328993625,0,-0.0,11576.127291272594,21024.71554840482,17645.428134237103,1,-0.007925207384326893
2020-08-29,9742.239756263041,5021.273722019939,9838.474641395831,9632.972561807166,1,-0.0011473644146691164,3686.6283434466845,0,-0.0,6554.853569252656,19912.846843648796,17587.31260331137,1,-0.0011473644146691164
2020-08-30,9791.436827719946,2806.3139040609312,9825.934851637474,9639.371055315754,1,0.00504987278980451,3620.799668117247,0,0.0,9361.167473313588,18735.14946356333,17662.402292939136,1,0.00504987278980451
2020-08-31,9876.206700639817,3459.569992510426,9825.731189491662,9646.425901310018,1,0.008657551941701147,3439.9253833550333,0,0.0,12820.737465824013,18084.283367491123,17710.57028134889,1,0.008657551941701147
2020-09-01,9757.662946458635,3277.0109488041708,9821.931749110936,9651.857080555528,1,-0.012002964070557898,3413.0239408786,0,-0.0,9543.726517019843,17460.31871389535,17723.421323431765,-1,-0.012002964070557898
2020-09-02,9725.023443313537,2418.551506277949,9811.14615309897,9655.621884034446,1,-0.0033450123584093383,3417.2365438497145,0,-0.0,7125.175010741894,16598.711512642894,17628.733834851897,-1,0.0033450123584093383
2020-09-03,9678.834900460215,612.3643507541391,9797.731634614842,9657.86765376682,1,-0.0047494531116096805,3382.4265441862144,0,-0.0,6512.810659987755,15641.057876651528,17499.299324507032,-1,0.0047494531116096805
2020-09-04,9615.600242682964,1282.305666732434,9786.515614399505,9659.17536013683,1,-0.006533292325736961,3329.8917111907417,0,-0.0,5230.504993255321,14735.939073655632,17398.93088898594,-1,0.006533292325736961
2020-09-05,9785.35926489589,3992.6810685071705,9787.30681116362,9664.658381615154,1,0.017654542402810947,3370.333322704264,0,0.0,9223.186061762492,14189.646765996931,17448.856651552884,-1,-0.017654542402810947
2020-09-06,9824.98818027054,2784.6162895218918,9786.759776587398,9673.18937967186,1,0.004049817109609499,3306.654392993485,0,0.0,12007.802351284383,13579.675528627453,17583.290504287983,-1,-0.004049817109609499
2020-09-07,9701.106480790193,7029.4735231250415,9783.610574157108,9680.348757909738,1,-0.01260883954335057,3465.223386158386,-1,-0.0,4978.328828159341,12811.135298093073,17669.433944800578,-1,0.01260883954335057
2020-09-08,9790.14924562063,3877.8104515308573,9783.856749336068,9687.668825741412,1,0.009178619470547655,3619.754566966116,0,-0.009178619470547655,8856.139279690198,12197.126248366421,17782.98050128845,-1,-0.009178619470547655
2020-09-09,9997.911504533355,4283.518836940675,9794.268072090197,9698.11793474432,1,0.021221561970126368,3716.3740022230813,0,0.0,13139.658116630873,11679.736633896739,17924.387771890077,-1,-0.021221561970126368
2020-09-10,10101.136467598306,3485.207803413289,9813.030124088158,9712.233088873325,1,0.010324652605511186,3532.402594027533,0,0.0,16624.86592004416,11694.839207963932,18154.530454838685,-1,-0.010324652605511186
2020-09-11,9947.66283388959,6222.586554749876,9813.692606392944,9723.523239834187,1,-0.015193699659540094,3646.035780919384,-1,-0.0,10402.279365294286,11201.316313447987,18251.754195144844,-1,0.015193699659540094
2020-09-12,9899.492860994043,3682.1775022360434,9808.797783305296,9733.415226264378,1,-0.00484234072866252,3802.81241065236,0,0.00484234072866252,6720.101863058242,10496.352298441414,18172.449725840488,-1,0.00484234072866252
2020-09-13,10024.910639762911,2344.5278766304255,9820.296918592536,9746.768368013032,1,0.012669111491866225,3635.6067827918573,0,0.0,9064.629739688668,10193.046698958387,18152.71454058411,-1,-0.012669111491866225
2020-09-14,9953.967408209743,336.0571640839942,9827.335739014043,9758.702802958735,1,-0.007076694656187654,3551.056062024332,0,-0.0,8728.572575604674,9771.584662299434,18058.664240674272,-1,0.007076694656187654
2020-09-15,9998.145049438719,4237.875805781241,9839.83055998692,9771.283910858843,1,0.004438194281462193,3472.542490213348,0,0.0,12966.448381385915,9852.423778029592,18008.51427594157,-1,-0.004438194281462193
2020-09-16,10075.594085702933,2102.5349498290716,9852.042966728968,9786.91663484107,1,0.007746340534293461,3364.5845361778947,0,0.0,15068.983331214986,9825.304939724294,18088.500335415127,-1,-0.007746340534293461
2020-09-17,9982.200333930034,2755.688517059107,9863.481458658753,9800.447908168924,1,-0.009269304715780802,3300.6073217284334,0,-0.0,12313.294814155879,9862.16331586846,18097.74814679615,-1,0.009269304715780802
2020-09-18,9976.25839363846,2999.7061318678184,9875.182390527521,9813.0230531979,1,-0.0005952535606179588,3199.5289422208275,0,-0.0,9313.58868228806,10000.100071520228,18035.572538187473,-1,0.0005952535606179588
2020-09-19,9652.901188564556,4767.109038812929,9868.255608569754,9818.544306897635,1,-0.03241267340069087,3297.5686989584274,0,-0.0,4546.4796434751315,9759.365680028306,17855.196319892297,-1,0.03241267340069087
2020-09-20,9554.01806175869,2139.131475972746,9852.146176625698,9820.780317055289,1,-0.0102438764133429,3231.5467731315434,0,-0.0,2407.3481675023854,9238.696215112224,17621.924673036552,-1,0.0102438764133429
2020-09-21,9529.887654956337,1676.8791441584322,9840.757412050583,9824.77706194333,1,-0.0025256815139316213,3151.5401828992567,0,-0.0,730.4690233439533,8798.03334042843,17379.454286365184,-1,0.0025256815139316213
2020-09-22,9410.975319537647,4174.827562599797,9825.055005861786,9828.244013311783,-1,-0.012477831819648566,3239.353985715349,0,-0.0,-3444.3585392558434,8269.556662928542,17098.40194821041,-1,0.012477831819648566
2020-09-23,9564.601144463997,3182.4624406206385,9819.343318061978,9833.481420419856,-1,-0.01632411303931658,3367.858890208674,0,0.0,-261.8960986352049,7930.821324997395,16863.08785776825,-1,-0.01632411303931658
2020-09-24,9427.813825860121,5317.067954589966,9809.953997220835,9835.646921664094,-1,0.014301413779606365,3569.597004601551,0,-0.0,-5578.964053225171,7390.347872673371,16502.31026050624,-1,0.014301413779606365
2020-09-25,9386.327250903367,2801.3641286723623,9790.002396521208,9836.32283774012,-1,0.004400444866969888,3510.03115760981,0,-0.0,-8380.328181897534,6510.172160490369,16031.361220331726,-1,0.004400444866969888
2020-09-26,9398.598989337159,5569.750941007836,9768.68293697454,9831.202157591359,-1,-0.0013074057728608146,3649.2878901841077,0,0.0,-2810.5772408896974,5769.253180881665,15625.965589439216,-1,-0.0013074057728608146
2020-09-27,9534.058486116914,2797.456507451562,9760.330537240876,9827.41564041574,-1,-0.01441273289066114,3437.6870394004336,0,0.0,-13.120733438135176,5519.680702801792,15208.764566681592,-1,-0.01441273289066114
2020-09-28,9397.16254884345,6335.793887235327,9740.681202402016,9819.500101026175,-1,0.014358621511794456,3560.5862111856572,-1,-0.0,-6348.914620673462,4759.428007783608,14663.87709296803,-1,0.014358621511794456
2020-09-29,9506.466937342677,4247.745704102082,9716.108974042483,9811.836635452322,-1,-0.011631637521549498,3558.797554543727,0,-0.011631637521549498,-2101.1689165713806,3997.386656123496,14141.91822565747,-1,-0.011631637521549498
2020-09-30,9507.439739905183,3892.69392482688,9686.424137657827,9803.107392544583,-1,-0.00010233061019593315,3579.171860614407,0,0.0,1791.5250082554994,3255.719610534062,13610.982885466563,-1,-0.00010233061019593315
2020-10-01,9414.123396364843,5794.4377200263125,9659.747165781588,9793.349965086894,-1,0.009815086510479576,3557.7644188782288,0,-0.0,-4002.912711770813,2535.4600066808075,13029.589034135122,-1,0.009815086510479576
2020-10-02,9457.626387650876,1780.6738079741704,9637.653842114432,9783.052693296895,-1,-0.004621034742632757,3462.689234165134,0,0.0,-2222.2389037966427,2088.342968338063,12443.118365457673,-1,-0.004621034742632757
2020-10-03,9476.452709946612,1328.3589007390954,9610.230945623616,9774.366955481635,-1,-0.0019905969557347802,3411.880785370568,0,0.0,-893.8800030575474,1590.4174812007527,11920.185323391184,-1,-0.0019905969557347802
2020-10-04,9419.57344142554,3132.978958912485,9583.511247284407,9765.127832688906,-1,0.00600216877158799,3551.7268751119927,0,-0.0,-4026.8589619700324,952.6459043220173,11386.896488660792,-1,0.00600216877158799
2020-10-05,9426.14850008482,1248.6212784630968,9554.911419816712,9756.80512380543,-1,-0.0006980208499001161,3402.264148746086,0,0.0,-2778.2376835069354,165.41160107737483,10917.72282799522,-1,-0.0006980208499001161
2020-10-06,9389.828268253614,2829.244981772133,9520.623128944244,9747.74163727914,-1,0.0038531359686174715,3438.5996503432384,0,-0.0,-5607.482665279069,-868.4116987473278,10341.33456119683,-1,0.0038531359686174715
2020-10-07,9400.487352027387,2419.758624167201,9491.537479849114,9735.02363897497,-1,-0.0011351734525124613,3421.803155698644,0,0.0,-3187.724041111868,-1643.4626415107152,9747.80540758752,-1,-0.0011351734525124613
2020-10-08,9462.730862339633,2921.4094683177677,9465.86110328417,9726.506045069174,-1,-0.006621306745210553,3417.8883225211407,0,0.0,-266.31457279410006,-2122.4578042648236,9263.4963703014,-1,-0.006621306745210553
2020-10-09,9612.811365082915,1996.5021298219956,9463.856612110088,9719.349024105772,-1,-0.015860168161453414,3279.357977071594,0,0.0,1730.1875570278955,-2263.2724085871846,8743.747578334818,-1,-0.015860168161453414
2020-10-10,9493.822496132929,5432.170484875545,9460.8468338288,9712.90806664872,-1,0.012378154988268553,3444.009927516734,-1,-0.0,-3701.98292784765,-2568.738963354687,8251.413539749554,-1,0.012378154988268553
2020-10-11,9696.32889850607,2360.9868098024826,9469.168896006287,9710.619352389269,-1,-0.02133033374656268,3478.215310798937,0,-0.02133033374656268,-1340.9961180451673,-2672.3122204241427,7862.0132779665455,-1,-0.02133033374656268
2020-10-12,9507.048045076757,3899.177363484613,9473.972532283244,9703.391230414667,-1,0.019520877995225172,3464.4328008431776,0,-0.0,-5240.1734815297805,-2762.1029675378395,7368.721736011199,-1,0.019520877995225172
2020-10-13,9492.61776316646,1970.543390737539,9470.373363218367,9695.816105298394,-1,0.0015178509503557258,3403.836848349022,0,-0.0,-7210.71687226732,-3109.5440062194452,6820.778398476492,-1,0.0015178509503557258
2020-10-14,9548.464466812979,3710.0715331683546,9476.405895266009,9690.958502295449,-1,-0.0058831720648457875,3323.487027277942,0,0.0,-3500.645339098965,-3005.6280705131353,6373.552958605288,-1,-0.0058831720648457875
2020-10-15,9575.29487545829,2495.0114801829595,9485.854276493756,9687.721161392863,-1,-0.0028099186773500318,3308.1693948534717,0,0.0,-1005.6338589160055,-2636.8933543640587,6020.975190707747,-1,-0.0028099186773500318
2020-10-16,9515.669560247406,1743.8599911821161,9491.707805039268,9682.3835062004,-1,0.006226995198205798,3116.8748473621863,0,-0.0,-2749.4938500981216,-2633.83918482448,5571.696508228212,-1,0.006226995198205798
2020-10-17,9495.865334622058,5649.309571515281,9489.798147464526,9677.913086287503,-1,0.0020812225035726772,3259.467500565372,0,-0.0,-8398.803421613404,-3053.123319233243,5092.5642272205405,-1,0.0020812225035726772
2020-10-18,9449.050629768426,3928.6879699234655,9492.392551510773,9672.31016774962,-1,0.004930009346588493,3139.112204699779,0,-0.0,-12327.491391536869,-3352.0521577764134,4534.834032791206,-1,0.004930009346588493
2020-10-19,9393.361255490756,5069.2023129353065,9486.737267418179,9665.704771183619,-1,0.0058936475694421064,3180.18503514144,0,-0.0,-17396.693704472174,-4116.828397171454,3853.431630949594,-1,0.0058936475694421064
2020-10-20,9473.167449698167,6524.844861501065,9485.023652907827,9661.492638217936,-1,-0.008496020970210294,3311.7925819751495,0,0.0,-10871.84884297111,-4749.997089732784,3400.187242921737,-1,-0.008496020970210294
2020-10-21,9506.98812450499,2003.8924744008193,9489.666889314834,9654.368887163122,-1,-0.0035701548596505095,3122.2653196938745,0,0.0,-8867.95636857029,-4993.249272572758,2914.509015852012,-1,-0.0035701548596505095
2020-10-22,9441.113291570004,4776.24226602087,9488.84123451079,9645.09761997684,-1,0.00692909595260649,3272.0437425962095,0,-0.0,-13644.198634591161,-5564.347259112484,2340.116002555665,-1,0.00692909595260649
2020-10-23,9526.045534980478,3680.702745829022,9491.320875762483,9640.616246659545,-1,-0.008995998754332435,3389.660934850706,0,0.0,-9963.49588876214,-6017.828053397714,1921.8787089204757,-1,-0.008995998754332435
2020-10-24,9555.31902726796,3047.193656186047,9498.108155054604,9636.318380451017,-1,-0.0030729952087660273,3385.371669714384,0,0.0,-6916.302232576092,-6162.300216928016,1520.6434498978122,-1,-0.0030729952087660273
2020-10-25,9632.990595974832,1292.9306830517162,9508.450259849105,9634.397413217579,-1,-0.008128621188389529,3387.5871399438156,0,0.0,-5623.371549524376,-6304.556910228888,1237.7594896260262,-1,-0.008128621188389529
2020-10-26,9693.642683106878,1421.5460857841285,9523.640980591768,9632.102358754993,-1,-0.006296288419236129,3317.202195144415,0,0.0,-4201.825463740248,-6234.2740501519465,907.5397302750064,-1,-0.006296288419236129
2020-10-27,9613.28286888731,4774.994118892923,9534.280756434764,9629.766564980875,-1,0.008289950109220623,3434.9639698807005,0,-0.0,-8976.819582633172,-6523.728827228013,564.9906157099101,-1,0.008289950109220623
2020-10-28,9559.431080915301,2358.0516343276754,9539.11576736355,9626.719753725081,-1,0.005601810401969609,3406.796078181196,0,-0.0,-11334.871216960848,-7077.156659436349,266.82853593968514,-1,0.005601810401969609
2020-10-29,9630.868098069146,3333.343420676223,9540.01860401286,9624.0436082309,-1,-0.007472936051232448,3473.6381427239075,0,0.0,-8001.527796284625,-7563.742427101975,-22.549718553618398,-1,-0.007472936051232448
2020-10-30,9689.652053242879,2759.736709829376,9549.810081868358,9620.934364107618,-1,-0.006103702654334686,3340.0164539715997,0,0.0,-5241.791086455249,-7640.732835032354,-323.59186109160606,-1,-0.006103702654334686
2020-10-31,9687.626761514171,4750.355850379033,9549.374975018762,9619.767094358544,-1,0.0002090159396413993,3459.4849060004262,0,-0.0,-9992.14693683428,-8073.290375971812,-649.1897519891749,-1,0.0002090159396413993
2020-11-01,9698.993000498178,1458.4212227149092,9558.972222789835,9619.333253644956,-1,-0.0011732738330878512,3337.4470989619413,0,0.0,-8533.725714119371,-8237.967987601292,-910.1714307368626,-1,-0.0011732738330878512
2020-11-02,9822.913629310518,1647.7084632841004,9575.487016097035,9621.73456579246,-1,-0.012776648957884218,3321.3053525892697,0,0.0,-6886.017250835271,-8221.733006529688,-1133.4852292505796,-1,-0.012776648957884218
2020-11-03,9764.804082729463,1012.6788494385365,9586.30399689286,9624.221296459902,-1,0.0059157138883582094,3186.4357184027785,0,-0.0,-7898.696100273807,-8441.635544588431,-1352.3052474760652,-1,0.0059157138883582094
2020-11-04,9818.22707014246,1589.6028076166365,9598.45060662707,9624.76909321401,-1,-0.005470973811700475,3141.1652847744626,0,0.0,-6309.09329265717,-8706.808516275489,-1611.1765700497263,-1,-0.005470973811700475
2020-11-05,9798.375336407358,3698.0323024330614,9612.585895435066,9624.325545816293,-1,0.0020219265243387463,3238.8739003370097,0,-0.0,-10007.125595090232,-9069.690103525096,-1978.0920358226363,-1,0.0020219265243387463
2020-11-06,9777.046115078347,4514.085642543535,9626.644934457883,9625.59120638776,1,0.0021768120322722684,3182.1127038884224,0,-0.0,-14521.211237633768,-9375.810494326113,-2303.0843702525217,-1,0.0021768120322722684
2020-11-07,9884.47403459894,3619.7523745844624,9648.416104699407,9627.163286204066,1,0.010987768519871821,3166.665924121472,0,0.0,-10901.458863049305,-9304.508867901734,-2632.377672631513,-1,-0.010987768519871821
2020-11-08,9966.062099291998,1635.4821912802136,9677.051146889467,9626.632462783376,1,0.008254163489880506,2994.9799180387176,0,0.0,-9265.97667176909,-8897.97301626658,-3005.8049191048462,-1,-0.008254163489880506
2020-11-09,10047.136974799545,6276.006618024458,9705.749623144538,9625.73247123673,1,0.008135096360006422,2982.538005864887,0,0.0,-2989.9700537446333,-8503.879076805257,-3332.7188520013265,-1,-0.008135096360006422
2020-11-10,10178.300218731318,6195.491619083028,9739.315227855854,9629.576427650758,1,0.013054788071543033,3192.1179630989977,1,0.0,3205.521565338395,-7900.205180109822,-3452.6648153339243,-1,-0.013054788071543033
2020-11-11,10180.438052790167,3666.85420378532,9776.281465916862,9634.258847514027,1,0.00021003841632749598,3136.6485599872203,0,0.00021003841632749598,6872.375769123715,-6874.376459924079,-3450.1269168994995,-1,-0.00021003841632749598
2020-11-12,10249.863852582012,1074.9838555132776,9812.472381796939,9638.008067727678,1,0.006819529712949635,3006.362615471433,0,0.0,7947.3596246369925,-5978.833684254122,-3468.7480854836945,-1,-0.006819529712949635
2020-11-13,10218.06193245136,4013.3341676710556,9845.609527056109,9642.409643131708,1,-0.0031026675659346914,3054.6696410456834,0,-0.0,3934.025456965937,-5436.317299777021,-3548.657204127673,-1,0.0031026675659346914
2020-11-14,10251.185451112797,5253.218921594589,9876.519269813009,9646.626983159607,1,0.0032416635248844194,3252.684052972827,0,0.0,9187.244378560526,-4695.786503372775,-3611.6439375080963,-1,-0.0032416635248844194
2020-11-15,10237.844245257824,1729.4101687477694,9903.729347920555,9649.331152485522,1,-0.001301430543676707,3268.077257121009,0,-0.0,7457.834209812757,-4112.803519695126,-3738.4964228648,-1,0.001301430543676707
2020-11-16,10247.77454107796,3800.5096028056946,9935.453931530086,9653.75738927132,1,0.0009699596499268548,3219.3530313166475,0,0.0,11258.343812618452,-3101.0453499325436,-3756.0789395570905,1,-0.0009699596499268548
2020-11-17,10308.764891210121,6209.712179966899,9972.920622044829,9659.299164230848,1,0.0059515702543690985,3411.9360585986083,0,0.0,17468.055992585352,-1660.8989894552337,-3620.1711510521354,1,0.0059515702543690985
2020-11-18,10224.416444684328,3679.5932092434828,10002.598039375587,9668.824418499513,1,-0.008182206832334837,3429.2485480269725,0,-0.0,13788.462783341869,-571.399460473909,-3466.138098721023,1,-0.008182206832334837
2020-11-19,10438.350833385994,1759.041811514415,10040.032978382744,9683.563298026633,1,0.02092387275685459,3379.213803111224,0,0.0,15547.504594856284,468.0653235916675,-3247.1354915984584,1,0.02092387275685459
2020-11-20,10333.339209660213,3344.161263669869,10072.318600790044,9696.954157271697,1,-0.010060173814996909,3308.9040737757655,0,-0.0,12203.343331186414,1577.8398369927022,-3055.920919801084,1,-0.010060173814996909
2020-11-21,10207.872981655788,3167.134946987128,10097.762599847923,9710.235784973667,1,-0.012141886127877366,3394.339759989377,0,-0.0,9036.208384199286,2456.3365419086354,-2847.911471076832,1,-0.012141886127877366
2020-11-22,10326.09146860942,1033.5225439985957,10122.921491812871,9722.927290376092,1,0.011581108735000845,3363.6304640251014,0,0.0,10069.730928197881,3304.123950860293,-2675.7176872962805,1,0.011581108735000845
2020-11-23,10407.83928251089,1361.3850718182484,10155.073251801941,9739.261047986936,1,0.007916626939629356,3381.065775144087,0,0.0,11431.116000016129,4270.61455587479,-2392.2163530755925,1,0.007916626939629356
2020-11-24,10472.796669999978,2877.336189132225,10187.801731794818,9757.368871638548,1,0.006241198170521489,3445.452444219866,0,0.0,14308.452189148355,5301.491829965065,-2014.0700135581606,1,0.006241198170521489
2020-11-25,10538.6020175703,3711.5457551524346,10224.813065852964,9776.3689221091,1,0.006283455092642498,3446.1281168558353,0,0.0,18019.99794430079,6702.848006934617,-1666.8937604716525,1,0.006283455092642498
2020-11-26,10537.311378919967,5037.16757141048,10262.826329045045,9793.089803655817,1,-0.00012246772846924436,3472.2822132991823,0,-0.0,12982.83037289031,8078.0500874608215,-1450.2945753661784,1,-0.00012246772846924436
2020-11-27,10442.764891935534,2529.0506499113876,10290.740871911874,9810.51650937402,1,-0.008972543714858228,3417.7471270655283,0,-0.0,10453.779722978923,9145.812016762233,-1170.2496696386384,1,-0.008972543714858228
2020-11-28,10450.680983725077,2487.087729272202,10314.97181613353,9826.25341014706,1,0.0007580455819373721,3460.3274039651274,0,0.0,12940.867452251125,10256.154222963243,-919.5490634915969,1,0.0007580455819373721
2020-11-29,10379.912973511011,4451.267728731443,10331.610616069102,9840.794630707156,1,-0.006771617115121309,3369.090459500477,0,-0.0,8489.599723519681,10830.13271182646,-807.9144849038605,1,-0.006771617115121309
2020-11-30,10481.129553227307,563.9180706460837,10346.752082793902,9858.578066654864,1,0.009751197334177508,3087.51178207863,0,0.0,9053.517794165764,11122.532523267826,-590.3073098049176,1,0.009751197334177508
2020-12-01,10465.716278554484,4633.458083959354,10361.01599408212,9875.37956483659,1,-0.0014705738150213588,3135.8419760873317,0,-0.0,4420.05971020641,10999.916720321962,-479.6023329048667,1,-0.0014705738150213588
2020-12-02,10379.32208405076,4838.390781561279,10367.488905655555,9890.427387738328,1,-0.008254971967925018,3324.0123223897317,0,-0.0,-418.331071354869,10581.632185522369,-471.67651737648873,1,-0.008254971967925018
2020-12-03,10345.964412413057,2023.6883087640606,10373.88402965364,9905.867237254784,1,-0.003213858416530102,3224.5300294443823,0,-0.0,-2442.01938011893,10262.829943668126,-445.262524345637,1,-0.003213858416530102
2020-12-04,10388.686153720075,4544.966663266781,10380.759064784004,9921.909531482039,1,0.004129314542756335,3189.1174165279917,0,0.0,2102.9472831478515,9908.615088897492,-363.9094415680573,1,0.004129314542756335
2020-12-05,10330.122579157807,3857.72452476895,10385.372981479004,9937.581103330442,1,-0.0056372455280397915,3295.5331343290504,0,-0.0,-1754.7772416210983,9447.9845163258,-299.69768450709114,1,-0.0056372455280397915
2020-12-06,10245.18620442496,1554.5628066794911,10385.243564646353,9951.659417537068,1,-0.008222203955664309,3183.2357945227404,0,-0.0,-3309.3400483005894,8719.600323279847,-301.7246179602364,1,-0.008222203955664309
2020-12-07,10270.152412998674,3232.855560333611,10383.312940735781,9965.116443381386,1,0.002436872114918831,3034.392963541076,0,0.0,-76.48448796697858,7842.37329925223,-298.56078321311776,1,0.002436872114918831
2020-12-08,10295.310853212439,5334.489736805584,10386.857661162187,9976.49143485021,1,0.002449665711087512,3117.137789919181,0,0.0,5258.0052488386045,7415.850422527066,-239.76382168293927,1,0.002449665711087512
2020-12-09,10243.119477458835,850.4289828907017,10377.096093365828,9988.97971787231,1,-0.005069431753711329,3071.7071484879957,0,-0.0,4407.576265947902,6858.854006081648,-104.60450178634673,1,-0.005069431753711329
2020-12-10,10194.870461029752,535.058184680869,10370.172655934306,9997.28874391437,1,-0.00471038305618332,2931.2519945385457,0,-0.0,3872.5180812670333,6442.312743585679,-17.712598464476727,1,-0.00471038305618332
2020-12-11,10218.527651548264,2401.397504036504,10370.705389428931,10009.146737355562,1,0.002320499373576368,2892.965122391014,0,0.0,6273.915585303537,6304.198103640892,174.18888598274523,1,0.002320499373576368
2020-12-12,10070.554752694617,2815.996790288041,10357.92855363319,10018.779020514366,1,-0.014480843414973354,2982.088834705487,0,-0.0,3457.918795015496,5973.607496981773,351.9994804374588,1,-0.014480843414973354
2020-12-13,9928.815342671684,2824.3694453114863,10333.97735664123,10025.118201778678,1,-0.014074637743765606,3055.238053380149,0,-0.0,633.5493497040097,5433.729164466166,420.9027252508418,1,-0.014074637743765606
2020-12-14,9857.482342603435,3582.3406867431017,10303.211640271402,10029.821326231095,1,-0.0071844422125242335,3090.488278260692,0,-0.0,-2948.791337039092,4570.866988156793,388.5167672821236,1,-0.0071844422125242335
2020-12-15,9836.44182731265,4762.209556839689,10268.10363075852,10035.167530682183,1,-0.0021344715171183193,3143.021468345055,0,-0.0,-7711.000893878781,3284.3170462478156,305.8249832191126,1,-0.0021344715171183193
2020-12-16,9867.02406913941,4936.227415126346,10234.589265269491,10041.353509590806,1,0.0031090756559799537,3137.9744605308483,0,0.0,-2774.773478752435,2496.436853665678,399.5588156001288,1,0.0031090756559799537
2020-12-17,10012.597822171367,989.0036134175934,10213.080911781284,10050.745962797522,1,0.014753562169495416,3060.9721087061585,0,0.0,-1785.7698653348416,1884.4593742499899,575.2541743701626,1,0.014753562169495416
2020-12-18,10098.471830925735,2158.4875831318623,10195.470454141316,10062.497805721438,1,0.008576596232020117,3044.5421013991413,0,0.0,372.71771779702067,1256.0518875272849,871.4110314079825,1,0.008576596232020117
2020-12-19,10082.32048353058,898.4656199094032,10180.590829642295,10072.650356285312,1,-0.001599385299634326,2866.9019959580396,0,-0.0,-525.7479021123826,805.2845062456815,1043.8460470889613,-1,-0.001599385299634326
2020-12-20,10080.403208506017,3881.136380558889,10160.55451240623,10082.207274351995,1,-0.00019016207902688986,3032.7629114536803,0,-0.0,-4406.884282671272,132.26440240382982,1118.1972485206118,-1,0.00019016207902688986
2020-12-21,9979.344206266853,3039.444482424542,10136.235908791848,10091.177789596944,1,-0.010025293646378053,2953.0622313769395,0,-0.0,-7446.328765095814,-461.05502136128143,1221.4950796788676,-1,0.010025293646378053
2020-12-22,9977.496716702797,5429.585727160352,10116.14464042445,10098.701975958982,1,-0.00018513135992392904,2982.621978656893,0,-0.0,-12875.914492256165,-1083.934192406346,1172.9547696206334,-1,0.00018513135992392904
2020-12-23,9948.695810482062,821.2042319450823,10096.281210327901,10105.258255679217,-1,-0.002886586389201251,2922.497774815944,0,-0.0,-13697.118724201247,-1646.6891596104622,1059.9411614268813,-1,0.002886586389201251
2020-12-24,9980.802098374066,1783.1343957109602,10075.8870075606,10111.055114052539,-1,-0.0032271856033809776,2784.406161438153,0,0.0,-11913.984328490287,-2347.535740192369,955.0976151107825,-1,-0.0032271856033809776
2020-12-25,9898.237815001596,3573.5270265681984,10054.292769352789,10114.46503291745,-1,0.008272309435523262,2770.1962865281157,0,-0.0,-15487.511355058487,-3034.1724458642384,767.0028502554786,-1,0.008272309435523262
2020-12-26,9949.64396806511,4676.64735236131,10039.515657534797,10120.07105123708,-1,-0.005193465142411924,2926.3005138122066,0,0.0,-10810.864002697177,-3409.248643584068,736.4354432544119,-1,-0.005193465142411924
2020-12-27,10102.146032868857,846.4490406439834,10031.115338528307,10129.116300436306,-1,-0.015327389130025848,2806.980187827725,0,0.0,-9964.414962053193,-3903.6451672883786,759.2763808362059,-1,-0.015327389130025848
2020-12-28,10091.158923846182,3793.5493391824693,10020.907742059993,10136.787814199255,-1,0.0010876014845684345,2729.9331679465695,0,-0.0,-13757.964301235663,-4854.443644792092,663.3357724203555,-1,0.0010876014845684345
2020-12-29,10131.696292138906,3541.638521266805,10015.336582793996,10144.155218180857,-1,-0.004017117220989519,2864.4936448653743,0,0.0,-10216.325779968858,-5585.63874708793,580.4268608617953,-1,-0.004017117220989519
2020-12-30,10201.61958535752,1380.74215101086,10015.674039010384,10152.721765244913,-1,-0.0069014399171110075,2906.7778431818742,0,0.0,-8835.583628957998,-6221.043832599182,599.7029159930667,-1,-0.0069014399171110075
2020-12-31,10160.688599117151,4920.611371902761,10012.78208638883,10160.41669188856,-1,0.004012204718858214,3032.738536575187,0,-0.0,-13756.19500086076,-7222.549361907397,512.6617612140435,-1,0.004012204718858214
2021-01-01,10183.457938367941,1524.0043877989265,10018.427245672496,10166.425763706186,-1,-0.0022409248181041175,2968.138916450731,0,0.0,-12232.190613061834,-8007.0548323112625,423.5588718436008,-1,-0.0022409248181041175
2021-01-02,10184.740280204987,2613.9213970059377,10031.223492549161,10173.424700330777,-1,-0.00012592400781819002,2957.6165140354537,0,0.0,-9618.269216055896,-8519.645760599258,394.89931991389943,-1,-0.00012592400781819002
2021-01-03,10194.688337158022,3094.896277468455,10048.08379227689,10179.699054781036,-1,-0.0009767609854882675,2933.2442935717218,0,0.0,-6523.372938587441,-8698.374840676675,391.32799248172813,-1,-0.0009767609854882675
2021-01-04,10115.882398878217,906.1303031047216,10062.05582085517,10184.99083915555,-1,0.007730097838554828,2740.4403308849733,0,-0.0,-7429.503241692163,-8684.299958067344,434.28836503836266,-1,0.007730097838554828
2021-01-05,10118.361819282014,3308.1170603077817,10074.622708362298,10190.679434225613,-1,-0.00024510174258973727,2659.0348131440446,0,0.0,-4121.386181384381,-8751.630593198941,607.6187826425191,-1,-0.00024510174258973727
2021-01-06,10168.75108824407,2311.3544236790285,10082.430371665934,10195.417385119696,-1,-0.004979982912454384,2725.1523536571167,0,0.0,-1810.031757705353,-8752.843687817467,759.142567731585,-1,-0.004979982912454384
2021-01-07,10316.314269653712,5159.810833682789,10093.322493602333,10201.254921292393,-1,-0.014511436077950579,2875.218516184663,1,0.0,3349.779075977436,-8603.990619908447,969.4051635273604,-1,-0.014511436077950579
2021-01-08,10415.275662769765,2087.1388353881516,10109.970252564292,10207.390566091897,-1,-0.009592708260852012,2934.6521769586006,0,0.009592708260852012,5436.917911365588,-8305.857329234548,1109.8532962791974,-1,-0.009592708260852012
2021-01-09,10639.535551241994,1029.9914198500205,10137.92686970109,10215.077821633742,-1,-0.021531824575115488,2792.0949289231567,0,0.0,6466.909331215609,-7762.167648540204,1164.2097590438177,-1,-0.021531824575115488
2021-01-10,10557.89333448693,4153.401963758342,10166.854326112096,10221.368742995352,-1,0.007673475628880655,2847.7928029898467,0,-0.0,2313.507367457267,-7274.17584191255,1088.2286190160437,-1,0.007673475628880655
2021-01-11,10649.992016846614,1431.6618433821652,10200.479091119287,10228.037545733097,-1,-0.008723206367206693,2647.8966088009374,0,0.0,3745.169210839432,-6443.12165675777,1018.1921121194175,-1,-0.008723206367206693
2021-01-12,10669.517925821274,5188.797799382846,10236.520196886246,10235.561812289261,1,-0.0018334200573832948,2866.2762871728255,0,0.0,8933.967010222277,-5311.567370036594,1101.5244713403565,-1,-0.0018334200573832948
2021-01-13,10903.159342321094,3833.251548057345,10282.638059083598,10246.428043809401,1,0.021898029332176883,2968.782144790145,0,0.0,12767.218558279623,-4077.507225698099,1161.1907076690081,-1,-0.021898029332176883
2021-01-14,10815.029292307572,4484.332945991832,10328.477632948896,10256.047794593562,1,-0.008082982853551579,3014.3224407613266,0,-0.0,8282.885612287791,-2888.9873773307845,1174.9415643769253,-1,0.008082982853551579
2021-01-15,10724.213129101816,1291.8192056002474,10367.206091000731,10263.988437727296,1,-0.00839721842180785,2845.0810334232733,0,-0.0,6991.066406687544,-1998.8908568615486,1103.820274278077,-1,0.00839721842180785
2021-01-16,10659.932984324238,4126.793846429404,10395.095438573502,10269.841239279196,1,-0.0059939264544401905,3009.0982737125446,0,-0.0,2864.2725602581404,-1357.4564807459822,860.4238837392901,-1,0.0059939264544401905
2021-01-17,10433.527123455886,765.3162660426497,10412.213848553985,10273.32641725872,1,-0.021238957243097878,2857.6866200555532,0,-0.0,2098.9562942154907,-564.6104509734245,665.5987755871837,-1,0.021238957243097878
2021-01-18,10378.672330665893,5242.998834995066,10424.562650480335,10272.33177554672,1,-0.005257550216807516,2942.754635741967,0,-0.0,-3144.0425407795756,-210.9962890139603,354.07298999325275,-1,0.005257550216807516
2021-01-19,10299.884439168172,1206.2811296379948,10429.475893170867,10271.774196038521,1,-0.007591326615536964,2934.0315846733233,0,-0.0,-4350.323670417571,13.266708913061075,78.17853996651971,-1,0.007591326615536964
2021-01-20,10315.37482537891,3995.278465481109,10437.210204483956,10273.565893433904,1,0.001503937864762106,2887.7649393522406,0,0.0,-355.0452049364617,683.3241987092761,-78.34235318574277,1,-0.001503937864762106
2021-01-21,10350.628235268458,5293.569101943396,10445.568719328981,10273.974839544888,1,0.003417559757771693,3076.243175059464,0,0.0,4938.523897006935,1541.8599242127143,-163.86247037225854,1,0.003417559757771693
2021-01-22,10544.82370389421,1913.5395300751884,10463.572890513442,10276.257913234613,1,0.018761708392158738,3041.224081712927,0,0.0,6852.063427082123,2365.376556369615,-240.18001325449202,1,0.018761708392158738
2021-01-23,10645.044222070714,6504.327655938772,10486.090684759078,10279.128705769124,1,0.00950423838186043,3211.6956506364427,0,0.0,13356.391083020895,3359.364757450032,-256.04769835661625,1,0.00950423838186043
2021-01-24,10583.63257280671,3801.29602433935,10509.478193455503,10279.879215023064,1,-0.005769036556623863,3356.4539366981744,0,-0.0,9555.095058681545,4208.594672468717,-397.129413116937,1,-0.005769036556623863
2021-01-25,10488.54766501101,1730.2481352537293,10527.987485741953,10279.066486457914,1,-0.008984146713483576,3277.5604904454717,0,-0.0,7824.846923427816,4805.906327709327,-483.0958039413119,1,-0.008984146713483576
2021-01-26,10540.142841787796,1409.7167864020357,10546.557073419139,10280.689452288785,1,0.00491919171506483,3232.4786085816218,0,0.0,9234.563709829852,5358.136101086087,-503.41607082712983,1,0.00491919171506483
2021-01-27,10400.988375923105,4706.887119897078,10550.790778732608,10279.861242158753,1,-0.01320233207020638,3209.8324228923366,0,-0.0,4527.676589932774,5417.030976783854,-643.6359185324357,1,-0.01320233207020638
2021-01-28,10591.478189269443,4417.812577712403,10559.600905057592,10283.38732908806,1,0.01831458765854377,3326.366110008549,0,0.0,8945.489167645177,5592.459539597834,-636.037761130344,1,0.01831458765854377
2021-01-29,10716.398332411132,1869.5075856416393,10563.44404411605,10287.30847540779,1,0.01179440120721309,3368.3419182981297,0,0.0,10814.996753286816,5809.863910701394,-606.6797784783265,1,0.01179440120721309
2021-01-30,10666.119600652906,2343.632199270922,10568.855357424347,10290.648530776096,1,-0.004691756521046919,3277.8534300737583,0,-0.0,8471.364554015894,6117.756770029327,-539.1580310815018,1,-0.004691756521046919
2021-01-31,10483.394622859993,3567.311155704248,10560.525487725017,10292.383073089584,1,-0.01713134529090865,3384.635895689863,0,-0.0,4904.053398311646,6175.700979402936,-450.4516232537265,1,-0.01713134529090865
2021-02-01,10625.326406533637,2516.371045922815,10558.315911760636,10297.039106324926,1,0.013538723741654213,3251.0145580168614,0,0.0,7420.424444234461,6100.023851103545,-286.0775595145033,1,0.013538723741654213
2021-02-02,10613.156174110009,4546.788607362388,10543.815753350082,10300.780273331426,1,-0.0011453984525261474,3286.691410982113,0,-0.0,2873.635836872073,5605.3447150331685,-273.2327502857663,1,-0.0011453984525261474
2021-02-03,10744.52755244836,4402.534635819947,10540.290666357121,10307.687022886268,1,0.012378163119734609,3282.601495473519,0,0.0,7276.17047269202,5555.00895805338,-122.71695504721433,1,0.012378163119734609
2021-02-04,10573.213833345342,4396.67722109337,10532.740701569297,10313.154150034943,1,-0.01594427658794373,3437.844396248175,0,-0.0,2879.49325159865,5349.4303002989345,-19.569733382227007,1,-0.01594427658794373
2021-02-05,10509.84063050478,1770.7824203973948,10525.236083878322,10317.148953660044,1,-0.00599375022953752,3320.0438249465747,0,-0.0,1108.7108312012554,5261.6522138460905,0.18352193724355934,1,-0.00599375022953752
2021-02-06,10510.391734988303,1246.967936864722,10529.079314454944,10320.733635022976,1,5.243699718193717e-05,3344.1264084876784,0,0.0,2355.6787680659772,5274.488337538614,-48.188586075633566,1,5.243699718193717e-05
2021-02-07,10515.3295794324,4457.798856082182,10535.912176893271,10325.270470055868,1,0.00046980593764733847,3304.866409542034,0,0.0,6813.4776241481595,5772.364345785001,-8.09023010562928,1,0.00046980593764733847
2021-02-08,10468.00371178313,2435.6411065889774,10544.318140524018,10329.822690901758,1,-0.004500654714792551,3366.3344083895836,0,-0.0,4377.8365175591825,6208.77235518384,0.33174383257320794,1,-0.004500654714792551
2021-02-09,10533.203665820105,2434.0573046871878,10555.209582546076,10335.067291139621,1,0.006228499323474912,3288.273350349887,0,0.0,6811.89382224637,6567.119306542981,9.298047781620426,1,0.006228499323474912
2021-02-10,10420.749031615333,2316.2591410703308,10558.715622363421,10340.903862454965,1,-0.010676204293825986,3139.407852306234,0,-0.0,4495.6346811760395,6544.974845751436,26.593312550962818,1,-0.010676204293825986
2021-02-11,10405.912022808756,5093.260886475634,10551.770038309147,10348.855473790583,1,-0.0014237948502130449,3298.393920126256,0,-0.0,-597.6262052995944,6172.490364132351,6.073719967569415,1,-0.0014237948502130449
2021-02-12,10418.429880411979,2920.5400536835837,10540.439321226211,10358.204599420726,1,0.001202956317118975,3119.2045400134966,0,0.0,2322.9138483839893,5620.816502400505,93.9354730579541,1,0.001202956317118975
2021-02-13,10472.026329616,2594.5553593634613,10534.859009066675,10368.797674459116,1,0.005144388340587502,3058.8675067647027,0,0.0,4917.46920774745,5388.935209853801,304.40997475172463,1,0.005144388340587502
2021-02-14,10546.546827014934,1759.6521111741285,10537.758967166872,10380.12305375704,1,0.0071161487808890644,3060.3377055607225,0,0.0,6677.121318921579,5331.548929628489,461.9415547129582,1,0.0071161487808890644
2021-02-15,10427.935922162931,3307.637232831829,10532.148621185628,10387.045355423566,1,-0.011246420918378908,3155.233727882212,0,-0.0,3369.48408608975,5038.294948441483,547.8624539033681,1,-0.011246420918378908
2021-02-16,10267.9594794658,2288.3564386281805,10525.497176362764,10389.8701495659,1,-0.01534114170735612,3034.307193818767,0,-0.0,1081.1276474615693,4865.967501317923,559.6692860644438,1,-0.01534114170735612
2021-02-17,10399.150817816864,4502.579825694303,10515.880807790134,10395.15065513734,1,0.01277676821898499,3038.545556217862,0,0.0,5583.707473155871,4697.878416593458,661.4935423189148,1,0.01277676821898499
2021-02-18,10433.70865311136,2420.508175000778,10501.746323825146,10401.039079214097,1,0.003323140119795953,3066.095585685819,0,0.0,8004.215648156649,4557.33936133695,868.3452078327135,1,0.003323140119795953
2021-02-19,10355.613748579284,4117.664904197005,10486.221031221465,10407.310238252636,1,-0.007484865365565696,3154.7972209321233,0,-0.0,3886.550743959644,4328.098670834137,1057.2265329836378,1,-0.007484865365565696
2021-02-20,10516.245055817852,1436.3316239184783,10487.863552869358,10416.289377237885,1,0.015511519755224912,3048.248244342835,0,0.0,5322.882367878123,4349.040119312462,1360.5398139858758,1,0.015511519755224912
2021-02-21,10528.409683827509,2552.052640241705,10483.017716734052,10425.951275126978,1,0.0011567463429285052,3050.0323240587795,0,0.0,7874.935008119828,4371.765647506729,1720.0740428578938,1,0.0011567463429285052
2021-02-22,10652.570922755589,4956.20701029438,10484.98845416633,10437.147422200003,1,0.011792971840638211,3070.503244205379,1,0.0,12831.142018414208,4869.640956583836,2132.492815306302,1,0.011792971840638211
2021-02-23,10659.763376873767,6667.144880311944,10480.7502453876,10449.839514897873,1,0.0006751848141008931,3183.7337564299787,0,0.0006751848141008931,19498.286898726154,5480.7467778855425,2715.58945286938,1,0.0006751848141008931
2021-02-24,10879.434229460023,3955.597085558623,10496.061265193335,10465.336019254455,1,0.020607479248819782,3161.6797496532413,0,0.0,23453.883984284777,6509.466314519849,3286.6685859857453,1,0.020607479248819782
2021-02-25,11070.405381916482,3524.901328593742,10524.089502763922,10481.473675071913,1,0.017553408424432204,3249.385695063059,0,0.0,26978.78531287852,7802.970038603712,3902.3885905679404,1,0.017553408424432204
2021-02-26,11042.84404142421,2944.643999880057,10550.712118085716,10497.335093698215,1,-0.0024896414847909165,3334.269498213826,0,-0.0,24034.141312998465,8886.893165850337,4532.257017471843,1,-0.0024896414847909165
2021-02-27,11150.13310628988,794.8304059171786,10582.452294428589,10514.30904060073,1,0.00971570950954348,3151.121075705575,0,0.0,24828.971718915644,9787.667870588712,5116.345309119918,1,0.00971570950954348
2021-02-28,11222.093383704609,2591.3745802776793,10620.156778024664,10531.316937239848,1,0.006453759495851585,3158.9077493900104,0,0.0,27420.346299193323,10939.793359670419,5720.61080792244,1,0.006453759495851585
2021-03-01,11375.682495169738,2054.302890811401,10662.280719492144,10551.566835507394,1,0.013686315575323293,3139.920028696221,0,0.0,29474.649190004726,12072.931128058337,6441.1248777701985,1,0.013686315575323293
2021-03-02,11265.915865972742,3421.9781091079676,10704.539061210015,10569.607800967473,1,-0.009649234605801027,3195.205977098103,0,-0.0,26052.67108089676,13150.782948044372,7079.205906002841,1,-0.009649234605801027
2021-03-03,11343.205846253446,3552.0962509417454,10751.40375238225,10588.915560401614,1,0.006860514599984713,3118.147745321409,0,0.0,29604.767331838502,14660.902624901277,7732.92318180108,1,0.006860514599984713
2021-03-04,11463.265114523947,2243.7758390693934,10803.64551408785,10610.058506691046,1,0.010584244868495851,3084.309534590699,0,0.0,31848.543170907895,16137.184091027471,8372.455116959336,1,0.010584244868495851
2021-03-05,11261.656144521448,3846.3669457570095,10843.12700483312,10629.1547357851,1,-0.01758739486423111,3146.900113910376,0,-0.0,28002.176225150884,17291.419441897644,8962.983108073387,1,-0.01758739486423111
2021-03-06,11128.40163952425,2620.535550115525,10872.219745458588,10645.988732789137,1,-0.011832585126657746,3189.944285857446,0,-0.0,25381.64067503536,18226.645409703335,9454.70022234705,1,-0.011832585126657746
2021-03-07,10901.46769242069,2852.338450682844,10895.896333971474,10658.200676192082,1,-0.020392321777600864,3167.179346749997,0,-0.0,22529.302224352516,19184.63631661647,9860.35578871468,1,-0.020392321777600864
2021-03-08,10872.098393402543,5091.932076428627,10926.103279668312,10667.463744921228,1,-0.0026940683444457436,3307.3581286400195,0,-0.0,17437.370147923888,20002.44844163959,10095.148973247122,1,-0.0026940683444457436
2021-03-09,10950.110293466922,4046.661564256204,10953.651253450815,10676.377655432847,1,0.007175422557959887,3284.5622155681144,0,0.0,21484.03171218009,20797.4646535908,10362.600869927363,1,0.007175422557959887
2021-03-10,11114.620047673114,1814.2191887957144,10987.696823178903,10684.295730373366,1,0.015023570520960261,3254.2477662578613,0,0.0,23298.250900975807,21562.166416231757,10643.123229423367,1,0.015023570520960261
2021-03-11,11122.855400991928,2140.382629448688,11026.058905799535,10693.711764815116,1,0.0007409478041975337,3155.383652520445,0,0.0,25438.633530424493,22639.770555555,11028.541998806153,1,0.0007409478041975337
2021-03-12,11304.003953163901,1488.7552332772698,11065.446850666838,10704.611963753738,1,0.016286155455713214,3158.0048329883853,0,0.0,26927.38876370176,23719.99587534618,11414.912324687193,1,0.016286155455713214
2021-03-13,11147.997229769617,6003.27872564443,11096.426227963942,10712.586618819543,1,-0.013801014582148996,3330.566137258521,-1,-0.0,20924.110038057333,24372.454626843053,11614.748041817777,1,-0.013801014582148996
2021-03-14,10958.104202617922,2404.1677226863576,11111.70289195706,10713.502366491157,1,-0.0170338243935515,3202.96417287812,0,0.0170338243935515,18519.942315370976,24656.894641690895,11710.626771102632,1,-0.0170338243935515
2021-03-15,10952.017227890674,1256.7941672144882,11126.315584507905,10715.785498750874,1,-0.0005554769889661859,2932.4466372232473,0,-0.0,17263.148148156488,24545.13770416241,11860.29781336711,1,-0.0005554769889661859
2021-03-16,10994.08014202488,5077.5317456896455,11132.047880136148,10720.283282299592,1,0.0038406544893929695,2988.5433702297987,0,0.0,22340.679893846132,24489.47749964048,12116.124704819755,1,0.0038406544893929695
2021-03-17,10990.485655217182,4040.1432830408467,11128.051893801181,10725.792493481142,1,-0.0003269474809409756,3014.305467952154,0,-0.0,18300.536610805284,24055.565064536815,12373.395772328873,1,-0.0003269474809409756
2021-03-18,10763.263727782378,2906.684442223338,11114.07287811909,10731.288103553252,1,-0.020674421000398846,3012.407490069318,0,-0.0,15393.852168581947,23623.550607315992,12594.977370234981,1,-0.020674421000398846
2021-03-19,10753.671502895313,3170.716240023971,11094.249797949362,10737.538089757076,1,-0.0008912003951278002,3131.2017817746573,0,-0.0,12223.135928557977,22993.258817798105,12851.097011390606,1,-0.0008912003951278002
2021-03-20,10613.39313795556,5899.77637160066,11063.814785661909,10742.763234736864,1,-0.013044695005048679,3296.621871340806,-1,-0.0,6323.359556957316,21938.409480686307,13028.991731846856,1,-0.013044695005048679
2021-03-21,10684.46811829986,2488.9720135233524,11029.254066818417,10748.914789618879,1,0.006696725488300359,3318.355327476404,0,-0.006696725488300359,8812.331570480668,20905.293599710105,13181.781344770474,1,0.006696725488300359
2021-03-22,10723.637191026322,3176.363954340825,11002.140133071094,10755.131605548177,1,0.0036659824609683866,3306.0746197380467,0,0.0,11988.695524821493,20202.09482190634,13299.28420523405,1,0.0036659824609683866
2021-03-23,10622.847892708784,4120.639770056275,10966.122235393861,10756.432008695087,1,-0.009398797863273578,3334.5017956937727,0,-0.0,7868.055754765218,19115.259243052675,13316.217410695435,1,-0.009398797863273578
2021-03-24,10568.260591709155,2079.923363334692,10921.372009253122,10755.152281522394,1,-0.0051386691733669165,3326.3091719070385,0,-0.0,5788.132391430526,17812.23870407881,13190.079765835595,1,-0.0051386691733669165
2021-03-25,10456.320146493312,1711.8831072599507,10881.105209351716,10753.030407750504,1,-0.010592135218889354,3219.5849799821854,0,-0.0,4076.2492841705753,16615.94235702979,13098.765669593744,1,-0.010592135218889354
2021-03-26,10449.766219417495,3999.079386607368,10847.173438346377,10752.384050323946,1,-0.0006267909727318832,3288.512171806777,0,-0.0,77.16989756320709,15350.718818156185,12969.63771916267,1,-0.0006267909727318832
2021-03-27,10549.576358972594,1717.460380532901,10829.578871673972,10752.54127561036,1,0.009551423205012455,3231.7682682992804,0,0.0,1794.630278096108,14313.985220843364,12845.638828633773,1,0.009551423205012455
2021-03-28,10445.586437024143,3370.079540773683,10808.253273855053,10753.284576628708,1,-0.009857260463355555,3145.6756415165332,0,-0.0,-1575.4492626775752,13363.344250313292,12743.9200644236,1,-0.009857260463355555
2021-03-29,10498.237051485368,2815.711503539235,10785.659611755975,10751.730557665642,1,0.005040465155178531,3084.128138480685,0,0.0,1240.2622408616596,12351.15577674737,12615.499615643876,-1,0.005040465155178531
2021-03-30,10442.569349725069,7095.928609573926,10752.057076858573,10747.166741287541,1,-0.005302576183724428,3348.213609519595,0,-0.0,-5855.666368712266,10893.459913262966,12337.655230277223,-1,0.005302576183724428
2021-03-31,10359.773054360943,5092.53634930426,10713.902959527024,10742.060965516006,-1,-0.00792872832262348,3495.8212955123736,0,-0.0,-10948.202718016526,9074.118100840915,12013.995775743351,-1,0.00792872832262348
2021-04-01,10348.684951970386,2157.966543640103,10666.137009467348,10739.815804334514,-1,0.001070303599545519,3529.2818610305158,0,-0.0,-13106.169261656629,7072.440199572996,11713.825398077212,-1,0.001070303599545519
2021-04-02,10241.550985533742,3275.0059794469958,10620.814697255553,10733.41954731785,-1,0.01035242322419394,3392.8682237206435,0,-0.0,-16381.175241103625,5207.175935614947,11317.132069988244,-1,0.01035242322419394
2021-04-03,10184.848709645557,3585.592442868382,10582.151922606936,10726.281089576776,-1,0.005536493053471814,3451.9394597297446,0,-0.0,-19966.767683972008,3282.8404356477986,10936.458677974177,-1,0.005536493053471814
2021-04-04,10062.846658559092,3461.074526380231,10537.693394140357,10714.919741345288,-1,0.0119787789258885,3562.1534776880317,0,-0.0,-23427.84221035224,1248.290917722362,10424.725133256772,-1,0.0119787789258885
2021-04-05,10260.553935946638,611.068664746862,10501.017083836445,10709.70874305531,-1,-0.019647251329163673,3338.830323640893,0,0.0,-22816.773545605378,-1009.5817542502134,9996.454019970037,-1,-0.019647251329163673
2021-04-06,10264.172171716427,5361.3402561492785,10464.701409661408,10705.61426874217,-1,-0.00035263551971720375,3404.890172296314,0,0.0,-17455.4332894561,-2797.3802492632826,9687.051617959083,-1,-0.00035263551971720375
2021-04-07,10192.351140846651,5040.833859930019,10436.15578031462,10700.313592173141,-1,0.006997255079925879,3511.597643181648,0,-0.0,-22496.26714938612,-4691.886215161687,9272.852519334881,-1,0.006997255079925879
2021-04-08,10214.160724719553,3015.0829511510265,10409.180241405831,10695.29411126126,-1,-0.0021397991073421885,3503.8159787380014,0,0.0,-19481.184198235092,-6277.10222150134,8834.608155628492,-1,-0.0021397991073421885
2021-04-09,10202.68735718519,2787.5814794798234,10388.644952367315,10690.872172017962,-1,0.001123280496908241,3348.2062341319593,0,-0.0,-22268.765677714917,-7706.708483234952,8390.49811904059,-1,0.001123280496908241
2021-04-10,10180.14251979039,3301.3333776037152,10363.42867244184,10684.987819584136,-1,0.0022096959953323836,3388.824302335978,0,-0.0,-25570.09905531863,-9425.830014524916,7850.798237747842,-1,0.0022096959953323836
2021-04-11,10242.665565163901,2016.4258094546874,10339.38009114872,10682.019761809943,-1,-0.006141667000433948,3330.827395091671,0,0.0,-23553.673245863945,-11202.948453059187,7383.309772297175,-1,-0.006141667000433948
2021-04-12,10320.254546534377,3665.9812630508745,10324.25042384,10680.592137205369,-1,-0.007575077100473004,3308.0944697414006,0,0.0,-19887.69198281307,-12590.735839938101,7061.808676005284,-1,-0.007575077100473004
2021-04-13,10265.505477728684,2311.9211579167127,10309.112668140977,10678.043397160649,-1,0.0053050114761052924,3319.6943594705017,0,-0.0,-22199.613140729783,-13990.123116546118,6653.099892853386,-1,0.0053050114761052924
2021-04-14,10206.394824693545,4397.8658425323965,10296.616402050988,10673.61620541194,-1,0.005758182406446655,3453.993496234124,0,-0.0,-26597.47898326218,-15523.809529917755,6127.85075633656,-1,0.005758182406446655
2021-04-15,10178.321962510228,2632.117986382801,10283.044189205624,10667.479124336862,-1,0.0027505169715164035,3385.645426222896,0,-0.0,-29229.59696964498,-16989.147873278165,5529.405451527117,-1,0.0027505169715164035
2021-04-16,9944.025015040274,844.8786350285184,10252.766622009007,10659.413942551484,-1,0.023019211647355986,3342.0163389476766,0,-0.0,-30074.4756046735,-18582.603167416644,4972.00612334773,-1,0.023019211647355986
2021-04-17,9793.354036789595,3900.5849660210624,10220.155001997282,10651.503851840216,-1,0.01515191062198551,3368.5416102100453,0,-0.0,-33975.060570694564,-20202.583732817493,4387.736319711795,-1,0.01515191062198551
2021-04-18,9927.216873038213,4656.316264546395,10191.603993074923,10643.638286093903,-1,-0.013668742674445289,3460.5718482604034,0,0.0,-29318.744306148168,-21730.534060167985,3806.0287900567273,-1,-0.013668742674445289
2021-04-19,10090.516385448944,2012.4851802016656,10174.001344861117,10637.918414966196,-1,-0.016449677135012886,3206.3996767917906,0,0.0,-27306.259125946504,-22803.0636980297,3217.5208771550083,-1,-0.016449677135012886
2021-04-20,10065.387363071834,3004.2185138962664,10159.28206029666,10633.081308541072,-1,0.0024903603955638287,3101.9837850213908,0,-0.0,-30310.47763984277,-23771.177444121007,2647.5704040916344,-1,0.0024903603955638287
2021-04-21,10123.42005477216,4149.99533090837,10148.01881543675,10626.534225190313,-1,-0.005765569630557632,3201.5852243848044,0,0.0,-26160.4823089344,-24423.8930964849,2122.8476594780923,-1,-0.005765569630557632
2021-04-22,10154.929215337728,3127.8084127764487,10143.68772692695,10620.309550715483,-1,-0.0031125015454351868,3194.2253460512766,0,0.0,-23032.67389615795,-24756.468029237618,1607.720844406796,-1,-0.0031125015454351868
2021-04-23,10467.587382060976,1102.817244665206,10157.82466054772,10617.226491703905,-1,-0.03078880808455242,3070.086586141118,0,0.0,-21929.856651492744,-24854.62247761365,1028.3708665750135,-1,-0.03078880808455242
2021-04-24,10584.779864223021,3159.839027782696,10183.921320830917,10615.976766493059,-1,-0.011195749114345732,3055.0248112112413,0,0.0,-18770.01762371005,-24621.731248281543,390.5657912010768,-1,-0.011195749114345732
2021-04-25,10571.240068757166,3156.2995352770313,10199.455627471443,10610.84019714801,-1,0.0012791759148076398,3182.28635473775,0,-0.0,-21926.31715898708,-24577.208428950627,-365.7708945201208,-1,0.0012791759148076398
2021-04-26,10470.227594827234,2593.499427958761,10209.758398626984,10600.837234029857,-1,0.00955540440600433,3043.8943133282237,0,-0.0,-24519.81658694584,-24930.427593825116,-1224.08092618386,-1,0.00955540440600433
2021-04-27,10302.02900890754,1747.0758035412616,10215.242292030027,10588.490316821246,-1,0.016064463202575596,2879.206410508786,0,-0.0,-26266.8923904871,-25118.958855880162,-2062.431487908619,-1,0.016064463202575596
2021-04-28,10322.989891697162,3693.4316538421876,10220.683750378908,10574.704596578034,-1,-0.0020346363586722926,2913.123845643344,0,0.0,-22573.460736644913,-25273.57268280065,-2852.472028834629,-1,-0.0020346363586722926
2021-04-29,10244.911880715686,2672.9255533555643,10222.794976555433,10558.418238194887,-1,0.007563507452843066,2907.391049337131,0,-0.0,-25246.386290000475,-25422.453713414936,-3730.250905321192,-1,0.007563507452843066
2021-04-30,10099.203241447194,1213.6781809609106,10218.748012638272,10537.143583966177,-1,0.014222537095976762,2803.008289504991,0,-0.0,-26460.064470961384,-25466.95198419707,-4662.4961330039605,-1,0.014222537095976762
2021-05-01,10033.904531763455,2895.9124767763997,10208.30996096825,10516.610061729354,-1,0.006465728842425134,2846.9826228710767,0,-0.0,-29355.976947737785,-25757.06716929076,-5585.97360014787,-1,0.006465728842425134
2021-05-02,9925.383037615593,2118.424768549736,10188.566385522312,10492.979681585392,-1,0.010815480036143965,2769.6047981460197,0,-0.0,-31474.40171628752,-26336.402655964484,-6603.95975094997,-1,0.010815480036143965
2021-05-03,10092.838307283639,3521.073035170644,10179.93302700006,10470.139234798053,-1,-0.016871416350725976,2830.062392008716,0,0.0,-27953.328681116876,-26624.088432983837,-7600.657615150383,-1,-0.016871416350725976
2021-05-04,10181.820782405275,2325.156154512917,10178.704324885646,10452.141978762784,-1,-0.008816397569494594,2726.426907607742,0,0.0,-25628.172526603958,-26575.62311015093,-8494.496761012964,-1,-0.008816397569494594
2021-05-05,10181.009022354792,1980.7145228332956,10178.838677877873,10436.352101809958,-1,7.972641316622564e-05,2693.856734430267,0,-0.0,-27608.887049437253,-26494.587614140542,-9377.672223087508,-1,7.972641316622564e-05
2021-05-06,10331.682268660998,4012.657228908987,10198.22154055891,10426.85567808063,-1,-0.014799441388900325,2852.24566412429,0,0.0,-23596.229820528268,-26170.67532493328,-10146.431090502188,-1,-0.014799441388900325
2021-05-07,10339.67571638379,4143.97681812904,10225.53762453862,10417.981966796984,-1,-0.0007736830764761837,2864.415256729689,0,0.0,-19452.25300239923,-25444.534946518514,-10761.258143007573,-1,-0.0007736830764761837
2021-05-08,10250.621722970001,5601.24762400889,10241.70786703521,10406.323823955368,-1,0.008612842013282607,2911.6618247028136,0,-0.0,-25053.50062640812,-25231.272762531513,-11536.883681984042,-1,0.008612842013282607
2021-05-09,10406.751410502393,1774.054889489242,10257.519618287883,10394.526013335857,-1,-0.015231240772696664,2899.7403101671925,0,0.0,-23279.44573691888,-25029.932093080126,-12313.178625948955,-1,-0.015231240772696664
2021-05-10,10462.834439074884,5199.496524828625,10277.391972088035,10383.525663970573,-1,-0.005389100436846483,3009.5042107138106,0,0.0,-18079.949212090254,-24418.405671692504,-13038.488338324201,-1,-0.005389100436846483
2021-05-11,10354.309091222036,1201.9693827942456,10288.936423910529,10367.697416271541,-1,0.010372461543264544,2862.1029133081042,0,-0.0,-19281.9185948845,-24074.47748599001,-13808.643460967303,-1,0.010372461543264544
2021-05-12,10334.600836173113,692.1552823308414,10297.920004952297,10354.1408097116,-1,0.001903386780836125,2740.3202567858243,0,-0.0,-19974.07387721534,-23921.54748504288,-14490.279859555183,-1,0.001903386780836125
2021-05-13,10244.109184837127,2110.89830233564,10286.746095091105,10342.240892748587,-1,0.008756182533847578,2790.7243096693455,0,-0.0,-22084.972179550983,-23929.30326144579,-15167.028434470549,-1,0.008756182533847578
2021-05-14,10102.453670589506,4279.40248883143,10262.629785409428,10328.0815001269,-1,0.013827997309643347,2846.7024827217824,-1,-0.0,-26364.374668382414,-24309.021113679406,-15894.153814746194,-1,0.013827997309643347
2021-05-15,10196.020328236293,1413.8758334183453,10243.868798383386,10314.780503230424,-1,-0.00926177547531637,2759.581297628848,0,-0.00926177547531637,-24950.49883496407,-24460.230197478257,-16682.340126893032,-1,-0.00926177547531637
2021-05-16,10390.704837049354,5325.98162175282,10239.892660494492,10304.78415626096,-1,-0.019094166404701296,2896.2054073185514,1,0.0,-19624.51721321125,-24215.46522879153,-17314.42435729331,-1,-0.019094166404701296
2021-05-17,10245.383808507124,4269.58545822639,10237.060400474471,10296.152824273038,-1,0.013985675738191539,3022.3308900528073,0,-0.013985675738191539,-23894.10267143764,-24096.825742839057,-17969.223604626968,-1,0.013985675738191539
2021-05-18,10303.062167529897,2713.800606293142,10236.064014266109,10288.642668683615,-1,-0.005629692366905914,2973.3493376753554,0,0.0,-21180.302065144497,-24027.167809264036,-18525.947571188677,-1,-0.005629692366905914
2021-05-19,10236.026059144862,1840.5120075200587,10235.619723187567,10282.353217370104,-1,0.006506425691218176,2931.7286603835796,0,-0.0,-23020.814072664554,-23915.889198397235,-19015.017131682373,-1,0.006506425691218176
2021-05-20,10186.163777922,3113.648278894876,10239.967750011307,10274.048145030472,-1,0.004871253837646861,3026.7271652802783,0,-0.0,-26134.46235155943,-23899.60909242714,-19597.46369704971,-1,0.004871253837646861
2021-05-21,10125.821562588568,4340.886046702294,10244.563601552563,10264.084551223179,-1,0.005923939242388876,3098.975843776573,0,-0.0,-30475.34839826172,-23955.57766495334,-20305.19776243443,-1,0.005923939242388876
2021-05-22,10038.335398933556,3751.2907200430204,10250.21121961846,10254.342676326924,-1,0.00863990769679801,3180.6191413512374,0,-0.0,-34226.639118304745,-24093.189535054196,-21006.776010318932,-1,0.00863990769679801
2021-05-23,10043.206162687678,5599.890385206742,10247.729612388663,10245.591769176564,1,-0.00048521627944819734,3284.5600088530423,0,0.0,-28626.748733098004,-24126.860537653258,-21580.357362394403,-1,-0.00048521627944819734
2021-05-24,9959.752129387425,1865.5503896252965,10236.62617973777,10237.315635558134,-1,-0.008309501164110333,3261.5797206086613,0,-0.0,-30492.2991227233,-24370.066867459223,-22156.499835842635,-1,0.008309501164110333
2021-05-25,9986.688958852106,3243.1550107865633,10226.910176562636,10229.597681215377,-1,-0.002704568257798412,3324.701745006325,0,0.0,-27249.144111936737,-24352.079720584195,-22611.938402667634,-1,-0.002704568257798412
2021-05-26,9981.671835122614,5446.912933511355,10209.409654885716,10220.132605817877,-1,0.0005023810944912999,3396.4145302364427,0,-0.0,-32696.05704544809,-24807.07108183019,-23186.78319139337,-1,0.0005023810944912999
2021-05-27,9957.820825227973,2974.621980489184,10190.316910327925,10212.00317895461,-1,0.0023894804686641624,3337.9467883544503,0,-0.0,-35670.67902593727,-25617.992383007087,-23755.037020781034,-1,0.0023894804686641624
2021-05-28,9867.447261886993,3022.9289077904505,10171.158187273775,10201.490015794636,-1,0.009075636620415994,3209.030852543528,0,-0.0,-38693.60793372772,-26299.99774837307,-24420.601523690857,-1,0.009075636620415994
2021-05-29,9810.534655021478,6117.669137518322,10141.347349499729,10190.956104216242,-1,0.005767713305683375,3426.211564944982,0,-0.0,-44811.27707124604,-27376.589315089426,-25069.86170206642,-1,0.005767713305683375
2021-05-30,9884.642573012106,1914.444972690962,10112.43775619659,10183.03726286043,-1,-0.0075539122582577445,3261.958987338099,0,0.0,-42896.83209855508,-28617.433459412674,-25602.338858408726,-1,-0.0075539122582577445
2021-05-31,9934.15644659556,1288.8366122696978,10091.430123965267,10176.128454437514,-1,-0.005009171876243723,3266.3023488118715,0,0.0,-41607.995486285385,-29733.73730398271,-26077.369295485874,-1,-0.005009171876243723
2021-06-01,9837.04457922537,2098.858138626591,10066.55231111788,10169.386680999041,-1,0.00977555244798567,3336.637491626659,0,-0.0,-43706.85362491198,-30920.376291367545,-26532.797268549344,-1,0.00977555244798567
2021-06-02,9846.815942392015,4897.932573059118,10046.687648995623,10163.752801544815,-1,-0.0009933230542922278,3475.9892051628326,0,0.0,-38808.92105185286,-31756.573734982638,-26846.833158014026,-1,-0.0009933230542922278
2021-06-03,9920.80364944527,3253.237893774782,10037.605147938413,10161.385418059586,-1,-0.007513871233717939,3424.680975410001,0,0.0,-35555.68315807808,-32216.13915946742,-27048.963840476124,-1,-0.007513871233717939
2021-06-04,9755.185229391749,1991.926970821562,10015.563392996184,10152.96260628367,-1,0.016694052811213722,3453.5835322801613,0,-0.0,-37547.61012889964,-32845.99472416421,-27294.477783531027,-1,0.016694052811213722
2021-06-05,9808.19102262119,1870.5505741418217,9986.437702274776,10145.362920465415,-1,-0.005433601923799269,3280.8119798996113,0,0.0,-35677.05955475782,-33648.62184124153,-27598.17155461939,-1,-0.005433601923799269
2021-06-06,9743.199618582508,1534.2058055893822,9961.328492778546,10137.877061761015,-1,0.006626237589458461,3144.042997267761,0,-0.0,-37211.2653603472,-34314.479975687005,-27843.421524802074,-1,0.006626237589458461
2021-06-07,9798.794185884515,2686.6788047104465,9936.115093696277,10130.954286113763,-1,-0.0057059866859316966,3142.6869071886263,0,0.0,-34524.58655563675,-34981.69420021163,-28094.144897425434,-1,-0.0057059866859316966
2021-06-08,9724.003992029995,2800.759604003698,9910.513990340532,10122.976230027845,-1,0.007632591565425284,3190.6992870128083,0,-0.0,-37325.346159640445,-35696.92080456042,-28345.087905457527,-1,0.007632591565425284
2021-06-09,9548.497184509943,2093.2578177475298,9878.63066066993,10112.44880777317,-1,0.018048821006645177,3139.679763955441,0,-0.0,-39418.603977387975,-36361.12788585185,-28575.896320825348,-1,0.018048821006645177
2021-06-10,9393.091340651965,4713.009659908222,9841.9941495731,10098.289237364637,-1,0.01627542437883156,3158.285944615737,0,-0.0,-44131.6136372962,-37043.94114780357,-28918.86199401589,-1,0.01627542437883156
2021-06-11,9397.608003612972,1409.6390602162653,9809.957779807071,10082.911794982616,-1,-0.00048084946661375305,3041.2033616244,0,0.0,-42721.974577079935,-37468.70792074232,-29299.433370587005,-1,-0.00048084946661375305
2021-06-12,9422.015706221933,3993.2151350400613,9778.898256983784,10068.85363212417,-1,-0.0025972250172148215,2960.8695991160657,0,0.0,-38728.759442039875,-37973.80845618942,-29574.919142275507,-1,-0.0025972250172148215
2021-06-13,9336.81085177062,1255.943860054299,9747.751193102944,10054.360565908786,-1,0.009043166251043955,2930.3892726375157,0,-0.0,-39984.703302094174,-38448.42866515797,-29798.03954758937,-1,0.009043166251043955
2021-06-14,9396.435021760335,7541.15378848556,9718.238496248356,10041.329116896288,-1,-0.006385924587773761,3145.2892115224654,0,0.0,-32443.549513608614,-38708.14893524155,-29851.605423322097,-1,-0.006385924587773761
2021-06-15,9240.31136873572,1358.919187067933,9681.17047292901,10029.600556124546,-1,0.01661520062268962,2940.8895242002945,0,-0.0,-33802.468700676545,-38763.46951800298,-29913.738641588818,-1,0.01661520062268962
2021-06-16,9234.205389588875,3712.2459561958476,9644.989701147057,10020.281412004533,-1,0.0006607979864731162,2977.7707229856273,0,-0.0,-37514.71465687239,-38855.67129954974,-29972.73287635845,-1,0.0006607979864731162
2021-06-17,9122.377666401615,1827.9024987236344,9607.736221372787,10006.867425227256,-1,0.012110161997624602,2918.0194025322867,0,-0.0,-39342.617155596025,-38888.121760643146,-30139.797423849242,-1,0.012110161997624602
2021-06-18,9062.914714881928,1976.1018833390729,9570.355224365809,9989.740730717807,-1,0.006518361078021728,2710.9410398233244,0,-0.0,-41318.719038935094,-38713.49385902761,-30373.338422399054,-1,0.006518361078021728
2021-06-19,9067.210416039323,2133.4372579379756,9529.48361651717,9973.104448267264,-1,-0.0004739867131642317,2721.8906540856747,0,0.0,-39185.28178099712,-38527.91634314971,-30521.251824751624,-1,-0.0004739867131642317
2021-06-20,8989.194925761303,2613.376948582063,9482.235540475458,9954.200696117083,-1,0.008604133652839407,2788.1176709012934,0,-0.0,-41798.65872957918,-38537.4495053144,-30781.88809842904,-1,0.008604133652839407
2021-06-21,8954.626478292661,4863.1698292740375,9438.114635428821,9934.195650499665,-1,0.003845555442298365,2926.3332554336657,0,-0.0,-46661.82855885322,-38685.198252011454,-31175.707342807294,-1,0.003845555442298365
2021-06-22,9044.736240635733,3883.722090897405,9398.010650341008,9910.481464809245,-1,-0.010062928092144485,2875.6227313255795,0,0.0,-42778.10646795582,-38883.657522816604,-31523.178173081677,-1,-0.010062928092144485
2021-06-23,8992.557892643692,1229.765880651957,9351.598362500928,9883.94443194959,-1,0.005768918695231551,2774.449130669439,0,-0.0,-44007.87234860777,-39306.26698234309,-31943.809085163306,-1,0.005768918695231551
2021-06-24,9067.707989625407,2332.0819150730385,9317.224500512613,9858.88556396406,-1,-0.008356921120651561,2791.4568778820126,0,0.0,-41675.790433534734,-39512.67599757484,-32272.966973072434,-1,-0.008356921120651561
2021-06-25,8965.269470906273,1491.112164347738,9275.078422926865,9833.80292856538,-1,0.011297068546576194,2772.4849573923084,0,-0.0,-43166.90259788247,-39887.16814973108,-32583.75173992138,-1,0.011297068546576194
2021-06-26,9012.767843124497,2291.8947863688795,9238.556834153966,9812.315242468994,-1,-0.005298041779152829,2810.369406431283,0,0.0,-40875.00781151359,-40070.355272289395,-32827.22033027182,-1,-0.005298041779152829
2021-06-27,9142.693076203725,1057.6340415605334,9205.751778669925,9792.643628877437,-1,-0.01441568620657896,2728.9171682737874,0,0.0,-39817.37376995306,-40334.99463300521,-33114.61888082695,-1,-0.01441568620657896
2021-06-28,8916.718205622215,2141.3106695332717,9165.387489349536,9770.507067625878,-1,0.024716445001273013,2695.9447215502664,0,-0.0,-41958.68443948633,-40566.66154699751,-33393.157183318384,-1,0.024716445001273013
2021-06-29,8845.66130129794,3676.8141119490256,9130.245695188936,9749.614701956723,-1,0.007968952554704756,2775.122536260341,0,-0.0,-45635.498551435354,-40877.50627569987,-33712.747751326286,-1,0.007968952554704756
2021-06-30,8896.707147132527,3934.053391723266,9105.426485512964,9730.661412212878,-1,-0.005770721271805668,2736.174722851093,0,0.0,-41701.445159712086,-40755.99785182067,-33918.50555485919,-1,-0.005770721271805668
2021-07-01,8878.642793760517,4661.259219589632,9079.478225020343,9713.215741481958,-1,0.0020304538604299927,2898.7557308197615,0,-0.0,-46362.70437930172,-40938.03434193176,-34166.643932576095,-1,0.0020304538604299927
2021-07-02,8911.595510100939,3077.1827349729238,9053.957215214292,9693.528361528912,-1,-0.0037114587337132576,2852.954110816405,0,0.0,-43285.5216443288,-41165.872452046206,-34422.18048196296,-1,-0.0037114587337132576
2021-07-03,8857.770793319896,4439.167166449155,9030.005212291757,9671.460861710822,-1,0.006039851867158275,3012.1152761361473,0,-0.0,-47724.68881077795,-41552.87172748039,-34790.45575336586,-1,0.006039851867158275
2021-07-04,8865.440718224669,1955.615337647055,9003.455497114974,9649.534723308656,-1,-0.0008658978747289048,2732.838353594222,0,0.0,-45769.0734731309,-42219.147925456506,-35093.12552709409,-1,-0.0008658978747289048
2021-07-05,8851.639245209213,2541.2526460073595,8984.021890938648,9624.867339584458,-1,0.0015567723539207101,2791.9550265411935,0,-0.0,-48310.326119138255,-42944.540796379595,-35505.02713207092,-1,0.0015567723539207101
2021-07-06,8955.007100477607,4538.656771696813,8970.061976483083,9601.789529319354,-1,-0.011677820616598167,2833.275567316242,1,0.0,-43771.66934744144,-43257.38853090804,-35910.35073782163,-1,-0.011677820616598167
2021-07-07,8977.790505060324,2452.9730969032894,8962.832618416021,9580.575675687527,-1,-0.002544208433011841,2864.5290972252246,0,0.002544208433011841,-41318.69625053815,-43356.19248565515,-36181.43733155712,-1,-0.002544208433011841
2021-07-08,9008.099764800943,2149.1955233075873,8960.091870911969,9557.264814925837,-1,-0.003376026620752093,2873.18377922365,0,0.0,-39169.50072723057,-43248.731570069926,-36446.27158139565,-1,-0.003376026620752093
2021-07-09,8970.997476784396,2840.0688634780126,8955.281223949223,9532.400865554328,-1,0.004118769661224708,2908.5153595006523,0,-0.0,-42009.569590708576,-43389.9459605555,-36845.098587705965,-1,0.004118769661224708
2021-07-10,8927.254334726209,3064.5798393030095,8952.184194397469,9508.61661961273,-1,0.004876062240724899,2931.0755040366994,0,-0.0,-45074.14943001159,-43553.720495577116,-37274.969101624745,-1,0.004876062240724899
2021-07-11,8888.63876515387,4535.5252331964475,8948.88480874053,9484.51725176241,-1,0.004325581878196094,2914.69327423282,0,-0.0,-49609.67466320803,-43701.112800794865,-37768.895781391286,-1,0.004325581878196094
2021-07-12,8923.700191191287,2757.671647127613,8942.833006268305,9462.510435201646,-1,-0.003944521423782987,2858.3907520443304,0,0.0,-46852.003016080416,-43904.80762820109,-38181.679628666774,-1,-0.003944521423782987
2021-07-13,8886.132798271443,3436.0121509007645,8937.511751549695,9442.238420663014,-1,0.004209844808202634,2968.703065556771,0,-0.0,-50288.01516698118,-44218.81476911977,-38580.4069703101,-1,0.004209844808202634
2021-07-14,8911.882576871258,1580.9666575749125,8929.720480911987,9420.836124806929,-1,-0.002897748568963854,2931.1473026818644,0,0.0,-48707.04850940627,-44570.37767291334,-38976.34946488413,-1,-0.002897748568963854
2021-07-15,9096.839859045987,2128.0632871075736,8936.299000318973,9399.271708506874,-1,-0.020754007986454326,2962.9948588198563,0,0.0,-46578.985222298696,-44740.98180413415,-39425.59059836892,-1,-0.020754007986454326
2021-07-16,9176.084678289757,758.892054408083,8944.464842077237,9381.450056336584,-1,-0.008711247034316916,2886.3447222218165,0,0.0,-45820.09316789061,-44988.236071953,-39791.0237733098,-1,-0.008711247034316916
2021-07-17,9146.168482906885,2721.474239871614,8944.638612412395,9362.1684949262,-1,0.0032602353216782953,2969.5367321373706,0,-0.0,-48541.567407762224,-45424.44575384346,-40247.04486235343,-1,0.0032602353216782953
2021-07-18,9256.033532068133,6270.909757584908,8961.60437873469,9345.835286141586,-1,-0.012012139221639462,3176.0166865399524,1,0.0,-42270.657650177316,-45440.044414378004,-40567.87558864531,-1,-0.012012139221639462
2021-07-19,9218.261938705147,888.9318612618891,8980.23441060505,9329.703588821307,-1,0.004080753730215436,3036.622574005595,0,-0.004080753730215436,-43159.589511439204,-45316.2489623782,-40851.62770797664,-1,0.004080753730215436
2021-07-20,9030.382280415435,2586.7800281522473,8986.918167269196,9311.446267451753,-1,0.020381245351778654,2969.2589058270446,0,-0.0,-45746.369539591455,-45518.49518137217,-41106.1447269988,-1,0.020381245351778654
2021-07-21,8939.348232823057,2660.2067819787535,8989.953439222323,9293.129814683247,-1,0.010080863109173999,2869.2062839465007,0,-0.0,-48406.57632157021,-45620.68877848559,-41342.47701371989,-1,0.010080863109173999
2021-07-22,8772.111628291035,2141.7884129498684,8982.979245131826,9271.944905776636,-1,0.018707919210258606,2822.436567845348,0,-0.0,-50548.36473452008,-45983.83093299515,-41707.83728041026,-1,0.018707919210258606
2021-07-23,8741.276473082436,5718.900909427057,8977.154529119955,9251.636978171553,-1,0.0035151348404131033,2886.423254994243,0,-0.0,-56267.26564394714,-46410.95977465362,-42137.42005576399,-1,0.0035151348404131033
2021-07-24,8742.886474529256,6306.559113030255,8971.026816935184,9230.90693676617,-1,-0.00018418379189544254,3103.970443763403,0,0.0,-49960.70653091688,-46620.541427542914,-42515.946096080326,-1,-0.00018418379189544254
2021-07-25,8889.455485558134,2406.641905942084,8972.917628952631,9212.703330940096,-1,-0.016764373122752918,3097.239906760139,0,0.0,-47554.064624974795,-46582.72835283475,-42763.5795557391,-1,-0.016764373122752918
2021-07-26,8918.517548919004,2676.5521005376613,8971.0931513747,9195.38160966828,-1,-0.0032692737376416314,3004.134673202182,0,0.0,-44877.51252443713,-46638.020511684525,-42917.0267807141,-1,-0.0032692737376416314
2021-07-27,8898.97702980741,2545.172140370996,8967.152477612053,9179.24043913362,-1,0.0021910052880886877,3008.744625375567,0,-0.0,-47422.68466480813,-46943.219932398024,-43062.51139289878,-1,0.0021910052880886877
2021-07-28,8972.78564196087,1546.2752165269517,8965.38677147005,9165.277955582611,-1,-0.008294055811834955,2978.598610036535,0,0.0,-45876.40944828118,-47278.56536845055,-43080.26359918269,-1,-0.008294055811834955
2021-07-29,8774.385210429884,1432.34311473981,8955.556158152325,9146.77366620624,-1,0.022111353090078834,2908.2123225996247,0,-0.0,-47308.752563020986,-47543.52451706617,-43153.79560692379,-1,0.022111353090078834
2021-07-30,8795.058939370181,1873.8155830490332,8948.946388384524,9127.788707752483,-1,-0.0023561455810856557,2848.6741097869262,0,0.0,-45434.93697997195,-47561.56389456419,-43217.5779651519,-1,-0.0023561455810856557
2021-07-31,8862.85698751563,2818.0185813559115,8947.65729950261,9111.552247890655,-1,-0.007708651938869604,2762.7987771948997,0,0.0,-42616.918398616035,-47211.9260813346,-43199.412378046974,-1,-0.007708651938869604
2021-08-01,8731.812003115087,1929.8999560912075,8938.062890098801,9092.968848902707,-1,0.014785862457798338,2721.410192643079,0,-0.0,-44546.81835470724,-47096.66684826594,-43295.04399976121,-1,0.014785862457798338
2021-08-02,8831.682455945942,3688.319218446449,8935.340372982526,9074.81682901105,-1,-0.011437540432069238,2734.0255460203634,0,0.0,-40858.49913626079,-46625.19104672992,-43383.42426606426,-1,-0.011437540432069238
2021-08-03,8861.577383780634,5565.20593187925,8932.825113327995,9059.923364917531,-1,-0.0033849640749441523,2933.2375097355807,0,0.0,-35293.29320438154,-45954.503281478675,-43345.852317322286,-1,-0.0033849640749441523
2021-08-04,8824.776323924827,1930.75602057348,8919.221936571937,9043.53311993926,-1,0.004152879139007859,2923.3721464088753,0,-0.0,-37224.049224955015,-45486.7564816115,-43371.635478492244,-1,0.004152879139007859
2021-08-05,8880.617908227065,2479.2676648863157,8904.448598068802,9029.1567581,-1,-0.006327818661062912,3009.390926932787,0,0.0,-34744.7815600687,-44932.9909012204,-43330.52741515426,-1,-0.006327818661062912
2021-08-06,9082.269464798073,2584.4067162613474,8901.253647163361,9017.214679415227,-1,-0.022706928578043906,3002.537550752274,0,0.0,-32160.374843807356,-44113.93127302265,-43291.123886623776,-1,-0.022706928578043906
2021-08-07,9098.787048148024,3408.161825631676,8893.391322967356,9006.794397017195,-1,-0.0018186625505851595,2859.400154154612,0,0.0,-28752.21301817568,-43438.00904142257,-43148.238334266025,-1,-0.0018186625505851595
2021-08-08,9121.372110705155,893.2850583848553,8888.546831567357,8999.675645787114,-1,-0.002482205863003184,2859.6178140107604,0,0.0,-27858.927959790824,-42672.97596384015,-42955.577067306076,1,-0.002482205863003184
2021-08-09,9079.472093727009,2714.944053767827,8891.001322232934,8994.448658338366,-1,0.004593608995402287,2866.0260152915394,0,-0.0,-30573.87201355865,-41914.35108753852,-42729.614706910455,1,-0.004593608995402287
2021-08-10,9002.310711361342,2052.725762180309,8894.14944615985,8987.86037013417,-1,0.008498443694647917,2835.651964301617,0,-0.0,-32626.597775738963,-41125.352160246955,-42561.3584268881,1,-0.008498443694647917
2021-08-11,9077.060121514372,2847.0136075217365,8909.396870821018,8982.111110389045,-1,-0.008303358165442143,2870.9132240302106,0,0.0,-29779.584168217225,-40086.91313193181,-42412.20550565772,1,0.008303358165442143
2021-08-12,8999.352877946065,2432.1249836884863,8922.300691064198,8976.486810825303,-1,0.008560838259088599,2706.5744277432823,0,-0.0,-32211.70915190571,-38884.135307329736,-42282.655603154584,1,-0.008560838259088599
2021-08-13,9005.793376174905,2410.352894006051,8935.44603614648,8969.97611673221,-1,-0.0007156623721937816,2511.764116792072,0,0.0,-29801.35625789966,-37876.16779367888,-42238.61904889277,1,0.0007156623721937816
2021-08-14,8962.776533473327,2546.4108362591464,8939.112088542239,8965.350536144508,-1,0.004776574467651007,2518.752563307925,0,-0.0,-32347.767094158808,-37115.85291713808,-42214.374022117474,1,-0.004776574467651007
2021-08-15,9005.706424895396,2839.1446540710353,8943.47153234106,8961.54222006628,-1,-0.00478979825746384,2526.8821909845938,0,0.0,-29508.622440087773,-36347.40841292062,-42080.93915183773,1,0.00478979825746384
2021-08-16,9035.755054548665,2065.112953997552,8950.31043357812,8960.098509868732,-1,-0.0033366210528695817,2502.8792316659215,0,0.0,-27443.50948609022,-35348.44965398471,-41882.620690679294,1,0.0033366210528695817
2021-08-17,9129.50462250491,4839.872463119773,8958.146382605326,8961.208341662448,-1,-0.010375399442579036,2667.5590939955628,1,0.0,-22603.637022970448,-34184.811032719175,-41570.70265707989,1,0.010375399442579036
2021-08-18,9082.942651795933,1798.0326252691289,8973.574254673626,8961.470545591726,1,0.0051001639885475125,2685.8435695220287,0,-0.0051001639885475125,-24401.66964823958,-33039.456886980115,-41324.30912153392,1,-0.0051001639885475125
2021-08-19,9058.430066191664,2769.6814081963294,8986.742811014701,8962.624464598897,1,-0.0026987493529337936,2730.6368607793934,0,-0.0,-27171.35105643591,-32126.2775908033,-41080.52066031487,1,-0.0026987493529337936
2021-08-20,8969.769439484266,5025.621730585358,8992.088433613133,8962.876847285424,1,-0.009787637157822937,2841.0170182408656,0,-0.0,-32196.972787021266,-31605.280310223567,-40839.43973078434,1,-0.009787637157822937
2021-08-21,8929.917358420269,2660.932958772746,9001.993701378391,8960.963199248501,1,-0.004442932600761229,2877.5686683749427,0,-0.0,-34857.905745794014,-31120.83467977791,-40707.43638541498,1,-0.004442932600761229
2021-08-22,8963.609980642086,918.781917483719,9008.5900776132,8960.480734048473,1,0.0037730049304485203,2739.0918033268063,0,0.0,-33939.123828310294,-30774.86591438038,-40539.62391007669,1,0.0037730049304485203
2021-08-23,9031.463487836034,2306.6074614561658,9017.08438281597,8959.876659018651,1,0.007569886166453488,2576.1618798056525,0,0.0,-31632.516366854128,-30591.827072504013,-40372.23600896534,1,0.007569886166453488
2021-08-24,8948.178463285447,1841.1225899222156,9023.254489784002,8959.591808891639,1,-0.009221653241776262,2571.6802082730887,0,-0.0,-33473.63895677635,-30404.30655909508,-40210.68161494691,1,-0.009221653241776262
2021-08-25,9025.992352943797,1626.7391346289057,9030.523212019836,8959.812217388624,1,0.008696059201056539,2529.0537817602185,0,0.0,-31846.899822147443,-30259.412472199016,-40060.21314845747,1,0.008696059201056539
2021-08-26,9148.352122413142,1709.4623228676303,9033.82734490059,8959.906534825448,1,0.013556378588049478,2485.306562090532,0,0.0,-30137.43749927981,-30158.265604972643,-39898.88087727958,1,0.013556378588049478
2021-08-27,9186.174603157004,2043.6209817341035,9038.196722651039,8964.397474784364,1,0.0041343490322369725,2417.0795198956534,0,0.0,-28093.816517545707,-30125.345779941137,-39667.79974524724,1,0.0041343490322369725
2021-08-28,9358.580343443327,2804.2877173181523,9050.057134287948,8972.946125486786,1,0.01876795812558063,2512.6296528423186,0,0.0,-25289.528800227556,-29996.875821962974,-39328.70024939378,1,0.01876795812558063
2021-08-29,9286.164659556332,2612.215080135469,9060.391762579415,8979.437084027182,1,-0.007737891991035806,2507.4932041607008,0,-0.0,-27901.743880363025,-29863.26941530319,-39098.70522807129,1,-0.007737891991035806
2021-08-30,9170.583974363923,1414.2302847454969,9068.805425729543,8984.302770370572,1,-0.012446547033114097,2475.56843028896,0,-0.0,-29315.97416510852,-29697.73823477167,-38814.59305783474,1,-0.012446547033114097
2021-08-31,9007.46494026914,3147.3297551520754,9065.32566666728,8985.900594206709,1,-0.017787202489042975,2490.5842376704773,0,-0.0,-32463.303920260594,-29831.92422237384,-38634.2227624336,1,-0.017787202489042975
2021-09-01,9142.220607117419,2739.2713333014044,9072.46905312585,8990.641424436668,1,0.014960443114891975,2505.941555151123,0,0.0,-29724.03258695919,-29707.540394126518,-38334.21182536995,1,0.014960443114891975
2021-09-02,9202.044158998518,5717.618536559934,9082.28159226703,8996.251481782898,1,0.006543656563540612,2671.304837278817,0,0.0,-24006.414050399257,-29417.793283751496,-37971.50083499109,1,0.006543656563540612
2021-09-03,9196.929233035704,7516.143466813112,9093.989227245149,9002.00631491334,1,-0.0005558467091045793,2919.7914688065152,0,-0.0,-31522.557517212368,-29376.532804904167,-37691.704691625666,1,-0.0005558467091045793
2021-09-04,9222.67774947304,1176.6296946644775,9104.837793474031,9006.467492396598,1,0.0027996862631982644,2836.6657208361876,0,0.0,-30345.927822547892,-29418.39807402718,-37467.942332877436,1,0.0027996862631982644
2021-09-05,9118.877521535096,1331.6032125464674,9108.993916823352,9008.818942671176,1,-0.01125489047298378,2799.990233763633,0,-0.0,-31677.53103509436,-29630.099151477385,-37307.25624595338,1,-0.01125489047298378
2021-09-06,9341.902649036874,6911.053640736311,9119.61381814995,9014.38232407511,1,0.02445751979616828,2903.5492926444604,1,0.0,-24766.477394358048,-29738.241170046764,-37067.205857072164,1,0.02445751979616828
2021-09-07,9353.974366058936,2391.8438607348257,9133.1654038631,9020.765272229684,1,0.0012922118197524757,2933.239854417745,0,0.0012922118197524757,-22374.633533623222,-29636.889364315946,-36739.95692278741,1,0.0012922118197524757
2021-09-08,9364.207127104079,4947.036548769031,9148.45425690872,9028.047818769317,1,0.0010939479460487789,3042.1076114463804,0,0.0,-17427.596984854194,-29149.701660736864,-36279.18104870145,1,0.0010939479460487789
2021-09-09,9432.169417025343,973.545795848376,9171.574255785776,9037.106662967173,1,0.007257666238986937,2839.503814709531,0,0.0,-16454.05118900582,-28362.55558083609,-35726.58732413142,1,0.007257666238986937
2021-09-10,9477.539022674282,2525.70679686182,9198.955338998476,9046.337310158557,1,0.004810092317367065,2832.742506613985,0,0.0,-13928.344392144,-27316.077513153585,-35177.859680399146,1,0.004810092317367065
2021-09-11,9498.75771844087,3518.6966418884545,9225.712725888416,9056.547725494715,1,0.0022388402427913068,2962.738242834221,0,0.0,-10409.647750255544,-26139.603709250852,-34513.22022345372,1,0.0022388402427913068
2021-09-12,9423.672465091955,7210.7613711249,9245.32317475121,9065.077556965058,1,-0.007904744554453003,3207.945938317658,0,-0.0,-17620.409121380442,-25438.99834697717,-33995.10956698662,1,-0.007904744554453003
2021-09-13,9468.102098845002,3452.3140804477516,9271.31935652919,9071.265260961709,1,0.004714683571360068,3288.5055128439353,0,0.0,-14168.09504093269,-24473.721151184982,-33454.92806396385,1,0.004714683571360068
2021-09-14,9646.29409969653,1442.4884333681803,9302.334443866826,9079.102084651822,1,0.0188202449647501,3279.292977780898,0,0.0,-12725.60660756451,-23517.65649045584,-32903.353287958416,1,0.0188202449647501
2021-09-15,9776.077274224914,1270.221833118544,9333.720701457414,9089.600564507122,1,0.013454200461549881,3257.3309532934445,0,0.0,-11455.384774445967,-22583.553854214148,-32285.25024406981,1,0.013454200461549881
2021-09-16,9931.828429967798,2742.2372971737127,9371.003392797955,9100.86381280545,1,0.015931866266393868,3292.261769065425,0,0.0,-8713.147477272254,-21614.520402200473,-31725.958407854727,1,0.015931866266393868
2021-09-17,9881.055366077553,1571.0211277615983,9397.127143929665,9111.910369928324,1,-0.00511215676431187,3230.598439587597,0,-0.0,-10284.168605033852,-20864.252392440787,-31178.034726081303,1,-0.00511215676431187
2021-09-18,9783.27196588243,5927.44157779639,9421.98250924597,9124.458531352773,1,-0.009896048202585828,3396.3597644706433,0,-0.0,-16211.610182830242,-20279.74570756415,-30685.788736801955,1,-0.009896048202585828
2021-09-19,9770.965889391575,3130.849164154907,9452.001604997353,9138.318825628918,1,-0.0012578692009963532,3482.190708441113,0,-0.0,-19342.45934698515,-19781.069966657982,-30201.386787225536,1,-0.0012578692009963532
2021-09-20,9776.410751563195,2472.1193860336202,9490.448895562056,9155.057144350118,1,0.0005572491228866827,3448.430189985191,0,0.0,-16870.33996095153,-19001.42176869253,-29640.086374332725,1,0.0005572491228866827
2021-09-21,9883.38340881768,3397.5581404078594,9527.50703564707,9174.092259945704,1,0.010941915184709439,3481.3445303405133,0,0.0,-13472.78182054367,-18188.859230371752,-28926.844977276003,1,0.010941915184709439
2021-09-22,9716.110640404338,2843.1942319960112,9553.21035971736,9190.31266271029,1,-0.016924646297148183,3337.6233151123174,0,-0.0,-16315.976052539681,-17804.337330478775,-28366.099469303048,1,-0.016924646297148183
2021-09-23,9864.723441743788,2802.5432936423535,9586.600070152765,9206.567128646719,1,0.015295503194606042,3101.9433064537798,0,0.0,-13513.432758897328,-16903.881092563017,-27798.755604868424,1,0.015295503194606042
2021-09-24,9849.136399532861,3742.2268001304756,9617.923002655754,9222.077442823615,1,-0.0015800789857898234,3230.2231617270795,0,-0.0,-17255.659559027805,-16249.367679387016,-27338.39138877827,1,-0.0015800789857898234
2021-09-25,9807.092300689954,1431.8424662835291,9652.333741613498,9237.212697338324,1,-0.004268810699474268,3235.2351244139327,0,-0.0,-18687.502025311333,-15599.866228897863,-26859.471678119986,1,-0.004268810699474268
2021-09-26,9707.834290428867,3024.930613316142,9670.630323683097,9249.463508146124,1,-0.0101210437526017,3040.928973042924,0,-0.0,-21712.432638627473,-15447.163991111336,-26456.738731292426,1,-0.0101210437526017
2021-09-27,9547.183546980033,1922.8778551150513,9680.290782729153,9262.343480421961,1,-0.016548566718657565,3017.4806727619352,0,-0.0,-23635.310493742523,-15510.1978391173,-26062.18136347112,1,-0.016548566718657565
2021-09-28,9625.773153535623,3749.7170811752776,9693.36908405073,9276.188717324718,1,0.008231705839619075,2957.614699382248,0,0.0,-19885.593412567247,-15633.097660502954,-25636.358970681038,1,0.008231705839619075
2021-09-29,9632.830574737964,1464.6379040585277,9703.40214193636,9289.021610445088,1,0.0007331796718841321,2982.169304792755,0,0.0,-18420.95550850872,-15731.442876478099,-25233.092922512584,1,0.0007331796718841321
2021-09-30,9508.570826785543,3964.5454963151365,9704.953732141923,9301.967590839597,1,-0.012899608997410494,3054.1112397654215,0,-0.0,-22385.501004823855,-16154.30070711209,-24863.737633347864,1,-0.012899608997410494
2021-10-01,9385.42734448121,2497.6994986398813,9699.28721344394,9311.196672315185,1,-0.01295078772063607,3003.0613826029926,0,-0.0,-24883.200503463737,-16877.9783447725,-24597.482656134576,1,-0.01295078772063607
2021-10-02,9353.912515495449,3429.026377427531,9695.799215964116,9319.402257843765,1,-0.0033578469929014254,2813.9746329181244,0,-0.0,-28312.226880891267,-17412.569232748043,-24481.131550743074,1,-0.0033578469929014254
2021-10-03,9510.031328835807,2564.954595097476,9697.895677463655,9330.823174592282,1,0.016690215252893825,2769.6066586506104,0,0.0,-25747.27228579379,-17991.5280949911,-24289.851935090388,1,0.016690215252893825
2021-10-04,9485.34410999418,842.8175290148246,9689.848177978538,9340.901944621733,1,-0.0025959135136360834,2739.6231134329423,0,-0.0,-26590.089814808616,-18684.752255353298,-24153.94040600272,1,-0.0025959135136360834
2021-10-05,9342.765828425798,4106.201727930918,9668.182605688582,9345.243550682197,1,-0.015031429531181084,2881.4221081735614,0,-0.0,-30696.291542739535,-19646.79759376798,-24129.539017651587,1,-0.015031429531181084
2021-10-06,9319.80662940865,3967.2797436688275,9637.581515660624,9348.927210369873,1,-0.0024574306408594593,2942.6742304983172,0,-0.0,-34663.57128640836,-20944.318784224783,-24228.061655455465,1,-0.0024574306408594593
2021-10-07,9294.389320075346,990.7231326420734,9608.248213360515,9351.810830526043,1,-0.002727235697476682,2913.659330742341,0,-0.0,-35654.294419050435,-22212.825074925615,-24357.984429776458,1,-0.002727235697476682
2021-10-08,9043.730175959246,3610.2573280428796,9571.271123864355,9351.21513189658,1,-0.02696886642941576,2797.800118254665,0,-0.0,-39264.55174709331,-23365.47215313877,-24502.829092002034,1,-0.02696886642941576
2021-10-09,9038.819894731978,1329.2952997356538,9534.663824131374,9351.823618286091,1,-0.0005429486651781223,2707.7224250337026,0,-0.0,-40593.84704682897,-24428.041538130958,-24635.616579853537,1,-0.0005429486651781223
2021-10-10,9017.94613847167,6611.378620723609,9496.7405934768,9350.838385235378,1,-0.002309345302086707,2914.685386768202,0,-0.0,-47205.22566755258,-25944.78582346101,-24926.043938175793,-1,-0.002309345302086707
2021-10-11,9080.729653463157,4206.120959709368,9456.607905709072,9352.194664827332,1,0.006962063648134231,2955.1135277332774,0,0.0,-42999.10470784321,-27421.10196782599,-25105.833864108085,-1,-0.006962063648134231
2021-10-12,9248.628357856373,1277.245577963279,9433.233791581673,9356.241914522021,1,0.01848956094945331,2876.8160950316405,0,0.0,-41721.85912987993,-28691.396121693,-25304.508911974423,-1,-0.01848956094945331
2021-10-13,9352.82017064882,3043.219690375252,9407.638628026925,9362.74264180828,1,0.011265650295477547,2888.849914868286,0,0.0,-38678.63943950468,-29949.656455723365,-25410.023451063524,-1,-0.011265650295477547
2021-10-14,9327.671494962015,3658.4062307186805,9381.565382798384,9368.10872630939,1,-0.002688886905548249,2884.6588863976963,0,-0.0,-42337.045670223364,-31203.72576128315,-25623.83050489911,-1,0.002688886905548249
2021-10-15,9224.458393187948,4359.039189495097,9352.433687423285,9371.253781953377,-1,-0.011065259087416734,3031.0187225582745,0,-0.0,-46696.08485971846,-32604.154903003502,-25944.70676112625,-1,0.011065259087416734
2021-10-16,9461.836897545754,2753.226089993639,9340.13381777913,9376.79265320406,-1,-0.02573359803249864,3017.433496392149,0,0.0,-43942.85876972482,-33715.67620955837,-26300.36045690549,-1,-0.02573359803249864
2021-10-17,9467.440049185487,4799.441457823526,9336.146642889402,9383.20094316055,-1,-0.0005921843401450744,3161.261676527573,0,0.0,-39143.4173119013,-34491.08155046631,-26546.05625129985,-1,-0.0005921843401450744
2021-10-18,9468.758796546621,4764.061169853675,9328.295925039949,9390.039755333133,-1,-0.0001392929191295078,3211.978880961493,0,0.0,-34379.356142047625,-35215.76968694033,-26666.189669393378,-1,-0.0001392929191295078
2021-10-19,9466.474450238717,6287.259051126298,9319.978118814988,9398.318172179042,-1,0.00024125087110016263,3453.1099383148817,0,-0.0,-40666.61519317392,-36328.05267117359,-26807.350376162594,-1,0.00024125087110016263
2021-10-20,9485.226093506622,1795.0044035981234,9318.810882151043,9407.573317763814,-1,-0.001980847607678582,3344.632883679031,0,0.0,-38871.610789575796,-37152.35816041119,-26874.245460225622,-1,-0.001980847607678582
2021-10-21,9471.53318204612,6327.735462690475,9323.116174029288,9416.03870445388,-1,0.0014436041192393834,3536.1346818815605,0,-0.0,-45199.346252266274,-38168.16544785131,-27061.915833958225,-1,0.0014436041192393834
2021-10-22,9417.198594711665,4150.945730051691,9326.280477990098,9422.467622901808,-1,0.0057366200688026,3572.230649512768,0,-0.0,-49350.29198231796,-39220.068702922654,-27357.212094215953,-1,0.0057366200688026
2021-10-23,9365.69980218212,2711.406300133457,9319.063901657415,9429.426311883419,-1,0.0054685894124038015,3579.5532347645676,0,-0.0,-52061.69828245142,-40535.79000275553,-27667.013082977206,-1,0.0054685894124038015
2021-10-24,9362.632229218292,3086.549408268593,9312.92830761862,9435.036976487994,-1,0.00032753270216001606,3691.7398287272563,0,-0.0,-55148.24769072001,-41963.69789655109,-28055.368880786747,-1,0.00032753270216001606
2021-10-25,9311.753366454566,4758.0875455451,9311.37768452006,9437.760330555353,-1,0.005434247711337714,3724.334119607965,0,-0.0,-59906.33523626511,-43424.200081227376,-28551.517176403166,-1,0.005434247711337714
2021-10-26,9245.374925288497,2826.7578159367176,9307.65609931405,9438.747002590877,-1,0.007128457826771517,3667.3080232213592,0,-0.0,-62733.09305220183,-44827.67616951706,-29128.83845198077,-1,0.007128457826771517
2021-10-27,9255.21479887245,6715.276570079719,9305.697373253906,9437.024243514694,-1,-0.0010643022769187827,3953.5356950932414,0,0.0,-56017.816482122114,-45845.852272670636,-29640.976580012346,-1,-0.0010643022769187827
2021-10-28,9231.616109711962,4111.305005915886,9315.091669941543,9436.115101017289,-1,0.0025497721742084867,3978.588078986892,0,-0.0,-60129.121488038,-46889.080759717865,-30178.09954014026,-1,0.0025497721742084867
2021-10-29,9370.4589687349,1507.4617987187214,9331.673623641687,9439.446350923472,-1,-0.015039929885826808,3987.4964039360448,0,0.0,-58621.65968931928,-47790.47139184239,-30666.52763221044,-1,-0.015039929885826808
2021-10-30,9122.050930565883,3796.0307340612026,9336.878863246398,9441.356117428419,-1,0.02650969808393,3846.7290096029255,0,-0.0,-62417.69042338048,-48551.09462963378,-31165.76740726244,-1,0.02650969808393
2021-10-31,9221.618741508864,2116.500040546178,9343.923317648685,9442.679419668275,-1,-0.010915068519224302,3742.2479636447656,0,0.0,-60301.190382834306,-49416.198913383334,-31675.386703860357,-1,-0.010915068519224302
2021-11-01,9336.527967155393,6043.1291700867405,9348.318298113636,9444.92081647089,-1,-0.012460851924976257,3980.5421432509384,1,0.0,-54258.06121274756,-50043.00901752672,-32179.58082323283,-1,-0.012460851924976257
2021-11-02,9142.945308238339,1749.267693652647,9337.82455499311,9444.021084390934,-1,0.020733902324081344,3915.844543414808,0,-0.020733902324081344,-56007.32890640021,-50909.4434908715,-32587.66034638596,-1,0.020733902324081344
2021-11-03,9111.613568933455,2686.8921180088846,9327.021658691683,9442.170014715275,-1,0.0034268759408034866,3867.268837779319,0,-0.0,-58694.2210244091,-51727.30225858078,-33060.13189975031,-1,0.0034268759408034866
2021-11-04,9077.769312586819,5093.280355669614,9319.687204661626,9441.48487789947,-1,0.0037144086599578685,3903.9808960880446,0,-0.0,-63787.50138007871,-52581.87308459879,-33595.29807216672,-1,0.0037144086599578685
2021-11-05,8949.998647892653,4754.19593512605,9294.09529217897,9434.953144547066,-1,0.014075116947178334,4004.0293883446657,0,-0.0,-68541.69731520476,-53811.81501187278,-34324.88507084749,-1,0.014075116947178334
2021-11-06,8880.384064870186,6076.418479626644,9264.742492963207,9427.059972860587,-1,0.00777816687590871,4067.878239434821,0,-0.0,-74618.1157948314,-55585.54993601929,-35195.60977520097,-1,0.00777816687590871
2021-11-07,8781.760664461142,3220.429074305009,9230.392586358932,9417.352531816538,-1,0.011105758454658221,3990.6966346573877,0,-0.0,-77838.54486913641,-57758.50937237374,-36202.45890660567,-1,0.011105758454658221
2021-11-08,8935.640860996698,1429.83592963497,9203.850906896832,9409.077055882726,-1,-0.017522704434236314,3747.8254785828212,0,0.0,-76408.70893950145,-59545.61405969011,-37201.703202447265,-1,-0.017522704434236314
2021-11-09,9019.2497218223,4088.1915096747935,9180.552088312616,9401.438900868527,-1,-0.009356783931474544,3862.484833886654,0,0.0,-72320.51742982665,-61218.059391702656,-38174.90608640864,-1,-0.009356783931474544
2021-11-10,9133.934451190376,1279.2577271234434,9163.672151769828,9395.358513081019,-1,-0.012715550949941479,3610.060947108303,0,0.0,-71041.2597027032,-62510.1550642245,-39185.43295228276,-1,-0.012715550949941479
2021-11-11,9199.851504472637,1145.04648838377,9152.804797257875,9391.628163737365,-1,-0.007216720640432328,3459.7659850249065,0,0.0,-69896.21321431943,-63537.45112582458,-40056.69635383176,-1,-0.007216720640432328
2021-11-12,9095.980418112034,4111.716349130184,9139.318828054373,9385.426135725147,-1,0.011290517712172266,3529.7814874747432,0,-0.0,-74007.92956344962,-64634.76268987447,-41054.02692920704,-1,0.011290517712172266
2021-11-13,9048.270157402198,1890.2681883391958,9123.600724463568,9375.45907002024,-1,0.00524520266279771,3469.9674264782734,0,-0.0,-75898.19775178882,-65672.26019292792,-42106.90344827745,-1,0.00524520266279771
2021-11-14,9092.550089783703,2546.708807315044,9112.640560630025,9364.066950279555,-1,-0.004893745612279288,3359.398489566771,0,0.0,-73351.48894447378,-66344.51787833836,-43138.50518444458,-1,-0.004893745612279288
2021-11-15,8981.427506599026,3950.8152465803537,9099.443189695552,9348.226934890075,-1,0.012221278088919485,3415.6013610989526,0,-0.0,-77302.30419105414,-67072.97843528098,-44281.65779634093,-1,0.012221278088919485
2021-11-16,9045.46494372815,3818.48949632673,9088.955696938336,9334.300427850918,-1,-0.007129984301724068,3270.762007411303,0,0.0,-73483.8146947274,-67946.27834591123,-45334.985231169165,-1,-0.007129984301724068
2021-11-17,9023.72639408688,4060.113381451761,9078.56121115708,9321.641334987658,-1,0.002403253981581477,3268.202426188097,0,-0.0,-77543.92807617917,-68817.0186753183,-46357.19052939165,-1,0.002403253981581477
2021-11-18,8989.903589945496,1944.0073499422726,9059.533442217613,9308.623629996891,-1,0.00374820807549614,3290.0297037492746,0,-0.0,-79487.93542612145,-69860.3324621584,-47359.615130710576,-1,0.00374820807549614
2021-11-19,9053.818205650097,4906.177505717761,9056.121805971821,9296.580420898339,-1,-0.0071095996820349505,3345.5370423321024,0,0.0,-74581.75792040369,-70468.53583700956,-48321.47209670146,-1,-0.0071095996820349505
2021-11-20,9094.040998226443,1214.5910393386248,9049.7429188077,9283.424714055152,-1,-0.0044426331148601506,3300.441592271725,0,0.0,-73367.16688106506,-71121.83466192111,-49319.71184771015,-1,-0.0044426331148601506
2021-11-21,9061.21458711713,5220.661689224822,9035.977249805788,9272.5097798337,-1,0.003609661658190655,3259.3182182286287,0,-0.0,-78587.82857028989,-72338.32302979822,-50357.57605633931,-1,0.003609661658190655
2021-11-22,9166.263948372369,2670.154201981101,9037.14318181249,9260.868788277508,-1,-0.011593298033642618,3305.3625436450516,0,0.0,-75917.67436830878,-73333.84030289364,-51397.64674982951,-1,-0.011593298033642618
2021-11-23,9067.170830315505,3240.8027192664185,9034.921044881592,9247.836028790554,-1,0.01081063327599896,3333.058073707928,0,-0.0,-79158.4770875752,-74357.05310605196,-52429.36037530529,-1,0.01081063327599896
2021-11-24,9123.018764001881,4127.254982603602,9037.183517452346,9236.434803179085,-1,-0.006159356069442623,3284.7568050546274,0,0.0,-75031.2221049716,-74919.23914229659,-53368.42237663297,-1,-0.006159356069442623
2021-11-25,9177.127503055868,1350.7212972851373,9048.539960210506,9227.5896900562,-1,-0.00593101257968387,3114.583073162582,0,0.0,-73680.50080768646,-75176.17931692068,-54234.55684611728,-1,-0.00593101257968387
2021-11-26,9148.720031638853,6543.395227842002,9061.956758548939,9220.948631467181,-1,0.0030954643931399017,3137.93191057335,0,-0.0,-80223.89603552847,-75456.46832895554,-55177.699938480386,-1,0.0030954643931399017
2021-11-27,9178.557028774509,3999.5761024421727,9081.796576764607,9213.49502938783,-1,-0.003261330222421366,3176.889261980208,0,0.0,-76224.3199330863,-75375.75708215302,-56116.678713822366,-1,-0.003261330222421366
2021-11-28,9063.722855671242,4395.511009739828,9088.200676498334,9204.009900736717,-1,0.01251113576385321,3325.173015985451,0,-0.0,-80619.83094282613,-75586.31318231927,-57153.32663772765,-1,0.01251113576385321
2021-11-29,9147.474103803677,3279.0917446838253,9094.611895597403,9197.991622020354,-1,-0.0092402701920693,3284.7180277359025,0,0.0,-77340.7391981423,-75837.32427073504,-58069.24727428296,-1,-0.0092402701920693
2021-11-30,9130.560228755174,3974.358444865446,9094.443184475644,9193.743836758253,-1,0.0018490213644299924,3419.473063623003,0,-0.0,-81315.09764300774,-76351.01616775026,-59009.778893275354,-1,0.0018490213644299924
2021-12-01,9082.832688537115,1322.6745871560952,9088.592243678866,9189.225839642282,-1,0.005227230205190336,3428.354468561619,0,-0.0,-82637.77223016384,-76988.09411854249,-59915.204649096566,-1,0.005227230205190336
2021-12-02,9178.112441407196,2059.2977573293333,9092.698844843626,9183.693858185137,-1,-0.01049009225836861,3325.7335389715763,0,0.0,-80578.47447283451,-77316.62136401175,-60829.05801888058,-1,-0.01049009225836861
2021-12-03,9113.466985515224,2571.8706372025135,9095.958686249276,9177.495906110487,-1,0.007043436905427636,3359.813661414742,0,-0.0,-83150.34511003703,-77679.22873192414,-61771.72894046772,-1,0.007043436905427636
2021-12-04,8985.107330267372,1324.846853163845,9090.58654827346,9171.534931141181,-1,0.014084612963635501,3298.720563707182,0,-0.0,-84475.19196320088,-78235.41388286049,-62668.04394747541,-1,0.014084612963635501
2021-12-05,8845.242528291996,4236.145450216007,9083.77729935811,9163.625529455901,-1,0.015566291735239046,3312.987073888965,0,-0.0,-88711.33741341688,-78805.86554397864,-63568.84004959222,-1,0.015566291735239046
2021-12-06,8898.8455782341,1531.2018148037862,9076.446331083407,9157.03313375855,-1,-0.0060600995134563185,3198.622689812818,0,0.0,-87180.1355986131,-79490.68158917293,-64427.604069251596,-1,-0.0060600995134563185
2021-12-07,8784.902147417075,2488.688964388166,9064.505118749916,9152.719333282846,-1,0.012804293524962707,3120.0514689596375,0,-0.0,-89668.82456300125,-80096.92641351403,-65267.67528285006,-1,0.012804293524962707
2021-12-08,8939.05909919297,3285.0624649557594,9061.962894212289,9151.056653357196,-1,-0.01754794181984365,3187.1042247103123,0,0.0,-86383.7620980455,-80441.71774711023,-66030.84053370367,-1,-0.01754794181984365
2021-12-09,8752.954199018764,4160.873045231034,9046.919693880724,9146.640121032982,-1,0.020819294078837314,3149.839001685976,0,-0.0,-90544.63514327654,-81239.86160825388,-66753.16402496574,-1,0.020819294078837314
2021-12-10,8901.444247941528,6681.67638897816,9037.289856366478,9143.652030940953,-1,-0.016964563682900335,3423.1932691679526,1,0.0,-83862.95875429838,-81764.65120191555,-67434.22825907332,-1,-0.016964563682900335
2021-12-11,8920.227850137988,3409.8143547217187,9030.24051951752,9138.178689145649,-1,-0.0021101746720262327,3332.650902442797,0,0.0021101746720262327,-80453.14439957666,-81857.91699337988,-68079.74968023493,-1,-0.0021101746720262327
2021-12-12,8911.60082019819,3544.8175509651987,9017.507363108813,9130.825033304804,-1,0.0009671311187039455,3376.384069892002,0,-0.0,-83997.96195054185,-82261.93137249154,-68835.07172208556,-1,0.0009671311187039455
2021-12-13,8863.039806388706,1282.1393357535608,9007.300811912472,9123.081171828582,-1,0.005449190868089593,3278.4509007163592,0,-0.0,-85280.10128629541,-82568.01258242755,-69550.78931568675,-1,0.005449190868089593
2021-12-14,8898.415399085403,787.6817518496504,8996.070643666648,9117.647121926875,-1,-0.003991361143520722,3111.472239178662,0,0.0,-84492.41953444575,-83041.07245390126,-70180.72822693222,-1,-0.003991361143520722
2021-12-15,8895.06650692943,3423.627845288224,8981.967593860327,9108.200948749933,-1,0.0003763470242484912,3215.1175665788164,0,-0.0,-87916.04737973398,-83752.84978250363,-70913.61470376569,-1,0.0003763470242484912
2021-12-16,8993.205943107005,1878.1743023711672,8974.191889433732,9100.29704698196,-1,-0.011033018820165275,2981.8565203052744,0,0.0,-86037.87307736282,-84043.54863459534,-71695.18896652339,-1,-0.011033018820165275
2021-12-17,9003.478670795152,4340.527904103568,8965.437971534764,9092.542378219436,-1,-0.0011422764866204638,2998.904110388344,0,0.0,-81697.34517325925,-84317.19989660398,-72483.82211704359,-1,-0.0011422764866204638
2021-12-18,9017.0110578302,4420.22657345587,8963.102381642715,9085.051321679293,-1,-0.0015030176146184626,3000.1398885741464,0,0.0,-77277.11859980338,-84150.06427945285,-73093.99717382072,-1,-0.0015030176146184626
2021-12-19,8984.224104447256,6587.886532402163,8954.93988167489,9076.701288528304,-1,0.0036361221221384854,3165.579627960063,0,-0.0,-83865.00513220554,-84476.27757615602,-73843.88707953124,-1,0.0036361221221384854
2021-12-20,8979.107981994479,3682.5883955686754,8947.367269336857,9068.494201860776,-1,0.0005694562372107193,3150.991125495225,0,-0.0,-87547.59352777421,-84787.90237039434,-74549.6912007897,-1,0.0005694562372107193
2021-12-21,9006.745835193788,3390.3094311392992,8943.56292666969,9061.653322535478,-1,-0.0030780176889206867,3254.372867694385,0,0.0,-84157.28409663492,-84863.87796371788,-75129.80773602832,-1,-0.0030780176889206867
2021-12-22,8852.715314713385,1330.0559238245742,8927.293070335001,9053.103581077665,-1,0.017101683926566413,3217.910776019147,0,-0.0,-85487.3400204595,-85109.32124109914,-75686.90176499513,-1,0.017101683926566413
2021-12-23,8733.3642973799,4734.6960164239235,8908.287935928234,9042.615782213692,-1,0.013481854221057077,3326.052044980218,0,-0.0,-90222.03603688342,-85462.90578744146,-76271.46490409784,-1,0.013481854221057077
2021-12-24,8798.276258402524,4902.275019217754,8898.94638233499,9034.057830412825,-1,-0.00743264094022722,3504.9234532829128,0,0.0,-85319.76101766567,-85505.1342401647,-76695.02200045453,-1,-0.00743264094022722
2021-12-25,8813.309471679151,1465.7762199780864,8897.349729504349,9026.856739519337,-1,-0.0017086543812794286,3366.4049917710167,0,0.0,-83853.98479768759,-85262.26660937823,-77047.03686287928,-1,-0.0017086543812794286
2021-12-26,8797.094450870069,1534.6001735827856,8892.262173136147,9019.221400385964,-1,0.0018398333635268882,3366.5749097099665,0,-0.0,-85388.58497127038,-85172.6890780111,-77536.54967103175,-1,0.0018398333635268882
2021-12-27,8798.716101372842,3696.3823953728165,8892.952870833937,9012.006400246979,-1,-0.000184339330653982,3426.9595812591992,0,0.0,-81692.20257589757,-84773.85797865593,-77895.9343558294,-1,-0.000184339330653982
2021-12-28,8829.298828847926,5896.9550558029905,8887.464857316685,9002.987064582196,-1,-0.003475817053616881,3557.5542108015607,0,0.0,-75795.24752009458,-84244.43224975836,-78182.16081967567,-1,-0.003475817053616881
2021-12-29,8781.64183371578,6625.464662408065,8888.899239051536,8997.313579634694,-1,0.005397596803093596,3680.7837916604126,0,-0.0,-82420.71218250264,-83838.23610171968,-78515.54451566104,-1,0.005397596803093596
2021-12-30,8713.293900356062,921.391461505348,8879.491721672262,8988.841498948814,-1,0.007783047254023234,3392.7695452867724,0,-0.0,-83342.10364400799,-83812.19334620515,-78899.5597366806,-1,0.007783047254023234
2021-12-31,8730.358473022627,993.6384421414097,8869.998252816495,8978.738674046599,-1,-0.001958452550977041,3271.9607496577564,0,0.0,-82348.46520186658,-83906.95938631965,-79367.73313649926,-1,-0.001958452550977041
2022-01-01,8644.943022334364,4093.492583226916,8856.665362923302,8970.4386359482,-1,0.009783727776150553,3299.394501270842,0,-0.0,-86441.9577850935,-84029.15917804724,-79874.97695114414,-1,0.009783727776150553
2022-01-02,8680.23624045299,1029.188501782709,8847.525184626516,8963.24901380686,-1,-0.004082527557144777,3286.7469595723,0,0.0,-85412.76928331079,-84035.792577898,-80320.2860887925,-1,-0.004082527557144777
2022-01-03,8532.447961413927,4990.9517901714025,8829.226812742943,8954.160324620645,-1,0.017025836042378284,3496.910461488387,0,-0.0,-90403.72107348219,-84331.35765484982,-80763.88975034923,-1,0.017025836042378284
2022-01-04,8620.260130610695,1394.8751149189843,8815.486493927006,8948.664682665945,-1,-0.010291556373256405,3395.4728249699256,0,0.0,-89008.84595856321,-84385.9975837913,-81105.0088944052,-1,-0.010291556373256405
2022-01-05,8660.999262965417,4001.0114412799617,8798.876159919926,8945.008269300864,-1,-0.004725974824130397,3501.6146819153655,0,0.0,-85007.83451728325,-84334.49565578731,-81278.17087311273,-1,-0.004725974824130397
2022-01-06,8683.173996367314,4275.872394306168,8782.860926198535,8943.36515816597,-1,-0.0025602973431386733,3498.3819064254953,0,0.0,-80731.96212297709,-84286.2265032732,-81326.39449401008,-1,-0.0025602973431386733
2022-01-07,8768.502764349916,5096.822261663034,8770.43551152452,8940.579523221857,-1,-0.009826909839455,3532.2116908358535,0,0.0,-75635.13986131405,-84204.12756634873,-81313.50167604028,-1,-0.009826909839455
2022-01-08,8914.539937052157,2345.4266475964214,8766.951303154765,8938.834360142355,-1,-0.01665474444462567,3320.0886965955665,0,0.0,-73289.71321371762,-83675.36297042434,-81329.65493910514,-1,-0.01665474444462567
2022-01-09,9004.9663616077,1947.2453981327872,8768.244222135427,8936.684891982643,-1,-0.01014370065018122,3233.3215467237715,0,0.0,-71342.46781558484,-82865.10668481488,-81334.67507431982,-1,-0.01014370065018122
2022-01-10,8839.19625631678,4514.655511601204,8759.866743191576,8930.673971180044,-1,0.018408742313316573,3289.538850746867,0,-0.0,-75857.12332718604,-82450.09864634243,-81434.02357620094,-1,0.018408742313316573
2022-01-11,8726.091936976385,3064.533504643677,8753.535574304726,8924.509163161118,-1,0.012795769667357071,3376.262729787822,0,-0.0,-78921.65683182972,-82121.81448691092,-81515.91903067395,-1,0.012795769667357071
2022-01-12,8671.569693447353,850.0379259064904,8750.445844108097,8918.230822095204,-1,0.006248185776956738,3182.0298252619505,0,-0.0,-79771.69475773622,-81599.29742295358,-81580.4773141064,-1,0.006248185776956738
2022-01-13,8673.832197050138,1147.0771577426813,8744.22364104048,8911.252190549645,-1,-0.0002609105021085245,2994.269932188197,0,0.0,-78624.61759999354,-81264.54025206997,-81668.3627916984,1,-0.0002609105021085245
2022-01-14,8718.733071838522,1346.889422361185,8739.494821048447,8906.873949970302,-1,-0.005176590204690967,2988.325592307352,0,0.0,-77277.72817763235,-80935.7274210672,-81667.95319147469,1,0.005176590204690967
2022-01-15,8655.457405984289,5053.8414838631425,8732.41296880416,8900.373824341239,-1,0.007257438131534677,3164.28765782137,0,-0.0,-82331.5696614955,-80782.87665557847,-81815.41577425416,1,-0.007257438131534677
2022-01-16,8671.622923732139,1671.5517160384265,8726.058309922124,8894.50543316866,-1,-0.0018676676447708651,3063.0461238546504,0,0.0,-80660.01794545706,-80731.26742405644,-81867.35060540879,1,0.0018676676447708651
2022-01-17,8606.118964208228,2531.8153386360514,8714.899316690138,8888.109022739704,-1,0.007553829323533212,2894.789137996303,0,-0.0,-83191.83328409311,-81101.09671225636,-81929.08223637498,1,-0.007553829323533212
2022-01-18,8553.491014595429,4932.332986220418,8703.49177573412,8879.770236222126,-1,0.006115178029919455,2810.132554186921,0,-0.0,-88124.16627031352,-81386.2694166469,-82154.78904220682,1,-0.006115178029919455
2022-01-19,8433.172384070705,2280.643811671185,8689.485699919855,8868.75575931953,-1,0.014066610968482385,2878.0951716952127,0,-0.0,-90404.8100819847,-81739.40473854574,-82438.74976222214,1,-0.014066610968482385
2022-01-20,8355.314532919123,4182.26187653539,8670.733502914678,8856.990758416232,-1,0.009232332461108883,3037.5263434149115,0,-0.0,-94587.07195852009,-82351.33507637841,-82705.40381869263,1,-0.009232332461108883
2022-01-21,8242.377032626831,4686.851862793723,8650.6052034293,8841.592643153805,-1,0.013516846056163323,3067.1943073932516,-1,-0.0,-99273.9238213138,-82992.93337818942,-83094.67464290939,1,-0.013516846056163323
2022-01-22,8161.941879755878,2212.667126796202,8624.690485394447,8826.505493977811,-1,0.00975873252977344,3126.368238643927,0,0.00975873252977344,-101486.59094811001,-83796.6244614294,-83466.80987391832,-1,-0.00975873252977344
2022-01-23,8247.939510815824,2550.7435584918185,8610.465062864541,8811.920839758042,-1,-0.010536417966078293,3004.3578270599473,0,0.0,-98935.8473896182,-84223.2307772362,-83865.2202953291,-1,-0.010536417966078293
2022-01-24,8169.633664748609,3714.8193866167194,8587.933739571436,8795.129275786256,-1,0.009493988888319316,3120.3550406448344,0,-0.0,-102650.66677623491,-84905.32181811977,-84348.0563948049,-1,0.009493988888319316
2022-01-25,8384.689636102368,1440.8291934113875,8574.118258228285,8782.395435860648,-1,-0.026323820648373797,2992.3459282514054,0,0.0,-101209.83758282353,-85715.4219713968,-84697.8220872598,-1,-0.026323820648373797
2022-01-26,8426.052811010566,2009.203677287906,8561.262198960449,8769.853698897914,-1,-0.004933179008808963,2879.0124924004926,0,0.0,-99200.63390553562,-86638.85556052471,-85080.76065346731,-1,-0.004933179008808963
2022-01-27,8441.62720040692,3269.2752379204444,8544.918420763297,8759.485437976842,-1,-0.001848361236948648,2787.635141213363,0,0.0,-95931.35866761518,-87653.66650083978,-85335.95278221379,-1,-0.001848361236948648
2022-01-28,8369.167836558334,782.6187652745817,8517.649815738607,8746.51366685609,-1,0.00858357780181207,2709.494747097271,0,-0.0,-96713.97743288976,-88824.87971179838,-85658.84008612623,-1,0.00858357780181207
2022-01-29,8427.777945742071,1118.805961035917,8488.790394945325,8734.80062880587,-1,-0.00700309879408989,2668.0727752424277,0,0.0,-95595.17147185384,-90037.51489461183,-85896.84131660702,-1,-0.00700309879408989
2022-01-30,8379.264467975056,2139.714266158983,8465.79380552824,8723.074491796502,-1,0.005756378262377626,2549.3257129703165,0,-0.0,-97734.88573801283,-91131.40301515316,-86148.45987507116,-1,0.005756378262377626
2022-01-31,8389.487993021077,2131.261492443161,8448.963608330474,8709.930750990066,-1,-0.0012200981464536298,2502.662112360291,0,0.0,-95603.62424556968,-91965.50138584018,-86398.8790379501,-1,-0.0012200981464536298
2022-02-01,8604.265977970326,3652.9004738314256,8445.598422556623,8701.444067530985,-1,-0.02560084538268792,2642.8052397565375,0,0.0,-91950.72377173825,-92574.45283654027,-86545.55201564511,-1,-0.02560084538268792
2022-02-02,8596.000728699844,3500.149489655114,8441.706849139107,8694.95895750486,-1,0.0009605989972466533,2760.458856352159,0,-0.0,-95450.87326139337,-93415.76561961028,-86728.48003728162,-1,0.0009605989972466533
2022-02-03,8694.792272202114,2774.7257620072905,8440.509809157287,8692.451453236694,-1,-0.011492733262856714,2831.8506733344643,0,0.0,-92676.14749938608,-94185.68658569796,-86794.56020538113,-1,-0.011492733262856714
2022-02-04,8633.65254273032,1432.5069953764582,8439.419565994589,8688.031569311632,-1,0.007031764251258954,2650.78394891013,0,-0.0,-94108.65449476254,-94774.54082736131,-86910.03552031696,-1,0.007031764251258954
2022-02-05,8630.631758030868,3448.437008449974,8437.370007709524,8685.460396155195,-1,0.00034988490496945523,2739.6282135307074,0,-0.0,-97557.0915032125,-95619.39450524907,-87041.50663598716,-1,0.00034988490496945523
2022-02-06,8783.463040061437,4603.481892331706,8446.237211502184,8682.867128503003,-1,-0.017708006356354833,2843.2115412154903,1,0.0,-92953.6096108808,-96107.48332158846,-87151.0040945344,-1,-0.017708006356354833
2022-02-07,8728.393620267288,4826.597684179057,8454.982341785777,8682.457785523811,-1,0.00626967057787764,2837.924776113422,0,-0.00626967057787764,-97780.20729505985,-96590.28537282578,-87271.59696373079,-1,0.00626967057787764
2022-02-08,8886.59126457412,2714.4430945512136,8477.653285810948,8682.210235801022,-1,-0.018124485579969374,2859.6147402574234,0,0.0,-95065.76420050864,-96823.33307875197,-87458.31038783428,-1,-0.018124485579969374
2022-02-09,8949.48628624516,2126.847388341662,8507.36187347725,8682.697876402808,-1,-0.0070775193545546955,2756.8440158477374,0,0.0,-92938.91681216698,-96740.92532143432,-87666.4065947108,-1,-0.0070775193545546955
2022-02-10,8899.148399271817,873.0821120864372,8540.2004418095,8682.490336054036,-1,0.005624667758942659,2566.155528312373,0,-0.0,-93811.99892425342,-96467.8290765813,-87829.973877606,-1,0.005624667758942659
2022-02-11,8955.427302458847,834.7933648542216,8579.87471294465,8684.030127655204,-1,-0.006324077390555294,2497.261840215274,0,0.0,-92977.2055593992,-96042.35980714575,-87958.25894882438,-1,-0.006324077390555294
2022-02-12,9042.523709172001,3824.8781369921458,8619.603922862458,8686.431932823314,-1,-0.009725544496267613,2560.9685691402906,0,0.0,-89152.32742240705,-95553.1838087852,-88035.92408029041,-1,-0.009725544496267613
2022-02-13,9098.751022431483,1743.0791148989342,8666.059790746602,8689.826674748349,-1,-0.006218099622171902,2462.381555554401,0,0.0,-87409.24830750811,-94791.11288534886,-88027.47742908663,-1,-0.006218099622171902
2022-02-14,8955.880184675978,4156.74708306406,8694.61931817528,8689.204578774497,1,0.015702247198904562,2598.1774500370348,-1,-0.0,-91565.99539057218,-94308.92077573629,-88119.61280097347,-1,0.015702247198904562
2022-02-15,8890.758650430867,3811.5223312102075,8717.854610146296,8687.325911768427,1,-0.007271371758248546,2688.29338273315,0,0.007271371758248546,-95377.51772178238,-94117.76496654862,-88347.61567678218,-1,0.007271371758248546
2022-02-16,8868.752365929144,2826.41747828628,8739.210868422408,8684.854933570075,1,-0.0024751863555150244,2666.1504947514413,0,-0.0,-98203.93520006866,-94231.3937931713,-88696.39595345328,-1,0.0024751863555150244
2022-02-17,8862.15104942479,3474.8818708978,8763.86002906573,8682.820382653033,1,-0.0007443342910005146,2800.7636500326025,0,-0.0,-101678.81707096647,-94479.63577507515,-88993.29281909928,-1,0.0007443342910005146
2022-02-18,8917.155948231364,718.4786794821835,8788.328929190195,8681.787848756981,1,0.006206720975506785,2780.7472859549152,0,0.0,-100960.33839148429,-94747.89412105667,-89216.83856682779,-1,-0.006206720975506785
2022-02-19,8933.001823606151,4175.57679518257,8816.015796971751,8680.558781897187,1,0.0017770100093326135,2882.540412406095,0,0.0,-96784.76159630172,-94700.38791397112,-89427.29652515557,-1,-0.0017770100093326135
2022-02-20,8813.715487691155,2125.518821929397,8837.227171705254,8679.908784780151,1,-0.01335344358710111,2882.2532788804065,0,-0.0,-98910.28041823111,-94865.72072260416,-89651.01219845176,-1,0.01335344358710111
2022-02-21,8847.225044569137,4332.712167334053,8849.375125035194,8681.806463899971,1,0.0038019785100595893,2916.243863555538,0,0.0,-94577.56825089705,-94997.06294656212,-89723.60440201867,-1,-0.0038019785100595893
2022-02-22,8901.244939544456,5005.101518099747,8864.637335577425,8683.52260858567,1,0.006105857452838315,2991.4914649777697,0,0.0,-89572.4667327973,-94703.14262013232,-89794.48283060417,-1,-0.006105857452838315
2022-02-23,8951.073258462973,3182.90136796589,8877.451384890468,8685.818671698735,1,0.005597904479310634,3011.9002452757,0,0.0,-86389.5653648314,-94388.81351340459,-89836.74250672324,-1,-0.005597904479310634
2022-02-24,9047.814732970715,3421.8918526711363,8898.159494402487,8689.997343067078,1,0.010807807255546198,3111.3694881404335,0,0.0,-82967.67351216027,-93831.76446427447,-89796.39398240474,-1,-0.010807807255546198
2022-02-25,9123.266464531496,1276.9868140348472,8922.79122972752,8695.40651578639,1,0.00833922154548894,3002.796978419677,0,0.0,-81690.68669812543,-93038.44422402012,-89796.36871777521,-1,-0.00833922154548894
2022-02-26,9165.158686711553,3346.7188953879654,8941.876012060024,8701.004180084117,1,0.004591800792284273,2939.9588285724903,0,0.0,-78343.96780273746,-92307.96213361295,-89838.8473891526,-1,-0.004591800792284273
2022-02-27,9158.727887912708,4227.523637454353,8963.392725442296,8707.288947654066,1,-0.0007016571145864736,2910.005126236255,0,-0.0,-82571.4914401918,-91547.52634086955,-89841.36037678075,-1,0.0007016571145864736
2022-02-28,9006.604995687443,4269.722306215391,8969.393411997962,8712.177465909588,1,-0.01660960933515998,2987.769086819464,0,-0.0,-86841.2137464072,-91136.29881816448,-89899.6788784874,-1,0.01660960933515998
2022-03-01,9045.299011674222,1835.3438723470586,8974.184048269415,8717.426474887114,1,0.004296182191325881,2973.1939110197336,0,0.0,-85005.86987406014,-90739.64647125913,-89943.96895635729,-1,-0.004296182191325881
2022-03-02,9064.084983988556,1491.1196371204705,8982.430877505252,8724.412174248018,1,0.0020768768716310504,3004.0957872714353,0,0.0,-83514.75023693967,-90224.78403689344,-89895.18216388806,-1,-0.0020768768716310504
2022-03-03,9088.701120590473,2704.2301792609737,8989.094568411832,8731.21992225031,1,0.0027157883719537423,3097.567627991773,0,0.0,-80810.52005767869,-89616.44976180742,-89818.47801012752,1,-0.0027157883719537423
2022-03-04,8972.66125847277,7157.694115362673,8985.601445876871,8738.556810534623,1,-0.012767485758203079,3264.2084269102993,-1,-0.0,-87968.21417304136,-89557.24409933915,-89777.88622845351,1,-0.012767485758203079
2022-03-05,8875.661717089373,3294.105371097663,8974.446980609766,8742.813503642601,1,-0.010810565404082428,3341.759739720236,0,0.010810565404082428,-91262.31954413903,-89749.89766117067,-89815.44412154643,1,-0.010810565404082428
2022-03-06,8969.136001715075,1002.265320370341,8975.10977146172,8747.949115955096,1,0.010531528533328949,3184.03565158555,0,0.0,-90260.05422376869,-89684.6006028305,-89902.98111665453,1,0.010531528533328949
2022-03-07,8965.588246169984,5327.508309612523,8978.851251248678,8752.656020118473,1,-0.0003955515385665187,3259.834950505666,0,-0.0,-95587.5625333812,-89695.10284341045,-90150.57445682793,1,-0.0003955515385665187
2022-03-08,9026.68879259119,2732.149255496106,8986.748072581779,8756.959120589161,1,0.006815006973726279,3255.121539366157,0,0.0,-92855.4132778851,-89427.67674730127,-90437.57901377077,1,0.006815006973726279
2022-03-09,9029.245004275603,4997.114640125383,8995.10277032432,8758.870871709552,1,0.0002831837613046506,3331.2331778275357,0,0.0,-87858.29863775973,-88736.65082564093,-90680.38877083814,1,0.0002831837613046506
2022-03-10,9031.931759014487,5099.477319932814,9000.841560863475,8759.320294999665,1,0.00029756139495740186,3550.2831098500674,0,0.0,-82758.8213178269,-87826.57497195806,-90870.66132920886,1,0.00029756139495740186
2022-03-11,9116.676912076124,2241.5522274426085,9010.025315286974,8763.944972595655,1,0.009382838059760035,3453.5818814630693,0,0.0,-80517.2690903843,-87013.20034666218,-90948.33042526216,1,0.009382838059760035
2022-03-12,9069.630781482745,489.1631137299132,9022.821079976555,8769.670620004094,1,-0.005160447282173686,3371.7640960530953,0,-0.0,-81006.43220411421,-86118.00793595635,-90983.0766814669,1,-0.005160447282173686
2022-03-13,9078.348581055585,4861.401916541572,9034.377256800877,8776.450268130897,1,0.0009612077694098886,3398.1985835134715,0,0.0,-76145.03028757265,-85196.38103779012,-90922.63227363084,1,0.0009612077694098886
2022-03-14,9036.38161894286,2948.8696995221253,9041.134090770796,8782.492758495775,1,-0.004622752887050496,3295.38699258459,0,-0.0,-79093.89998709477,-84672.452700505,-90930.4536467492,1,-0.004622752887050496
2022-03-15,8997.118881712166,-4.79533861049871,9043.436371933256,8787.132521993672,1,-0.0043449622743232386,3136.002157255771,0,-0.0,-79089.10464848428,-84307.42966468763,-90960.64325459673,1,-0.0043449622743232386
2022-03-16,8969.30229821458,2931.41538453766,9039.51075019545,8792.363270197508,1,-0.003091721234686262,3111.478333849097,0,-0.0,-82020.52003302194,-84260.07199073072,-90955.45909412218,1,-0.003091721234686262
2022-03-17,8989.226147698831,807.5907119831877,9032.808734353817,8797.65665726362,1,0.002221337716336924,3088.0085287465145,0,0.0,-81212.92932103876,-84236.18412187639,-90964.6742837152,1,0.002221337716336924
2022-03-18,8946.19035141851,2059.423427862092,9021.860317589166,8803.324513717125,1,-0.004787486216634718,3023.643755370221,0,-0.0,-83272.35274890084,-84482.60336918457,-90966.01627479533,1,-0.004787486216634718
2022-03-19,9058.532684761914,1173.9183879897405,9016.850557431626,8811.741874886566,1,0.01255756125573515,2870.96349289699,0,0.0,-82098.4343609111,-84458.95051522052,-90865.58740963861,1,0.01255756125573515
2022-03-20,8977.494389890095,5083.889836489411,9015.395027141758,8820.81390831689,1,-0.008946073022194967,2911.6718694106908,0,-0.0,-87182.3241974005,-84476.0060377702,-90811.87931156221,1,-0.008946073022194967
2022-03-21,8960.717998519212,2668.6441939678693,9011.165976484006,8830.903966076892,1,-0.0018687164416136826,2953.3368854917317,0,-0.0,-89850.96839136837,-84718.2609636356,-90732.9442521097,1,-0.0018687164416136826
2022-03-22,8921.31493843536,1957.2558863202423,9004.027474206347,8842.219597840365,1,-0.00439731058274162,2976.6436979517202,0,-0.0,-91808.22427768861,-85132.93466567305,-90608.51592638259,1,-0.00439731058274162
2022-03-23,9050.404392588067,2547.617191568375,9002.112637806227,8857.02730638757,1,0.014469778843537506,2968.81304856709,0,0.0,-89260.60708612023,-85555.43901709514,-90404.74952868276,1,0.014469778843537506
2022-03-24,9068.193394715312,4213.8136686874905,9006.889244618354,8870.69820445256,1,0.001965547765115705,2821.6190262333307,0,0.0,-85046.79341743274,-85409.36797931469,-90173.26529581302,1,0.001965547765115705
2022-03-25,9161.763053087136,5275.528774895435,9021.194311418241,8887.233694258202,1,0.010318445394686071,2920.6901964232193,1,0.0,-79771.26464253731,-84834.81523423461,-89791.94192691805,1,0.010318445394686071
2022-03-26,9025.659531698931,717.2693945441156,9024.020487917434,8897.916525851479,1,-0.014855603730369649,2906.440400131908,0,-0.014855603730369649,-80488.53403708142,-84346.23922490026,-89446.58686782235,1,-0.014855603730369649
2022-03-27,9049.762579474787,2403.757743002214,9028.229204582674,8908.311688659216,1,0.0026705026586926195,2760.252871801393,0,0.0,-78084.7762940792,-83471.09991293514,-89094.65590763142,1,0.0026705026586926195
2022-03-28,9130.2720543126,4061.8951108065826,9033.408367668746,8919.789102890978,1,0.008896307956234306,2826.740164566917,0,0.0,-74022.88118327262,-82529.47330820453,-88729.51461622569,1,0.008896307956234306
2022-03-29,9137.78480639059,4561.656534669534,9038.835357774495,8932.599385721514,1,0.0008228398927545566,2804.9672592941242,0,0.0,-69461.22464860309,-81609.6196087467,-88275.30206982093,1,0.0008228398927545566
2022-03-30,9235.146110218384,3242.0794644000825,9048.99607533469,8946.05552179612,1,0.01065480375065353,2712.0973665174874,0,0.0,-66219.14518420301,-80782.6358020655,-87785.7016316934,1,0.01065480375065353
2022-03-31,9187.373766040331,2408.323662183422,9052.5309180329,8959.524010097208,1,-0.005172884501003616,2720.435938254528,0,-0.0,-68627.46884638643,-80188.14578986561,-87300.57801683297,1,-0.005172884501003616
2022-04-01,9316.8557830323,1679.4036584560197,9064.892168110378,8974.980139930729,1,0.01409347440185571,2779.9479654908337,0,0.0,-66948.0651879304,-79485.22743905641,-86822.9853658723,1,0.01409347440185571
2022-04-02,9531.040805808743,4374.6681279635,9087.526779348034,8990.426387061369,1,0.02298898123619275,2755.61127606193,1,0.0,-62573.397059966905,-78806.64577767612,-86333.36325400945,1,0.02298898123619275
2022-04-03,9496.45851455403,2683.6025628029383,9110.530624128593,9005.434016825606,1,-0.003628385604396711,2742.347919225971,0,-0.003628385604396711,-65256.99962276984,-78114.80075945987,-85830.13202669908,1,-0.003628385604396711
2022-04-04,9454.151552427911,4908.347228485161,9133.382257664382,9018.09000482937,1,-0.004455025214007868,2988.005047580754,0,-0.0,-70165.346851255,-77668.61286959842,-85454.95201589688,1,-0.004455025214007868
2022-04-05,9591.55672353408,2899.021585461675,9164.494978930357,9034.055074509432,1,0.014533844771176918,2986.385357626955,0,0.0,-67266.32526579333,-76930.90313123699,-85007.57986208073,1,0.014533844771176918
2022-04-06,9743.062281880988,2244.6095709308934,9202.186785639464,9052.595583240267,1,0.015795721457307232,3058.23630057434,0,0.0,-65021.71569486244,-76121.34244992818,-84465.32359860821,1,0.015795721457307232
2022-04-07,9692.119703788385,5151.473395669068,9239.483253257957,9067.73986096905,1,-0.005228600271532713,3212.8387989646885,0,-0.0,-70173.18909053151,-75466.38426700971,-84085.64992326907,1,-0.005228600271532713
2022-04-08,9651.394694495915,2290.726386521503,9269.126353744658,9083.123212206194,1,-0.004201868170958689,3268.6791988912764,0,-0.0,-72463.91547705301,-74984.6583228168,-83663.7117263023,1,-0.004201868170958689
2022-04-09,9624.198549706447,2899.403365845363,9301.461561735476,9095.416666958397,1,-0.002817846088605025,3159.4548753590743,0,-0.0,-75363.31884289838,-74393.70805509169,-83335.3376370088,1,-0.002817846088605025
2022-04-10,9494.805963121964,2945.7772208335236,9328.165959965612,9104.505328239677,1,-0.013444505110342897,3173.311526702357,0,-0.0,-78309.09606373191,-73816.61443870986,-83091.50729120153,1,-0.013444505110342897
2022-04-11,9407.581743326846,2057.300475205529,9352.479300210187,9112.979217307262,1,-0.009186519464842058,3178.313756146621,0,-0.0,-80366.39653893744,-73244.52305177231,-82867.41391811293,1,-0.009186519464842058
2022-04-12,9313.116379876576,4100.993585035635,9365.614899574613,9118.940701930891,1,-0.010041407667520708,3255.982575819984,0,-0.0,-84467.39012397308,-73004.86220366495,-82725.58366085583,1,-0.010041407667520708
2022-04-13,9241.610499076569,4399.213925809415,9374.285754792674,9122.258815095967,1,-0.0076779756510413355,3265.2525886760804,0,-0.0,-88866.60404978249,-73195.85273528245,-82720.82160464542,1,-0.0076779756510413355
2022-04-14,9238.40505688224,2227.378344619791,9378.117854982429,9124.586382336814,1,-0.00034684887386771113,3112.8450671622986,0,-0.0,-91093.98239440228,-73761.98862287568,-82782.23383942699,1,-0.00034684887386771113
2022-04-15,9260.042762576857,3582.5648560507757,9389.837016526328,9129.655758635163,1,0.002342147325365085,3256.109840237631,0,0.0,-87511.41753835151,-74113.1327979392,-82714.65754188997,1,0.002342147325365085
2022-04-16,9403.619771245405,4261.78674920733,9407.529876114857,9138.203443982069,1,0.015505004928140664,3349.011290547887,0,0.0,-83249.63078914418,-74371.37552269244,-82512.52609301267,1,0.015505004928140664
2022-04-17,9309.738353283465,2960.713064117714,9416.5031910634,9145.553210437976,1,-0.009983540407387914,3293.952188213444,0,-0.0,-86210.3438532619,-74980.74865619189,-82312.63290389924,1,-0.009983540407387914
2022-04-18,9401.376193134398,4613.297131814193,9429.682760400592,9154.540296166468,1,0.00984322398476567,3296.5342180706766,0,0.0,-81597.04672144771,-75587.53975983414,-81977.93673140726,1,0.00984322398476567
2022-04-19,9381.258296877419,4395.492779467911,9436.988369733543,9162.275335310569,1,-0.002139888442254989,3354.2048838240685,0,-0.0,-85992.53950091562,-76576.20947566976,-81728.47341656445,1,-0.002139888442254989
2022-04-20,9376.617978511707,2959.377230622056,9446.450580357112,9169.66893789233,1,-0.0004946370965241975,3381.757562246,0,-0.0,-88951.91673153767,-77592.43186992734,-81597.92600215171,1,-0.0004946370965241975
2022-04-21,9439.893224336703,2670.0574073608436,9452.602452422332,9180.105233503087,1,0.0067481949216661175,3431.2902496912407,0,0.0,-86281.85932417682,-78559.12157673965,-81387.4523172508,1,0.0067481949216661175
2022-04-22,9333.909464295108,2778.170532579276,9442.74588534665,9188.21664049852,1,-0.011227220215623057,3351.46536992203,0,-0.0,-89060.0298567561,-79883.45321657912,-81295.49334401512,1,-0.011227220215623057
2022-04-23,9369.603243786567,2744.6457914779953,9436.403121808278,9196.022612235889,1,0.0038240974618404255,3354.5175313557825,0,0.0,-86315.38406527811,-80936.37243870452,-81241.2086328898,1,0.0038240974618404255
2022-04-24,9385.199155286651,2743.613637501626,9432.955501951215,9203.258043849617,1,0.0016645220821305262,3246.280851806606,0,0.0,-83571.77042777649,-81606.6936175306,-81194.24538393888,-1,0.0016645220821305262
2022-04-25,9431.416687156543,2286.8068807083173,9424.948500132337,9209.651409752716,1,0.004924512640081646,3215.670116568938,0,0.0,-81284.96354706817,-82307.62553159434,-81166.20021785403,-1,-0.004924512640081646
2022-04-26,9458.689386892089,2970.5255230738835,9410.729855382891,9215.241791792057,1,0.0028916864390782226,3251.965914176087,0,0.0,-78314.43802399428,-82972.26164805093,-81109.9294066185,-1,-0.0028916864390782226
2022-04-27,9690.928600642186,2618.259497965377,9410.670300225584,9224.004623690902,1,0.024553001399108876,3125.305219290903,0,0.0,-75696.1785260289,-83248.41111982582,-81065.79958534002,-1,-0.024553001399108876
2022-04-28,9629.125674110644,3023.110598507121,9409.55684920632,9231.844586794201,1,-0.006377399842513176,3161.924429890184,0,-0.0,-78719.28912453602,-83561.17980219996,-81001.59621341243,-1,0.006377399842513176
2022-04-29,9577.995309987818,1561.2685087331306,9407.246687220388,9241.367758699205,1,-0.005309969550018168,3095.017687034572,0,-0.0,-80280.55763326916,-83807.0417417185,-80892.25194486012,-1,0.005309969550018168
2022-04-30,9518.310939592222,1823.957950517633,9408.4219360439,9249.251290831173,1,-0.0062314052642475914,3038.9267235187776,0,-0.0,-82104.5155837868,-83996.81271772124,-80843.89604002223,-1,0.0062314052642475914
2022-05-01,9465.438900192261,4862.922061421033,9411.314793887172,9255.940522767902,1,-0.0055547711916024145,3179.207802829553,0,-0.0,-86967.43764520783,-84326.86477303476,-80901.44083016003,-1,0.0055547711916024145
2022-05-02,9405.10741109937,1310.4388676039662,9415.914345448311,9261.21396094305,1,-0.0063738712730653235,3039.680066957969,0,-0.0,-88277.8765128118,-84517.38909247669,-81025.89677107893,-1,0.0063738712730653235
2022-05-03,9516.935692985762,4936.552077370691,9429.68060514377,9270.285201518267,1,0.011890165311075451,3066.5469745360333,1,0.0,-83341.3244354411,-84241.12511175961,-80948.78194211892,-1,-0.011890165311075451
2022-05-04,9652.124168783088,2709.507299902651,9450.366560738814,9283.22624237983,1,0.014205042479898511,3090.6534223001763,0,0.014205042479898511,-80631.81713553845,-83718.01684881643,-80771.60690197558,-1,-0.014205042479898511
2022-05-05,9597.035027821661,6313.654564002,9467.216174001052,9293.691226148272,1,-0.0057074629374948005,3227.2079076977375,0,-0.0,-86945.47169954046,-83689.71955687588,-80716.36385990512,-1,0.0057074629374948005
2022-05-06,9517.153571914823,3039.9048792119097,9472.892864034524,9302.883981577352,1,-0.008323555731042154,3166.1138141979663,0,-0.0,-89985.37657875237,-84026.5068463563,-80622.99409399462,-1,0.008323555731042154
2022-05-07,9562.018914378014,2539.467400413036,9485.506892089252,9311.8061502738,1,0.004714155563863898,3145.0515310127325,0,0.0,-87445.90917833934,-84088.28511261017,-80532.83569233555,-1,-0.004714155563863898
2022-05-08,9509.215242434313,2519.3770840984494,9490.898844554247,9319.80565424311,1,-0.00552223044280975,3040.355528626945,0,-0.0,-89965.28626243779,-84506.69708965966,-80567.95215274683,-1,0.00552223044280975
2022-05-09,9569.402091322536,2369.1917676930375,9500.306034276504,9328.763493114911,1,0.006329318177554999,2939.040478038202,0,0.0,-87596.09449474476,-84586.87483935112,-80648.57337236212,-1,-0.006329318177554999
2022-05-10,9588.820611123656,1855.2900558549197,9510.9161659071,9336.632554765705,1,0.0020292302085131997,2883.836119299845,0,0.0,-85740.80443888984,-84426.31922471873,-80735.63229483721,-1,-0.0020292302085131997
2022-05-11,9443.478627012906,2729.9766703664413,9511.09543604091,9342.863352191205,1,-0.015157441149972417,2886.832082450125,0,-0.0,-88470.78110925628,-84535.76531397269,-80860.03810992293,-1,0.015157441149972417
2022-05-12,9589.616949952426,3974.910369965724,9523.880810323777,9351.384491672821,1,0.015475052013300905,2946.669074319447,0,0.0,-84495.87073929055,-84307.55735809942,-80999.21878411823,-1,-0.015475052013300905
2022-05-13,9761.834739692005,2761.4872266601456,9543.49238511905,9363.475377018642,1,0.01795877673095525,2947.5111460785547,0,0.0,-81734.3835126304,-84078.50733046704,-81043.22684287715,-1,-0.01795877673095525
2022-05-14,9702.015320423396,4763.802933489743,9559.333193375885,9375.22365099716,1,-0.006127886904844004,3048.5206108779607,0,-0.0,-86498.18644612015,-84224.82813138422,-81166.71153950441,-1,0.006127886904844004
2022-05-15,9664.400455680887,2674.211568306571,9570.982381802103,9386.808620288266,1,-0.003877015599359712,3067.8908452578735,0,-0.0,-89172.39801442671,-84619.19985475214,-81285.90950586116,-1,0.003877015599359712
2022-05-16,9692.027631804738,1200.8971012116472,9582.649294047736,9398.521978356697,1,0.0028586539072490424,2979.4094241647613,0,0.0,-87971.50091321506,-85102.05299921319,-81398.55236573076,-1,-0.0028586539072490424
2022-05-17,9724.443276306727,3417.452925689824,9584.325027830962,9411.492860438168,1,0.0033445678998702544,3019.3690955509837,0,0.0,-84554.04798752523,-85544.94647228801,-81419.91395304118,-1,-0.0033445678998702544
2022-05-18,9788.483040552162,2632.8525195685706,9592.292896153038,9423.658699701338,1,0.00658544272672823,2999.856191604056,0,0.0,-81921.19546795667,-85705.04178945904,-81416.95997149193,-1,-0.00658544272672823
2022-05-19,9985.251570909717,3668.827249920003,9612.655709199133,9440.454652718332,1,0.02010204538766347,3105.2341286634,0,0.0,-78252.36821803666,-85603.63231869742,-81268.12737183589,-1,-0.02010204538766347
2022-05-20,9967.582945096685,4780.779088760397,9635.119309474356,9457.23573516129,1,-0.00176947227494062,3253.075185575538,0,-0.0,-83033.14730679705,-85650.06390484792,-81154.49702042634,-1,0.00176947227494062
2022-05-21,9888.012005098895,1175.122862492421,9656.247964719689,9473.347352939018,1,-0.007982972445384373,3068.685225629107,0,-0.0,-84208.27016928948,-85512.10553105202,-81027.8311186197,-1,0.007982972445384373
2022-05-22,9751.624754244182,3962.3512680039075,9673.573831876929,9485.034358966619,1,-0.013793192280145306,3201.280845649105,0,-0.0,-88170.62143729339,-85506.74277727609,-81009.66469113925,-1,0.013793192280145306
2022-05-23,9680.347199532998,2717.5693486726636,9681.74440720429,9495.236922380247,1,-0.0073093003994192385,3090.3317092142033,0,-0.0,-90888.19078596606,-85884.08609480233,-81107.02131394812,-1,0.0073093003994192385
2022-05-24,9677.14039354212,5857.347706637954,9682.995218442244,9503.826544721163,1,-0.00033126972873787075,3247.723729550968,0,-0.0,-96745.53849260401,-86689.77216265562,-81389.92587811592,-1,0.00033126972873787075
2022-05-25,9850.802277438086,4933.557605026786,9695.683580923065,9517.578923816816,1,0.017945578635177872,3178.7188816022076,1,0.0,-91811.98088757723,-86933.09762205745,-81578.64999229084,-1,-0.017945578635177872
2022-05-26,9799.813411804353,2299.142708545428,9709.816572917542,9530.079771022307,1,-0.005176112990361803,3141.680773068884,0,-0.005176112990361803,-94111.12359612266,-87139.38497292597,-81845.75578065823,-1,0.005176112990361803
2022-05-27,9821.744213503063,2671.144889439617,9722.802837873793,9541.604307008814,1,0.0022378795163888743,3148.2646475202127,0,0.0,-91439.97870668305,-87339.08844934314,-82136.04073938174,-1,-0.0022378795163888743
2022-05-28,9820.131198658348,1810.1009400155808,9738.348635684993,9552.976746879945,1,-0.00016422896072754156,3112.8008403160693,0,-0.0,-93250.07964669862,-87503.3281185562,-82532.52165601666,-1,0.00016422896072754156
2022-05-29,9936.832977266979,3494.3532675677484,9756.720179982218,9564.671527997421,1,0.011883932734480629,3169.058915309805,0,0.0,-89755.72637913088,-87611.3097127755,-82924.79800926546,-1,-0.011883932734480629
2022-05-30,10187.930031874444,4239.2931822054825,9786.675651019756,9581.347465761324,1,0.025269324258736514,3288.2590716273326,0,0.0,-85516.4331969254,-87600.09115067727,-83206.28074844112,-1,-0.025269324258736514
2022-05-31,10133.845492728251,3767.8630233329104,9821.193994305524,9594.963960922923,1,-0.005308687729203232,3340.153389275656,0,-0.0,-89284.29622025831,-87640.76690622738,-83578.55126564657,-1,0.005308687729203232
2022-06-01,10084.246455842982,2553.8686647093723,9845.925469600052,9604.18405509016,1,-0.004894394425182358,3269.1013040128387,0,-0.0,-91838.16488496769,-88007.88161351124,-84066.29739606327,-1,0.004894394425182358
2022-06-02,10189.542212082119,2388.690620087458,9867.310843219555,9615.73545004896,1,0.010441608770690669,3250.461473684204,0,0.0,-89449.47426488023,-88393.63615112372,-84469.5053067651,-1,-0.010441608770690669
2022-06-03,10259.023833258187,2150.7221824549542,9895.161268861297,9629.149988062798,1,0.006818914896262962,3119.8074361324648,0,0.0,-87298.75208242529,-88433.664432939,-84755.06206061793,-1,-0.006818914896262962
2022-06-04,10448.477977935972,1795.1218416715742,9934.365144974052,9643.432008969497,1,0.01846707325736041,3075.8529498007147,0,0.0,-85503.63024075372,-88250.22604425534,-85059.01714353394,-1,-0.01846707325736041
2022-06-05,10509.489585786716,2624.250531225369,9975.23824267315,9656.205797367926,1,0.005839281853259548,3147.020621301401,0,0.0,-82879.37970952835,-87995.619984071,-85356.64487711171,-1,-0.005839281853259548
2022-06-06,10471.729820922896,2749.0238943327913,10012.602569903956,9669.199299320167,1,-0.003592920907870445,3113.5991697335494,0,-0.0,-85628.40360386114,-88049.3377648878,-85614.2317856672,-1,0.003592920907870445
2022-06-07,10533.581598967223,3462.7944453164505,10049.85749782471,9683.902414394688,1,0.005906548306922943,3155.0962660209434,0,0.0,-82165.60915854468,-88061.55844941719,-85775.92668035874,-1,-0.005906548306922943
2022-06-08,10650.367795318594,2935.4908147552605,10083.113309045155,9701.005235154891,1,0.011087035805829037,3118.429444262706,0,0.0,-79230.11834378942,-88110.44595570484,-85840.37333870692,-1,-0.011087035805829037
2022-06-09,10737.752165311165,2508.0222959214498,10121.62177005588,9721.721005191379,1,0.008204821811973684,3004.7916046207592,0,0.0,-76722.09604786798,-87794.89339275837,-85813.92333844252,-1,-0.008204821811973684
2022-06-10,10792.221993570452,2180.6826029190847,10166.832269479457,9744.79834269544,1,0.005072740311073076,3055.0695916420923,0,0.0,-74541.41344494889,-87311.55055654135,-85716.84028687605,-1,-0.005072740311073076
2022-06-11,10907.339894020142,1826.687052409339,10224.618026468255,9771.368734597832,1,0.010666746895891421,2948.286380862364,0,0.0,-72714.72639253955,-86538.75580430366,-85520.96255801881,-1,-0.010666746895891421
2022-06-12,11034.87893843584,4606.624547092618,10292.344613413396,9801.256541920486,1,0.011692955904456737,3042.739140783361,1,0.0,-68108.10184544693,-85399.75135727771,-85174.98752127988,-1,-0.011692955904456737
2022-06-13,11187.39850983354,2201.081047625982,10367.857519227968,9833.73976613634,1,0.01382158991037552,2859.925807832763,0,0.01382158991037552,-65907.02079782095,-83857.82547253856,-84755.20482800352,1,-0.01382158991037552
2022-06-14,11259.972270130887,2750.466288450016,10438.316018862608,9867.071924595573,1,0.006487098875896491,2750.7712420039247,0,0.0,-63156.55450937094,-82425.05415362823,-84349.2904441872,1,0.006487098875896491
2022-06-15,11241.154820628833,2645.456495879812,10510.383089303832,9897.697508751966,1,-0.001671180803168637,2768.0869313706435,0,-0.0,-65802.01100525075,-81009.59852408463,-84058.49678112232,1,-0.001671180803168637
2022-06-16,11257.647133263858,1164.306953931428,10582.17823529187,9930.16265508497,1,0.0014671368643335292,2692.745034595234,0,0.0,-64637.70405131932,-79669.48479131646,-83698.95278442325,1,0.0014671368643335292
2022-06-17,11393.471655344556,3013.7813823379242,10660.845258126183,9963.364246121808,1,0.012065089665083573,2752.929056711351,0,0.0,-61623.922668981395,-78088.1769424306,-83366.0673835488,1,0.012065089665083573
2022-06-18,11300.394321228227,1660.292166131133,10729.023325324244,9995.349846527655,1,-0.0081693567098724,2661.2260016395203,0,-0.0,-63284.21483511253,-76764.60136522967,-82987.59530578543,1,-0.0081693567098724
2022-06-19,11342.055858887983,3117.4170792533973,10786.72961667492,10028.107144533926,1,0.0036867330887289107,2605.132196491916,0,0.0,-60166.79775585913,-75497.11959317637,-82507.84332285746,1,0.0036867330887289107
2022-06-20,11297.443151079127,5606.196282850024,10844.909499592464,10059.066309979633,1,-0.003933388123273596,2697.0488594677718,0,-0.0,-65772.99403870915,-74321.5544840989,-82166.028901433,1,-0.003933388123273596
2022-06-21,11300.690581109067,1355.6847335096497,10905.73170585577,10091.845995259866,1,0.00028744822934823056,2637.1396629077854,0,0.0,-64417.3093051995,-72950.51170511049,-81755.31689224039,1,0.00028744822934823056
2022-06-22,11445.164470330743,2944.322629169585,10968.512818768202,10126.438682368935,1,0.012784518626072883,2664.921263361892,0,0.0,-61472.98667602992,-71551.68732566797,-81341.27693575292,1,0.012784518626072883
2022-06-23,11467.03607296689,1712.5613917420173,11028.913430753635,10161.135964330273,1,0.001910990680199065,2643.013223826245,0,0.0,-59760.4252842879,-70174.7709857611,-80944.42118336144,1,0.001910990680199065
2022-06-24,11472.360968694997,5720.858757831957,11080.107580291586,10195.151702355914,1,0.0004643654815614795,2839.300069634264,0,0.0,-54039.56652645594,-68601.56780004622,-80490.33123301789,1,0.0004643654815614795
2022-06-25,11316.353363546814,2267.4647028624454,11120.450769179592,10226.112768633493,1,-0.013598561409799204,2821.460778216118,0,-0.0,-56307.03122931839,-67272.95037603572,-80123.54111977332,1,-0.013598561409799204
2022-06-26,11400.802054066524,1703.9510190116857,11166.904380836773,10254.610659523898,1,0.007462535660272218,2769.2071344500628,0,0.0,-54603.0802103067,-65721.684206358,-79771.98948117794,1,0.007462535660272218
2022-06-27,11474.39242784873,3335.9453488995773,11213.944922280849,10285.365105419532,1,0.006454841811410761,2762.864679629219,0,0.0,-51267.134861407125,-64176.76049150112,-79314.45357679245,1,0.006454841811410761
2022-06-28,11722.61276401477,5320.844150656216,11267.557170715658,10321.108729653317,1,0.0216325472330543,2882.132346424267,1,0.0,-45946.29071075091,-62512.56910984919,-78742.21579475049,1,0.0216325472330543
2022-06-29,11686.53311335931,4327.2723187388465,11314.996218118064,10357.245765882766,1,-0.003077782349530045,2973.0948475651367,0,-0.003077782349530045,-50273.56302948976,-61190.142458930284,-78211.69991884552,1,-0.003077782349530045
2022-06-30,11712.14418896979,1222.9904613486444,11360.992327888032,10394.690854029059,1,0.002191503276639306,2925.2102404866146,0,0.0,-49050.57256814111,-59915.60041508989,-77579.75216756108,1,0.002191503276639306
2022-07-01,11741.352365589759,3280.2503824564396,11402.692951466513,10433.628269937231,1,0.002493836837107466,2997.8884069889696,0,0.0,-45770.32218568467,-58568.380204747154,-76871.29292877563,1,0.002493836837107466
2022-07-02,11926.566713569342,2982.0093329621823,11447.277340223187,10473.788786946958,1,0.015774532797634855,2916.657646282448,0,0.0,-42788.31285272249,-57302.39075511093,-76195.409402397,1,0.015774532797634855
2022-07-03,11915.201228324162,6383.059956669808,11483.667476147717,10511.50673793931,1,-0.0009529553238694088,3125.756591734639,0,-0.0,-49171.3728093923,-56465.60835568949,-75671.06866362788,1,-0.0009529553238694088
2022-07-04,11948.447204590037,1591.7521996619053,11518.091222870677,10550.696940885447,1,0.002790215257703288,3067.8208872952337,0,0.0,-47579.620609730395,-55686.761660707474,-75014.97114546438,1,0.002790215257703288
2022-07-05,12021.081398112061,3682.049624885369,11557.087551744837,10592.42907132207,1,0.006078965097165323,3119.6505437455116,0,0.0,-43897.57098484503,-54591.53965968719,-74246.8410522326,1,0.006078965097165323
2022-07-06,12043.51383270299,1294.9177454200553,11596.380886716794,10633.78731996082,1,0.0018660912315635603,3126.181083319943,0,0.0,-42602.65323942497,-53489.78711909246,-73499.45345325068,1,0.0018660912315635603
2022-07-07,11989.747538580761,5765.098107588634,11626.194680878605,10675.129524896594,1,-0.004464336145505343,3263.7469195824788,0,-0.0,-48367.751347013604,-52826.97855299407,-72806.16120466028,1,-0.004464336145505343
2022-07-08,12013.018438726918,7429.425850998118,11661.825886753537,10715.85646402,1,0.001940899928983164,3552.203603825828,0,0.0,-40938.32549601549,-51709.68408603922,-72028.53172134815,1,0.001940899928983164
2022-07-09,12141.9940188016,3285.619761142598,11701.82279474922,10758.409354147965,1,0.010736317498597936,3560.6137379202883,0,0.0,-37652.70573487289,-50583.97948498991,-71227.06340961452,1,0.010736317498597936
2022-07-10,12017.354592545027,3859.8419836755497,11737.818366822514,10801.307286906835,1,-0.010265152994110571,3473.2960229615646,0,-0.0,-41512.54771854844,-49370.95716898188,-70444.42618643605,1,-0.010265152994110571
2022-07-11,12033.334029787808,4995.983458613357,11774.450539256452,10842.03590490409,1,0.0013296967414686556,3655.3109592167493,0,0.0,-36516.56425993508,-47975.91991671866,-69644.77107844679,1,0.0013296967414686556
2022-07-12,11949.086153514103,1138.9462089615304,11799.64662341562,10878.490095134457,1,-0.007001208149391869,3565.042138206347,0,-0.0,-37655.51046889662,-46785.04610636199,-68910.12319438456,1,-0.007001208149391869
2022-07-13,12091.883304779,3435.8611199765005,11830.888985006226,10918.321228207053,1,0.011950466289248451,3651.2071246180703,0,0.0,-34219.64934892012,-45508.007309593595,-68038.81424276457,1,0.011950466289248451
2022-07-14,11907.701321738869,546.4045016004526,11852.65600265842,10955.709575974684,1,-0.01523186904783791,3392.4844118064952,0,-0.0,-34766.05385052057,-44544.331675796835,-67132.04184003279,1,-0.01523186904783791
2022-07-15,11841.146577543821,5427.360108414469,11878.895663358267,10991.528225070337,1,-0.005589218472715984,3550.479182084097,0,-0.0,-40193.41395893504,-43738.65081227767,-66335.74039079479,1,-0.005589218472715984
2022-07-16,11885.812788578114,2892.126773891818,11903.14620008385,11027.55105027486,1,0.0037721187506454257,3609.887969828103,0,0.0,-37301.28718504322,-42873.5611610145,-65548.19437742009,1,0.0037721187506454257
2022-07-17,12071.888043853112,3231.417527616225,11933.020980884068,11065.607800329877,1,0.01565524029234333,3604.6615787639357,0,0.0,-34069.86965742699,-42013.69790081548,-64750.672280577935,1,0.01565524029234333
2022-07-18,12063.950745947841,1561.8325694069197,11950.087879980721,11100.252786580511,1,-0.0006575026107298321,3416.7109997014713,0,-0.0,-35631.70222683391,-41497.96847661964,-64040.32784739122,1,-0.0006575026107298321
2022-07-19,11996.971748505837,3203.6808096327322,11965.609811738048,11134.075933303999,1,-0.005551995266932064,3360.5314242461654,0,-0.0,-38835.38303646664,-40926.059476968476,-63303.69844288572,1,-0.005551995266932064
2022-07-20,12222.653630671644,5393.278282341368,11991.13528382314,11172.986627063541,1,0.018811570694405866,3569.0458152958017,1,0.0,-33442.10475412528,-40145.63608626769,-62457.59568596631,1,0.018811570694405866
2022-07-21,12045.667907099789,5698.901775216275,12006.351060898642,11211.220679611137,1,-0.01448013900416234,3689.978384933793,-1,-0.01448013900416234,-39141.006529341554,-39814.17030345053,-61640.43543750045,1,-0.01448013900416234
2022-07-22,11780.807043643805,3847.5584547031744,11999.063077402365,11246.22834367965,1,-0.021988059566200868,3733.255841020843,0,0.021988059566200868,-42988.56498404473,-39824.18291001664,-60842.108340801766,1,-0.021988059566200868
2022-07-23,11832.644296968738,2860.2184089147318,11994.935230834595,11282.153408736758,1,0.004400144500533276,3557.1137636330895,0,0.0,-40128.346575129995,-39372.03159830353,-59898.48847551052,1,0.004400144500533276
2022-07-24,11773.238006423187,2014.9480790722607,11986.17477092625,11314.194004219844,1,-0.005020542243526105,3578.2735576036075,0,-0.0,-42143.294654202255,-39100.215300527125,-59070.677038287606,1,-0.005020542243526105
2022-07-25,11653.005836262688,2176.6963751312983,11967.770992833783,11345.080544627484,1,-0.010212328171307128,3503.0058951159035,0,-0.0,-44319.991029333556,-39121.336302751544,-58240.82482884113,1,-0.010212328171307128
2022-07-26,11735.550654408027,1249.8545247846,11952.372833919033,11376.977318642568,1,0.007083564472993853,3500.7527340841307,0,0.0,-43070.13650454896,-39144.710466007746,-57434.66079213889,1,0.007083564472993853
2022-07-27,11764.162010668453,3947.9501902853963,11941.093557523418,11409.37783217607,1,0.0024380071377119172,3409.8953382189684,0,0.0,-39122.18631426356,-38682.432214370245,-56532.529236598304,1,0.0024380071377119172
2022-07-28,11697.802886681024,3158.5070169118244,11925.332779921126,11438.727330666303,1,-0.005640786307367307,3196.349396514654,0,-0.0,-42280.69333117539,-38749.55060612824,-55741.27868579905,1,-0.005640786307367307
2022-07-29,11548.035401774996,2752.3987618937795,11895.634849069795,11461.395753497978,1,-0.01280304398670895,3169.6883465522133,0,-0.0,-45033.09209306917,-39118.569924038056,-55066.556334068104,1,-0.01280304398670895
2022-07-30,11648.787082910168,1836.0452860561702,11877.20647358805,11486.64478000101,1,0.008724573282801629,3068.498511671244,0,0.0,-43197.046807013,-39202.79487846128,-54298.43551051402,1,0.008724573282801629
2022-07-31,11724.527633741147,1310.5314393906979,11861.766153785717,11513.982799632646,1,0.006502011779586647,2884.2259107101113,0,0.0,-41886.515367622305,-39471.29243384564,-53465.90801855827,1,0.006502011779586647
2022-08-01,11712.89973218633,3890.838594040898,11849.95683271933,11539.372091634383,1,-0.0009917586377939935,3021.8205299640795,0,-0.0,-45777.353961663204,-39877.384608483975,-52738.03934683798,1,-0.0009917586377939935
2022-08-02,11929.19447195085,3542.3461366229812,11841.822391077922,11567.208268945928,1,0.01846636996047657,3027.1447807964037,0,0.0,-42235.00782504022,-40278.15253228998,-51986.97694254822,1,0.01846636996047657
2022-08-03,11801.541979161084,5727.340355250231,11836.514423949033,11589.759335633014,1,-0.010700847663261404,3286.1915734788927,-1,-0.0,-47962.34818029046,-40937.96724877847,-51361.28890820718,1,-0.010700847663261404
2022-08-04,11621.506485711732,2967.902764424146,11825.532419357429,11608.292950631763,1,-0.015255251709247353,3163.2187062793764,0,0.015255251709247353,-50930.2509447146,-41474.809098067446,-50828.80342879361,1,-0.015255251709247353
2022-08-05,11541.096344495321,822.6053323944915,11808.296597153289,11626.115726024636,1,-0.006919080698812419,3059.74263420451,0,-0.0,-51752.856277109095,-42197.38755267074,-50264.21097334775,1,-0.006919080698812419
2022-08-06,11535.835218428114,4014.550679364463,11781.493955882039,11642.819953015653,1,-0.000455860163555144,3098.899291791922,0,-0.0,-55767.406956473555,-43282.26441762307,-49824.24093664656,1,-0.000455860163555144
2022-08-07,11563.90645632341,3317.322711411609,11756.491741400818,11658.045597365732,1,0.0024333944932268814,3186.673798892157,0,0.0,-52450.084245061946,-44123.183518534475,-49377.9070350011,1,0.0024333944932268814
2022-08-08,11536.010144253982,2707.433306307576,11733.443661188225,11671.349897014781,1,-0.0024123605785633107,3161.8614237258985,0,-0.0,-55157.51755136952,-44939.29024427962,-49018.4973933928,1,-0.0024123605785633107
2022-08-09,11576.623290509266,970.6749130286319,11701.142144180105,11684.423251963757,1,0.0035205539651430584,2940.731255260262,0,0.0,-54186.84263834089,-45976.5271384904,-48679.25454661599,1,0.0035205539651430584
2022-08-10,11431.737286038528,825.761946397697,11670.445613127044,11693.163208497399,-1,-0.01251539424190462,2697.074263819333,0,-0.0,-55012.60458473858,-46770.10704126025,-48384.21918315264,1,-0.01251539424190462
2022-08-11,11596.784662604996,2732.2769459149763,11661.244494075101,11702.528303900217,-1,-0.014437646040732499,2641.310188379923,0,0.0,-52280.327638823605,-47234.69517399919,-48120.422946375584,1,0.014437646040732499
2022-08-12,11587.257767349018,5074.538405873558,11648.975167594115,11709.19262485881,-1,0.0008215117839256436,2752.0261882278646,0,-0.0,-57354.86604469716,-48096.02114747755,-47977.88703382353,-1,-0.0008215117839256436
2022-08-13,11716.721715378979,1862.560074883593,11646.149353041905,11716.805115612946,-1,-0.011172958315881276,2744.4067880184307,0,0.0,-55492.30596981357,-48763.47171325812,-47850.14955816423,-1,-0.011172958315881276
2022-08-14,11756.877890462125,2314.8764170631957,11651.34295575188,11725.400500110165,-1,-0.003427253463777147,2751.3157901150257,0,0.0,-53177.42955275037,-49206.34363942896,-47639.73986728923,-1,-0.003427253463777147
2022-08-15,11810.577808698792,4056.562246430986,11655.094313466416,11734.616011367416,-1,-0.0045675321915379374,2891.651176197345,0,0.0,-49120.867306319386,-49508.88017951748,-47381.12592153923,-1,-0.0045675321915379374
2022-08-16,11877.870616659126,1825.8790929091997,11660.77974376595,11742.689327389324,-1,-0.00569767280232214,2785.547621328535,0,0.0,-47294.988213410186,-49917.52027447481,-47142.310347279716,-1,-0.00569767280232214
2022-08-17,11931.04886015769,3300.6679221842637,11672.442042439781,11753.200236371482,-1,-0.004477085600173236,2792.655666592157,0,0.0,-43994.32029122592,-50003.20162247734,-46820.8121048816,-1,-0.004477085600173236
2022-08-18,12007.732426672841,2059.473185242823,11695.426893684675,11764.294845834562,-1,-0.006427227598675422,2758.009387759609,0,0.0,-41934.8471059831,-49848.289373123036,-46516.946260717006,-1,-0.006427227598675422
2022-08-19,12167.333506033498,2536.1356305633144,11721.354214840841,11778.793018417136,-1,-0.01329152530132438,2793.0139049849668,0,0.0,-39398.71147541978,-49658.37260654337,-46077.37488466218,-1,-0.01329152530132438
2022-08-20,12191.244892161036,4903.7137553617695,11744.690077761836,11793.635590268002,-1,-0.0019652116970148015,2972.67302078352,0,0.0,-34494.99772005801,-49288.796724165164,-45578.669691576484,-1,-0.0019652116970148015
2022-08-21,12277.681276543275,1173.0646003650168,11772.929154979684,11807.510870371543,-1,-0.007090037575885111,2836.784321099726,0,0.0,-33321.93311969299,-48666.02568206665,-45109.48546563754,-1,-0.007090037575885111
2022-08-22,12266.663814007397,3292.114056522619,11789.80262208251,11820.837999388887,-1,0.000897356942872185,2824.2727170947082,0,-0.0,-36614.04717621561,-48384.97764962541,-44723.71249716966,-1,0.000897356942872185
2022-08-23,12443.318151354228,1624.527645898997,11821.891430692169,11837.020619099872,-1,-0.014401172154494546,2619.1320816271464,0,0.0,-34989.51953031661,-47736.33621712673,-44406.21171390068,-1,-0.014401172154494546
2022-08-24,12359.152505257725,2940.72524020775,11858.773731669467,11854.400604795055,1,0.006763923020592588,2617.7732054163266,0,-0.0,-37930.24477052436,-47086.33590841721,-44099.93193958745,-1,0.006763923020592588
2022-08-25,12581.733479890021,4841.730880346267,11910.805588439202,11874.082795225446,1,0.018009404329108136,2818.7294828139156,1,0.0,-33088.513890178096,-46153.11878907066,-43741.35583425197,-1,-0.018009404329108136
2022-08-26,12576.680913568964,916.8769856224183,11962.847873196244,11892.454269987451,1,-0.0004015795064434835,2663.845798126813,0,-0.0004015795064434835,-34005.39087580051,-45065.01798503701,-43453.66010115852,-1,0.0004015795064434835
2022-08-27,12396.736894384785,3686.975587361304,12004.489395099314,11903.689672160282,1,-0.014307751021180537,2682.3284419242977,0,-0.0,-37692.366463161816,-44327.132095942005,-43316.09469703203,-1,0.014307751021180537
2022-08-28,12412.617661651366,1149.9495814457387,12048.319770969183,11915.791081298486,1,0.0012810441491077906,2604.4542556812057,0,0.0,-36542.416881716075,-43396.37706245933,-43087.24226123581,-1,-0.0012810441491077906
2022-08-29,12328.081323330669,3433.152062937388,12085.892672610255,11926.056700204499,1,-0.006810516574748848,2727.578113176644,0,-0.0,-39975.56894465347,-42685.81337777496,-42935.99220084435,1,0.006810516574748848
2022-08-30,12431.71654368933,2643.1224205269523,12135.891635492791,11937.562769839493,1,0.008406435489887176,2818.446136883106,0,0.0,-37332.44652412651,-41801.80547474436,-42795.36093981838,1,0.008406435489887176
2022-08-31,12350.584180486312,5302.944215090695,12173.58161138686,11944.629727621443,1,-0.0065262397930238025,2946.979500341892,0,-0.0,-42635.39073921721,-41319.55862976403,-42792.81223792663,1,-0.0065262397930238025
2022-09-01,12295.47791996774,6416.329463428124,12208.992619017796,11950.967672482167,1,-0.0044618343321475296,3014.069053219621,0,-0.0,-49051.72020264534,-40904.401337661446,-42790.81802781417,1,-0.0044618343321475296
2022-09-02,12063.149856605534,3060.2137855121973,12226.314026079122,11952.879383349094,1,-0.01889540730945538,3073.951738751051,0,-0.0,-52111.933988157536,-40735.38273857864,-42866.35658412129,1,-0.01889540730945538
2022-09-03,12008.587467503621,3465.464952563296,12238.899504931196,11952.671151172286,1,-0.00452306319249085,3131.481165526056,0,-0.0,-55577.39894072083,-40855.38120797717,-43061.0203833859,1,-0.00452306319249085
2022-09-04,11717.513798458645,3532.8179006603254,12234.24630441919,11947.237817268213,1,-0.024238793266289527,3105.293948237523,0,-0.0,-59110.21684138115,-41354.848684730256,-43336.14644341849,1,-0.024238793266289527
2022-09-05,11531.919766562529,3216.2180934473386,12216.94876191436,11939.607354401242,1,-0.015839028234857278,3174.81089826443,0,-0.0,-62326.43493482849,-42106.42102080117,-43568.791169882075,1,-0.015839028234857278
2022-09-06,11619.61017460227,4722.566094525961,12201.37682763659,11933.050549999165,1,0.007604146561442926,3245.9058068815148,0,0.0,-57603.86884030253,-42786.89844825501,-43846.550225620194,1,0.007604146561442926
2022-09-07,11710.917089788903,1056.2698657485075,12186.536060792392,11925.865934515621,1,0.0078580015865084,3195.745640906799,0,0.0,-56547.59897455402,-43517.53604168355,-44161.465112948215,1,0.0078580015865084
2022-09-08,11760.742072101777,1117.6919046257485,12166.206489095806,11921.589059174901,1,0.0042545756178495875,3124.8234546099206,0,0.0,-55429.907069928275,-44319.09582140898,-44393.42110213788,1,0.0042545756178495875
2022-09-09,11647.018502009592,439.72688514788945,12138.995169588236,11915.150467045263,1,-0.009669761431292168,2901.624111099227,0,-0.0,-55869.63395507616,-45387.82763315988,-44715.97226372356,-1,-0.009669761431292168
2022-09-10,11641.461551532175,2753.8867086339174,12107.184183337678,11910.023390345565,1,-0.00047711356141988404,2980.6652165126716,0,-0.0,-58623.52066371008,-46652.90701036074,-45065.43910030379,-1,0.00047711356141988404
2022-09-11,11641.042163329068,4516.958513440556,12075.903100803762,11902.509371321397,1,-3.602539090563628e-05,3041.9074393585684,0,-0.0,-63140.479177150635,-47979.22861040749,-45547.45293077429,-1,3.602539090563628e-05
2022-09-12,11506.196441455048,1976.3763212443407,12029.047015308804,11895.817623316667,1,-0.011583646891925481,3059.4998731258356,0,-0.0,-65116.85549839497,-49485.5954088114,-46053.299624905536,-1,0.011583646891925481
2022-09-13,11679.180403353876,3150.154919140964,11995.04841021361,11893.118187080168,1,0.01503398301767156,3069.9713570724966,0,0.0,-61966.70057925401,-50687.418199247884,-46416.18773524418,-1,-0.01503398301767156
2022-09-14,11781.649128061204,2577.173885705635,11955.04419262217,11891.382126071554,1,0.008773622905756673,2956.743507340465,0,0.0,-59389.526693548374,-52002.468839416404,-46784.32506038594,-1,-0.008773622905756673
2022-09-15,11755.615904401875,4330.427305660737,11913.990942163817,11886.110923747367,1,-0.0022096417382965194,3127.421023342381,0,-0.0,-63719.95399920911,-53488.19699558683,-47278.493132748976,-1,0.0022096417382965194
2022-09-16,11758.776500366748,3702.2920467893287,11882.092922462914,11881.024686321014,1,0.0002688583899452812,3128.186846313782,0,0.0,-60017.66195241978,-54604.461770049726,-47684.92579484207,-1,-0.0002688583899452812
2022-09-17,11783.279769018489,3200.229790274148,11850.62602783127,11877.463153329558,-1,0.0020838280794754915,3230.7008567552025,0,0.0,-56817.43216214563,-55618.2125340712,-47984.62661360339,-1,-0.0020838280794754915
2022-09-18,11542.696437330453,3823.7290690203986,11811.35678353126,11866.130533440539,-1,0.020417348684242942,3250.229707059353,0,-0.0,-60641.16123116603,-56651.49214839683,-48437.94422155407,-1,0.020417348684242942
2022-09-19,11514.165502404361,2096.960517014227,11765.479231467012,11857.27216002895,-1,0.002471773825205914,3222.9216118837167,0,-0.0,-62738.12174818025,-57921.77590959952,-48831.22947520138,-1,0.002471773825205914
2022-09-20,11435.640707389568,1498.3544545179598,11719.732057812174,11851.519387758046,-1,0.006819842479977911,3032.69212385508,0,-0.0,-64236.47620269821,-59001.83018277357,-49185.361328845596,-1,0.006819842479977911
2022-09-21,11321.099041804666,2631.0361841198333,11671.01311390402,11842.993633505312,-1,0.010016200098949102,2843.4274598896654,0,-0.0,-66867.51238681805,-59892.61979198221,-49631.01409237374,-1,0.010016200098949102
2022-09-22,11289.275399240243,1616.9317383057542,11632.319391035755,11834.92759005226,-1,0.0028110029288596072,2771.2633575293435,0,-0.0,-68484.4441251238,-60711.245298830516,-50070.033250222434,-1,0.0028110029288596072
2022-09-23,11492.221182071326,3246.576964596971,11606.50107676414,11832.247845815738,-1,-0.017976865268495512,2760.318958131027,0,0.0,-65237.86716052683,-61194.26870982081,-50418.664519075646,-1,-0.017976865268495512
2022-09-24,11565.868261117643,3648.113629607691,11598.918799897092,11829.419805927564,-1,-0.006408428612669992,2766.0837445783955,0,0.0,-61589.753530919144,-61318.24554429772,-50727.32480284848,-1,-0.006408428612669992
2022-09-25,11499.806451624181,1458.0444365065036,11597.313134150174,11825.013879943494,-1,0.005711789897828057,2678.1750617313533,0,-0.0,-63047.79796742565,-61354.31369592758,-51126.084997067854,-1,0.005711789897828057
2022-09-26,11565.652363255467,2012.28153370415,11594.615243582834,11822.811371219734,-1,-0.005725827813561679,2542.660833690263,0,0.0,-61035.5164337215,-61525.89607559853,-51438.66538211029,-1,-0.005725827813561679
2022-09-27,11727.49694837732,5491.269179099737,11595.444236512254,11825.802396996442,-1,-0.013993554365860028,2764.4107993578245,1,0.0,-55544.24725462177,-61475.72848960191,-51613.8513014695,-1,-0.013993554365860028
2022-09-28,11835.933335324587,2723.127721034425,11599.203799673394,11828.921501203347,-1,-0.00924633682912801,2844.6825901782586,0,0.00924633682912801,-52821.11953358734,-61345.28911278486,-51774.25251357907,-1,-0.00924633682912801
2022-09-29,11842.991146155948,1290.2563781834438,11609.002431880712,11830.895893076928,-1,-0.0005963036992018278,2887.209064830036,0,0.0,-51530.863155403895,-61128.35057280125,-51934.99164337543,-1,-0.0005963036992018278
2022-09-30,11766.37448085105,2977.708858150036,11615.248078346656,11831.787138888007,-1,0.006469367777055757,2898.400172305842,0,-0.0,-54508.57201355393,-60922.603140293446,-52080.51194424028,-1,0.006469367777055757
2022-10-01,11848.530050643432,2978.3286770892255,11625.622472712374,11830.442731866215,-1,-0.006982233136135996,2821.468680488276,0,0.0,-51530.24333646471,-60342.09134825915,-52235.43253609735,-1,-0.006982233136135996
2022-10-02,11895.152284780019,1951.7335976527236,11645.070264878623,11832.002903626531,-1,-0.003934853854217435,2820.2365443086946,0,0.0,-49578.50973881198,-59565.174060280006,-52262.36856207271,-1,-0.003934853854217435
2022-10-03,12001.636881545342,2194.363055852708,11661.193088788195,11838.338410223758,-1,-0.008951932200277346,2772.4469511442817,0,0.0,-47384.146682959275,-58836.046365465256,-52203.266824376784,-1,-0.008951932200277346
2022-10-04,12077.867894757184,2511.8475281863202,11676.004027122995,11847.284602728123,-1,-0.006351718016819996,2769.1806332683163,0,0.0,-44872.299154772954,-58110.18498852649,-52088.590872337845,-1,-0.006351718016819996
2022-10-05,12204.631485199288,4504.78722190638,11698.454806162865,11858.43120717431,-1,-0.01049552715319324,2777.8986290805983,1,0.0,-40367.511932866575,-56942.56288520937,-51831.92595527774,-1,-0.01049552715319324
2022-10-06,12139.308000049294,1852.849947690888,11717.481381146992,11868.021232903073,-1,0.005352352115605696,2685.426524125676,0,-0.005352352115605696,-42220.361880557466,-56052.697881616245,-51661.430582536,-1,0.005352352115605696
2022-10-07,12299.230523251017,1891.6594329159182,11743.278918858621,11880.741572553025,-1,-0.013173940656343364,2619.9980062577647,0,0.0,-40328.702447641546,-55228.261395891044,-51414.28366414053,-1,-0.013173940656343364
2022-10-08,12323.533754145166,4746.686308293022,11782.320784699355,11893.19008028029,-1,-0.001975996046923889,2666.1458682213956,0,0.0,-35582.016139348525,-53975.30414130017,-51104.20322249066,-1,-0.001975996046923889
2022-10-09,12579.279228269708,3934.4200493955136,11835.576470992622,11912.315779317474,-1,-0.02075260872625262,2758.01884484046,0,0.0,-31647.59608995301,-52420.777858388814,-50714.78641424423,-1,-0.02075260872625262
2022-10-10,12492.584368225003,2741.774086524082,11888.423654034394,11927.245774411142,-1,0.006891878180895539,2820.1898264407664,0,-0.0,-34389.370176477096,-50928.42255707775,-50416.60378987179,-1,0.006891878180895539
2022-10-11,12709.45111093727,2034.5722718761842,11957.841257491025,11945.94899680428,1,-0.017359638031652525,2790.3666308285838,0,0.0,-32354.797904600913,-49202.78683296689,-49999.93598753685,1,-0.017359638031652525
2022-10-12,12734.60448520473,2327.487900179117,12030.10771178925,11962.91370963471,1,0.0019791078346267366,2825.894438922252,0,0.0,-30027.310004421797,-47279.930126931795,-49575.51938811366,1,0.0019791078346267366
2022-10-13,12651.648978899015,960.0722835973384,12088.079101630634,11977.826561108659,1,-0.006514180036144457,2711.5692048722703,0,-0.0,-30987.382288019136,-45567.40588330641,-49205.685267034794,1,-0.006514180036144457
2022-10-14,12590.429441715845,3354.344195352824,12139.307160660543,11990.824088325608,1,-0.004838858340543095,2696.880733159527,0,-0.0,-34341.72648337196,-44205.00453092905,-48959.36625331901,1,-0.004838858340543095
2022-10-15,12550.096339909203,1418.6178729836586,12191.821655074795,12002.027850379778,1,-0.003203473081943242,2694.909404983385,0,-0.0,-35760.34435635562,-42840.63185037555,-48767.12218903476,1,-0.003203473081943242
2022-10-16,12603.329574823729,1622.6719294253185,12243.705515653208,12013.232528957544,1,0.004241659464018888,2675.4289247694433,0,0.0,-34137.6724269303,-41495.73965003599,-48602.84472462984,1,0.004241659464018888
2022-10-17,12669.224254514982,3604.2614249061558,12290.79188096009,12024.257392754913,1,0.005228354880355113,2581.078537059764,0,0.0,-30533.411002024146,-40245.19783740611,-48412.820789563855,1,0.005228354880355113
2022-10-18,12596.540914467842,5149.882303702884,12328.822259917255,12031.410849562151,1,-0.00573700003938582,2702.416266193187,0,-0.0,-35683.29330572703,-39388.3065260131,-48350.89715340231,1,-0.00573700003938582
2022-10-19,12593.473078289137,4139.033924947865,12366.346356523913,12038.114652664288,1,-0.000243545922609667,2844.8551435314084,0,-0.0,-39822.32723067489,-38802.87972977664,-48439.68597857926,1,-0.000243545922609667
2022-10-20,12863.259319165089,3476.305951087876,12421.190598439614,12047.874286707984,1,0.02142270358611853,2869.7849981782997,0,0.0,-36346.02127958702,-37894.7521930783,-48490.087447910824,1,0.02142270358611853
2022-10-21,13085.477676985669,3061.9121793240342,12483.037979756726,12061.521184424288,1,0.017275431701007093,2873.9641732900404,0,0.0,-33284.109100262984,-36982.44548126821,-48434.58847997829,1,0.017275431701007093
2022-10-22,13142.57271338027,1718.2138684687463,12545.40900118674,12073.175427124723,1,0.004363236696740325,2862.288186830842,0,0.0,-31565.89523179424,-36081.81475591732,-48377.52807500291,1,0.004363236696740325
2022-10-23,13147.56734813214,1180.8589199674057,12602.70552451608,12086.315674505962,1,0.000380034781682026,2811.6129800365766,0,0.0,-30385.036311826832,-35231.8592373607,-48251.77460069128,1,0.000380034781682026
2022-10-24,13163.348547651276,2034.422275274327,12656.979557160785,12096.009258968648,1,0.0012003132671822847,2787.741717390977,0,0.0,-28350.614036552506,-34405.77498144968,-48172.80960313086,1,0.0012003132671822847
2022-10-25,13244.108056804265,6557.910715172142,12708.953385741032,12107.133044689237,1,0.006135179727304152,2890.397892054265,0,0.0,-21792.703321380366,-33477.03455087537,-47969.26481055719,1,0.006135179727304152
2022-10-26,13108.648304272429,3047.6993404822374,12757.420400952189,12118.998234854032,1,-0.010227925651984049,2950.1403616938323,0,-0.0,-24840.402661862605,-32608.036589940624,-47755.06541386887,1,-0.010227925651984049
2022-10-27,13074.909719163887,3147.0341848746743,12796.204360747832,12130.036435812573,1,-0.002573765374233594,3012.9090992917704,0,-0.0,-27987.43684673728,-31990.973309895413,-47612.482413285885,1,-0.002573765374233594
2022-10-28,12856.743857916046,3666.0325412005077,12822.864865936377,12138.847478055663,1,-0.01668584073877577,2958.876410937145,0,-0.0,-31653.46938793779,-31794.54597232488,-47473.78075400729,1,-0.01668584073877577
2022-10-29,12908.070952210981,1799.352062070954,12839.30445213344,12146.78671819769,1,0.003992231226052745,2852.123011570917,0,0.0,-29854.117325866835,-31704.872034120566,-47349.1419340363,1,0.003992231226052745
2022-10-30,12991.611463307641,6298.914534863845,12864.255806887573,12157.470506244714,1,0.0064719593970274936,3029.980033987905,0,0.0,-23555.20279100299,-31163.163664846863,-47031.13880156606,1,0.0064719593970274936
2022-10-31,12928.837755482406,1090.7697284499184,12875.225139114827,12168.026503503292,1,-0.004831864622993676,2982.7899068165916,0,-0.0,-24645.97251945291,-30777.72239558946,-46624.376340179515,1,-0.004831864622993676
2022-11-01,13132.335950400942,1637.5131476553572,12895.111712374639,12185.846271733213,1,0.01573986763290036,2948.2911691904037,0,0.0,-23008.45937179755,-30426.779863958254,-46139.31842990686,1,0.01573986763290036
2022-11-02,12971.364285570815,2310.0133787542145,12911.09747770823,12201.892552034335,1,-0.012257656630023428,3015.7882239482474,0,-0.0,-25318.472750551766,-30143.334387084884,-45635.002993404036,1,-0.012257656630023428
2022-11-03,12781.414885352408,3619.0521435792284,12920.646749890057,12219.624236815898,1,-0.014643748802098178,3029.0236213595676,0,-0.0,-28937.524894130995,-29873.124307622835,-45132.1247942832,1,-0.014643748802098178
2022-11-04,12810.103003500275,1904.8836484883584,12933.64708306961,12240.927290764861,1,0.0022445181855996754,3053.3369101348026,0,0.0,-27032.641245642637,-29436.739152087182,-44543.894899463434,1,0.0022445181855996754
2022-11-05,12944.237374612794,1133.191850209123,12950.692473059065,12263.004410765036,1,0.010470983026121372,3028.8629061739925,0,0.0,-25899.449395433512,-29024.82800051234,-44015.487908715615,1,0.010470983026121372
2022-11-06,13162.208972211938,2502.159315508569,12975.341708943914,12287.192608805419,1,0.01683927691457865,2973.7578007041134,0,0.0,-23397.290079924944,-28668.021954407384,-43462.9827604718,1,0.01683927691457865
2022-11-07,13101.809666592531,4715.327869395971,13000.605146550148,12309.543735380264,1,-0.004588842628689638,2952.030078988768,0,-0.0,-28112.617949320913,-28289.488186587078,-43007.69460846168,1,-0.004588842628689638
2022-11-08,13243.136376298715,3016.8202989492115,13033.088311450625,12336.14569995175,1,0.010786808334313003,2895.919397688835,0,0.0,-25095.7976503717,-27553.16170757192,-42494.797336716605,1,0.010786808334313003
2022-11-09,13238.03664716631,4407.819538220953,13051.827177850686,12362.755284878986,1,-0.00038508469500719844,2942.495077045489,0,-0.0,-29503.617188592652,-27211.041503022203,-42009.46561213131,1,-0.00038508469500719844
2022-11-10,13215.18418193713,942.2408287355336,13058.31250309826,12388.99098518912,1,-0.001726272999408196,2836.511509516064,0,-0.0,-30445.858017328184,-27069.12894887546,-41464.555259467605,1,-0.001726272999408196
2022-11-11,13331.961470217984,9334.223204584678,13067.781940940145,12419.42040233517,1,0.008836599374866694,3217.31197632186,0,0.0,-21111.634812743505,-26546.415927922924,-40731.134914706745,1,0.008836599374866694
2022-11-12,13418.928905029477,2614.10653681528,13081.350018785011,12448.416210696429,1,0.0065232287841341385,3288.974357164254,0,0.0,-18497.528275928224,-25952.040526127992,-40006.64870965132,1,0.0065232287841341385
2022-11-13,13207.393962219301,1888.421851038651,13083.552289513413,12472.178624599064,1,-0.01576392156984241,3281.6743359524708,0,-0.0,-20385.950126966876,-25553.807330648713,-39356.58910020829,1,-0.01576392156984241
2022-11-14,13402.406463218727,5334.902876652402,13091.467209834136,12499.62513391268,1,0.014765403497258633,3220.5239440264836,1,0.0,-15051.047250314474,-25216.724527095415,-38545.44065439338,1,0.014765403497258633
2022-11-15,13587.371916065309,967.8592676710639,13115.403390423779,12530.10172417432,1,0.013800913541474502,3116.531940385925,0,0.013800913541474502,-14083.18798264341,-24678.863793134457,-37779.86608823044,1,0.013800913541474502
2022-11-16,13502.374385243023,2041.5709350328382,13136.77662372774,12558.753301111397,1,-0.0062556270150953,3061.258777893833,0,-0.0,-16124.758917676249,-24085.729896681405,-37101.654867489284,1,-0.0062556270150953
2022-11-17,13555.81726015776,2699.4853943219528,13171.730293839824,12592.305314825186,1,0.003958035334373999,3012.931420549905,0,0.0,-13425.273523354295,-23174.32010345223,-36314.72340569242,1,0.003958035334373999
2022-11-18,13622.787089420266,3490.68062675447,13207.466100700287,12627.449007942116,1,0.004940301862827345,3097.497848784081,0,0.0,-9934.592896599825,-22178.34388198888,-35434.664591499415,1,0.004940301862827345
2022-11-19,13658.298121536429,3534.101549373617,13240.800433611726,12664.493298177897,1,0.0026067376582388224,2959.2571995095695,0,0.0,-6400.491347226207,-21320.60830980004,-34470.731510574886,1,0.0026067376582388224
2022-11-20,13583.135803046043,3493.0851681849012,13273.515335989909,12702.193910865253,1,-0.005503051538454096,3079.3729714963183,0,-0.0,-9893.576515411109,-20582.98850959795,-33521.165912718105,1,-0.005503051538454096
2022-11-21,13491.908288894025,1300.5156526888654,13291.493952914563,12738.904459026151,1,-0.006716233679380568,3062.523096747994,0,-0.0,-11194.092168099975,-19992.270149413074,-32566.326713434373,1,-0.006716233679380568
2022-11-22,13488.460557071781,3679.845728760145,13317.348766489613,12772.175115276157,1,-0.0002555407099144036,3131.01471424829,0,-0.0,-14873.93789686012,-19470.04340672849,-31726.92789237326,1,-0.0002555407099144036
2022-11-23,13646.643648275916,2186.018981371876,13360.610204635788,12806.85470506213,1,0.011727290192593776,3059.3630561379227,0,0.0,-12687.918915488244,-18657.563107796355,-30911.897315449412,1,0.011727290192593776
2022-11-24,13720.826824244894,1228.3824440989265,13406.146395673019,12843.871711272475,1,0.005436001545944258,3025.537995918451,0,0.0,-11459.536471389318,-17878.907869083687,-30052.09295718214,1,0.005436001545944258
2022-11-25,13669.975473553528,2329.682449508205,13442.433300620052,12878.943763110776,1,-0.003706143320861055,3085.362525883406,0,-0.0,-13789.218920897523,-17273.396345356887,-29264.65466530174,1,-0.003706143320861055
2022-11-26,13775.466498028887,3582.1694657384046,13473.096176910902,12913.076588938302,1,0.007716987106483497,3139.3630333948972,0,0.0,-10207.049455159118,-16613.884314118593,-28509.034701977365,1,0.007716987106483497
2022-11-27,13383.066463641917,4820.919534271811,13487.15901676337,12938.862141076923,1,-0.02848542620630079,3144.642616638689,-1,-0.0,-15027.96898943093,-15959.651866124099,-27879.148859574758,1,-0.02848542620630079
2022-11-28,13536.806540834237,1884.9988386204832,13501.842524990148,12967.092397654895,1,0.011487657003721008,3088.051543622253,0,-0.011487657003721008,-13142.970150810448,-15362.010491146033,-27239.350642831534,1,0.011487657003721008
2022-11-29,13301.304852236808,3358.746111158103,13505.005935243671,12992.674570511326,1,-0.01739713778778107,3035.5978722691107,0,-0.0,-16501.71626196855,-14711.91544481483,-26605.903046971776,1,-0.01739713778778107
2022-11-30,13253.09547771146,4586.3949333162955,13506.901500032389,13016.083994295792,1,-0.0036244094140313043,3217.8055774981485,0,-0.0,-21088.111195284848,-14244.02810371266,-26098.53417795211,1,-0.0036244094140313043
2022-12-01,13104.704557541467,1433.4146111979387,13495.538654398562,13036.243198841816,1,-0.011196698946261407,2822.7651478288117,0,-0.0,-22521.525806482787,-14314.522653399627,-25647.584445746623,1,-0.011196698946261407
2022-12-02,12935.040375187024,4311.969314040889,13471.344227906442,13051.799923735844,1,-0.012946814757209157,2907.658286690092,0,-0.0,-26833.495120523676,-14731.320995629398,-25305.0735863727,1,-0.012946814757209157
2022-12-03,13085.193788820421,1874.217364282232,13465.234219236498,13068.588688636897,1,0.011608267873785216,2906.9480623522713,0,0.0,-24959.277756241445,-14959.987377093126,-24973.189896397176,1,0.011608267873785216
2022-12-04,13023.994180276119,5513.510286072261,13446.313605089366,13082.244733554844,1,-0.004677012013118986,2915.8784328232637,0,-0.0,-30472.788042313707,-15731.07441669309,-24808.277831554627,1,-0.004677012013118986
2022-12-05,13069.122825667158,1956.197259248547,13420.40115056946,13097.741647315142,1,0.0034650388173071978,2965.295332402138,0,0.0,-28516.59078306516,-16452.744556714177,-24579.881646596423,1,0.0034650388173071978
2022-12-06,13062.990717582925,2973.8773866638608,13398.431967186454,13110.470983887342,1,-0.0004692057887917267,3011.9106549836893,0,-0.0,-31490.46816972902,-17221.030019316815,-24432.577741964546,1,-0.0004692057887917267
2022-12-07,13125.306516562163,5304.5629605656395,13376.906430006673,13123.833863260958,1,0.004770408272231297,3142.1645332958733,0,0.0,-26185.905209163382,-17859.061603607268,-24275.97589312813,1,0.004770408272231297
2022-12-08,13135.389625235643,3066.018815049719,13352.536556797442,13133.102369877055,1,0.000768218910602636,3120.931442710636,0,0.0,-23119.886394113662,-18518.32627848296,-24133.847398197468,1,0.000768218910602636
2022-12-09,12966.863597726997,5415.716522752403,13317.964830606968,13141.00702370209,1,-0.012829922241885727,3215.012191379575,-1,-0.0,-28535.602916866064,-19625.081856964953,-24036.284610537285,1,-0.012829922241885727
2022-12-10,13096.04815727412,7001.787671590801,13293.610448318374,13147.450307807705,1,0.009962668194471336,3390.4473165498703,0,-0.009962668194471336,-21533.815245275262,-20207.093793458163,-23855.934899548523,1,0.009962668194471336
2022-12-11,13031.385557363601,1854.0786301228761,13270.584311741852,13152.396659010352,1,-0.0049375658316132,3418.1254654215713,0,-0.0,-23387.89387539814,-20816.78387882307,-23745.277964064797,1,-0.0049375658316132
2022-12-12,12828.54136863312,1554.9529610510479,13237.58835231992,13155.34486550592,1,-0.015565818986597368,3311.880827036116,0,-0.0,-24942.846836449186,-21320.229325802524,-23644.53570653863,1,-0.015565818986597368
2022-12-13,12773.620438103217,3275.619718584015,13193.937191811285,13158.398048779043,1,-0.0042811516096591395,3366.3608638967225,0,-0.0,-28218.4665550332,-22096.756707779772,-23542.481374399653,1,-0.0042811516096591395
2022-12-14,12965.321797446517,1783.4198660192246,13156.161940471366,13165.318473071331,-1,0.015007597906343095,3394.1127349927383,0,0.0,-26435.046689013976,-22845.532218661006,-23387.059746610626,1,0.015007597906343095
2022-12-15,13075.555782303385,3327.426623740012,13126.440955908858,13173.188909862658,-1,-0.008502217421134661,3443.9999437043284,0,0.0,-23107.620065273964,-23311.452275879827,-23203.22554058302,-1,0.008502217421134661
2022-12-16,13029.967577982696,1031.7574945795523,13089.166009906548,13179.20129858712,-1,0.0034865213440784526,3316.4793451463856,0,-0.0,-24139.377559853518,-24008.06868111455,-23096.65831654684,-1,0.0034865213440784526
2022-12-17,12984.459412346396,1450.6322277207792,13069.235657341775,13185.666606885097,-1,0.003492577043184397,3147.964979818834,0,-0.0,-25590.009787574298,-24536.170721021714,-22928.436924577632,-1,0.003492577043184397
2022-12-18,12942.696839665196,4182.1713030049805,13039.530172283321,13191.48700290803,-1,0.003216350512173838,3262.823603038059,0,-0.0,-29772.181090579277,-25367.631268010155,-22760.93448890937,-1,0.003216350512173838
2022-12-19,13211.484035301333,1374.947075492093,13035.039131436548,13197.290748176969,-1,-0.020767479835608338,3163.633651254758,0,0.0,-28397.234015087182,-25962.407155666086,-22628.454701167706,-1,-0.020767479835608338
2022-12-20,13261.94337659806,1420.0646654466016,13035.481526380878,13200.231843170508,-1,-0.003819354522315521,3005.3171378612737,0,0.0,-26977.169349640582,-26256.860063383872,-22523.33903865733,-1,-0.003819354522315521
2022-12-21,13318.975256344329,1371.0444875945445,13046.195061321021,13203.171885553244,-1,-0.004300416471910706,3002.198631681104,0,0.0,-25606.12486204604,-26411.090016162034,-22424.009532494863,-1,-0.004300416471910706
2022-12-22,13456.19845465704,821.9565867346319,13072.252965294521,13208.315737328658,-1,-0.01030283454031844,2827.6979953157906,0,0.0,-24784.168275311407,-26308.62367390142,-22330.661731886274,-1,-0.01030283454031844
2022-12-23,13488.330397783855,3313.8668526576,13092.409795742693,13213.732101497535,-1,-0.00238789159026509,2899.680469734559,0,0.0,-21470.301422653807,-26134.174857222042,-22215.989854987958,-1,-0.00238789159026509
2022-12-24,13453.389937286049,1073.9822342249065,13113.87958359319,13217.220132838898,-1,0.002590421458207093,2677.704067142192,0,-0.0,-22544.283656878713,-25737.74963795029,-22228.516193912936,-1,0.002590421458207093
2022-12-25,13426.974226447375,1712.4582426998113,13131.7721536322,13222.525564875146,-1,0.0019634984908496467,2665.517116314755,0,-0.0,-24256.741899578526,-25524.757193775957,-22218.78851454153,-1,0.0019634984908496467
2022-12-26,13417.360343800035,3779.909399461984,13149.490634943057,13228.233075285749,-1,0.0007160125941407802,2705.818716954661,0,-0.0,-28036.65129904051,-25352.066350241534,-22219.608755413254,-1,0.0007160125941407802
2022-12-27,13412.366102199489,4275.008568435063,13163.843614224923,13237.493446023807,-1,0.0003722223650983736,2654.3409973481325,0,-0.0,-32311.659867475573,-25658.354083157144,-22230.57859673888,-1,0.0003722223650983736
2022-12-28,13509.958440459846,1964.9659147875477,13182.572054986133,13247.524904161288,-1,-0.007276295436370095,2599.288352335024,0,0.0,-30346.693952688027,-26019.694461085863,-22238.788207185906,-1,-0.007276295436370095
2022-12-29,13516.976308043942,4657.117190007211,13210.07769050198,13256.280984906893,-1,-0.0005194588580730297,2561.3583856977643,0,0.0,-25689.576762680816,-25877.3931533766,-22274.361106713866,-1,-0.0005194588580730297
2022-12-30,13616.007093704407,3371.15380911613,13236.075637323494,13267.733807210594,-1,-0.00732640077215585,2379.826692574031,0,0.0,-22318.422953564685,-25916.62353879107,-22235.56861394906,-1,-0.00732640077215585
2022-12-31,13605.016718431027,2422.937802269361,13264.757195376867,13275.611820011096,-1,0.0008071658010858629,2408.2696511813547,0,-0.0,-24741.360755834045,-25984.296882812865,-22264.450303683003,-1,0.0008071658010858629
2023-01-01,13615.715049220104,5406.538873844197,13304.115879406216,13286.35099940525,1,-0.0007863519031610089,2600.8489468210123,0,0.0,-19334.821881989847,-25703.895635089902,-22164.72278920697,-1,-0.0007863519031610089
2023-01-02,13343.645737902645,2824.43589378328,13332.617144396185,13295.721513614419,1,-0.019982006845321143,2578.2897555809755,0,-0.0,-22159.257775773127,-25400.935196126895,-22051.75167056767,-1,0.019982006845321143
2023-01-03,13465.917256613307,1855.0929701561747,13357.646917354525,13306.651751166302,1,0.009163276747024884,2581.873410787823,0,0.0,-20304.16480561695,-25094.391101957044,-21939.610396567245,-1,-0.009163276747024884
2023-01-04,13512.575108081433,3056.6944564714213,13379.497883643427,13316.124046724115,1,0.0034648847589799914,2568.3368024243937,0,0.0,-17247.47034914553,-24801.383616150626,-21795.410745795776,-1,-0.0034648847589799914
2023-01-05,13647.431973762463,2349.0612665230387,13410.371103432417,13324.211096749958,1,0.009980101098596261,2634.201991021568,0,0.0,-14898.409082622491,-24339.33519228907,-21653.762729174072,-1,-0.009980101098596261
2023-01-06,13252.167491237042,2503.8579422597772,13423.756507376947,13326.717060494031,1,-0.028962553781936906,2686.863276748518,0,-0.0,-17402.26702488227,-23929.94805415447,-21475.256880433426,-1,0.028962553781936906
2023-01-07,13528.922404959212,4104.9568450780325,13453.06778564165,13331.480160971705,1,0.020883747047807377,2683.0025538521704,1,0.0,-13297.310179804237,-23106.20450861572,-21278.61542259064,-1,-0.020883747047807377
2023-01-08,13510.037432480725,4099.075799748658,13467.99545550062,13336.013507393614,1,-0.0013958962815519005,2819.2089900649985,0,-0.0013958962815519005,-17396.385979552895,-22556.162106839,-21076.828235773308,-1,0.0013958962815519005
2023-01-09,13659.753345842284,852.6674866660265,13487.885953962828,13343.422993458698,1,0.01108182816737524,2790.83913112597,0,0.0,-16543.71849288687,-22034.48956400132,-20845.125910365954,-1,-0.01108182816737524
2023-01-10,13517.704761168143,2423.0088387408537,13497.822429204021,13346.518714974534,1,-0.010399059271255284,2843.4373486832856,0,-0.0,-18966.727331627724,-21702.519687480402,-20809.377452347355,-1,0.010399059271255284
2023-01-11,13600.537728507985,1117.8579902494207,13505.03939289657,13349.545528699176,1,0.006127739050626024,2858.232418859025,0,0.0,-17848.869341378304,-21355.75474078375,-20798.566470104855,-1,-0.006127739050626024
2023-01-12,13457.267547400577,581.4125717442662,13503.486250377406,13353.710088452199,1,-0.010534155631736541,2721.6097048133583,0,-0.0,-18430.28191312257,-21203.753765307185,-20765.97199987412,-1,0.010534155631736541
2023-01-13,13373.325289482103,778.9591733591006,13499.483017987208,13353.225402223254,1,-0.00623768960695803,2706.8585517700676,0,-0.0,-19209.24108648167,-21037.001636787332,-20835.275230476906,-1,0.00623768960695803
2023-01-14,13629.294928577387,2913.701656997255,13509.599053093707,13353.924119098456,1,0.019140313538667852,2766.92072248494,0,0.0,-16295.539429484415,-20638.94151328263,-20872.14775459092,1,-0.019140313538667852
2023-01-15,13603.306261800459,3965.4438066134976,13518.89634899373,13355.60631704108,1,-0.001906824007633423,2776.1974428425156,0,-0.0,-20260.983236097913,-20250.158110135497,-20941.084826564616,1,-0.001906824007633423
2023-01-16,13632.88432145293,500.9993188296873,13529.9222599564,13356.890768062665,1,0.002174328731797237,2587.496980362247,0,0.0,-19759.983917268226,-19622.57431262513,-21046.663333129847,1,0.002174328731797237
2023-01-17,13751.499648696019,3036.0682330718664,13541.99932036821,13359.035977383928,1,0.008700677306887616,2641.0520962764626,0,0.0,-16723.91568419636,-18941.43539920055,-21159.818712923126,1,0.008700677306887616
2023-01-18,13819.66334177922,2861.9912046028167,13557.133672054973,13361.72539772131,1,0.004956818879725988,2551.295797006243,0,0.0,-13861.924479593543,-18350.052785046184,-21284.175931795915,1,0.004956818879725988
2023-01-19,13840.450728072454,1792.8478089197235,13568.355853773377,13366.013979805082,1,0.0015041890514357892,2472.3804969964226,0,0.0,-12069.07667067382,-17837.58547090164,-21320.434267716955,1,0.0015041890514357892
2023-01-20,13890.962975795472,3319.3226079402853,13582.653166641598,13372.664891253438,1,0.003649610024662353,2517.199737279969,0,0.0,-8749.754062733535,-17038.005136246615,-21279.695299294184,1,0.003649610024662353
2023-01-21,14224.820544895416,3371.5008400884,13613.108441425366,13384.937557717167,1,0.024034155852382666,2415.447835592179,0,0.0,-5378.253222645135,-16340.176703279378,-21121.433888057265,1,0.024034155852382666
2023-01-22,14216.624374417259,4081.3487162015685,13656.757373251094,13394.437236486188,1,-0.000576187970335984,2478.2934767130937,0,-0.0,-9459.601938846703,-15705.193911433056,-21067.62860511324,1,-0.000576187970335984
2023-01-23,14245.213870509262,3632.243144196341,13695.722203945892,13403.177020590596,1,0.00201099046714992,2567.150985415102,0,0.0,-5827.358794650362,-14981.353610884727,-20973.758977167596,1,0.00201099046714992
2023-01-24,14394.881836260454,5550.982482732259,13739.837540354845,13415.258793302377,1,0.01050654396007622,2691.8653867281437,1,0.0,-276.37631191810306,-14132.798909023357,-20748.5449336846,1,0.01050654396007622
2023-01-25,14554.02098797897,2448.94569707116,13785.16699106567,13428.234701468211,1,0.011055259329579847,2696.8596082555496,0,0.011055259329579847,2172.569385153057,-13279.249985634582,-20542.217953012732,1,0.011055259329579847
2023-01-26,14726.781627783897,1741.01129405316,13858.897697893011,13450.629954203912,1,0.011870303055603548,2658.717275845219,0,0.0,3913.5806792062167,-12213.457600430154,-20226.52545853545,1,0.011870303055603548
2023-01-27,14820.846032772793,1921.2193805899099,13923.493879283691,13472.030612402888,1,0.006387302220291824,2549.5304026208128,0,0.0,5834.800059796126,-11256.852088450138,-19910.229288358667,1,0.006387302220291824
2023-01-28,14651.44303450998,5021.294484088893,13980.564159385152,13494.532915440772,1,-0.01143004912730472,2595.6413368378244,-1,-0.0,813.5055757072332,-10346.357510687132,-19621.642257730742,1,-0.01143004912730472
2023-01-29,14890.764324972799,1830.715381211165,14042.114708341678,13521.827396228464,1,0.016334315323010884,2644.5437315650815,0,-0.016334315323010884,2644.2209569183983,-9386.960538196869,-19226.103388527354,1,0.016334315323010884
2023-01-30,14720.064734148202,3722.630042429651,14102.232706990684,13548.750065838574,1,-0.011463453930186995,2709.5247917495212,0,-0.0,-1078.4090855112527,-8492.544625891045,-18868.718109844496,1,-0.011463453930186995
2023-01-31,14764.612870539877,1529.565672501376,14160.436464092278,13579.242940761123,1,0.0030263546523903173,2730.110175862119,0,0.0,451.1565869901233,-7577.543329472623,-18413.973914719263,1,0.0030263546523903173
2023-02-01,14653.246961308545,1109.3979606114285,14220.235434787674,13605.377160302593,1,-0.0075427585001935915,2756.509445305477,0,-0.0,-658.2413736213052,-6688.941302497558,-18008.956641675595,1,-0.0075427585001935915
2023-02-02,14643.848610985375,1243.9350494267107,14283.76160086284,13632.374734147745,1,-0.0006413834659299011,2779.7582391088577,0,-0.0,-1902.176423048016,-5823.588069325876,-17532.779781354497,1,-0.0006413834659299011
2023-02-03,14691.992080640044,4960.020560918296,14336.896458465973,13659.42255506396,1,0.0032876241030348474,2882.07418430491,0,0.0,3057.84413787028,-4855.918890958143,-17006.53919933891,1,0.0032876241030348474
2023-02-04,14739.205857284565,5391.726756879388,14393.691438240177,13687.359474058987,1,0.0032135721545027973,2953.3883318182043,0,0.0,8449.570894749668,-3420.391184415763,-16340.871881597597,1,0.0032135721545027973
2023-02-05,14801.393625805911,1761.7582002273268,14452.116903457825,13715.29425921305,1,0.004219207542352832,3016.426275888086,0,0.0,10211.329094976994,-1921.825533803502,-15734.251309861926,1,0.004219207542352832
2023-02-06,15040.24538272327,4941.495862896365,14516.554190159188,13747.041855171177,1,0.016137112690586486,3111.6976573793113,1,0.0,15152.82495787336,-327.9885017000159,-15096.37278732881,1,0.016137112690586486
2023-02-07,15108.458054565792,2976.754236727217,14580.993925798515,13782.735096118491,1,0.004535343015139803,3117.4358089855314,0,0.004535343015139803,18129.579194600577,1271.58668200969,-14318.619752137698,1,0.004535343015139803
2023-02-08,15071.569751735466,3578.776368488233,14642.549876981668,13815.660456026179,1,-0.002441566352906488,3206.732236963957,0,-0.0,14550.802826112344,2602.5806568489984,-13717.209450947905,1,-0.002441566352906488
2023-02-09,15216.872821771576,3316.286265888859,14708.845369280472,13852.085243766312,1,0.009640871682883523,3206.580419861385,0,0.0,17867.089092001203,3933.422814585735,-13029.62640149125,1,0.009640871682883523
2023-02-10,15397.873033323744,6157.055269727915,14767.497993701889,13894.907438177823,1,0.011894704889246377,3345.8581413433612,1,0.0,24024.14436172912,5403.5426938044475,-12213.50988152161,1,0.011894704889246377
2023-02-11,15208.847540601791,4483.130215608123,14817.109152011117,13935.4945565528,1,-0.012276078151369774,3365.947216313689,0,-0.012276078151369774,19541.014146120997,6853.573498052833,-11417.518536502374,1,-0.012276078151369774
2023-02-12,15299.705206432704,3496.9794680773,14869.833718807287,13974.400946702568,1,0.005974000698498516,3359.184032507737,0,0.0,23037.993614198298,8296.841118495266,-10592.96786478217,1,0.005974000698498516
2023-02-13,15406.98256899413,2576.24598033018,14920.43875544397,14013.258059814081,1,0.00701172742310896,3210.447207387633,0,0.0,25614.239594528477,9591.371913817595,-9780.93687045213,1,0.00701172742310896
2023-02-14,15361.137011899767,1576.1339922442128,14960.79455664001,14052.1108837127,1,-0.002975635033599988,3166.806622146286,0,-0.0,24038.105602284264,10684.648724674154,-8977.978817749832,1,-0.002975635033599988
2023-02-15,15572.461220374607,1611.6298092237193,15003.078536269546,14095.244247179835,1,0.01375706813311628,3160.3375479048136,0,0.0,25649.735411507983,11771.456461289243,-8123.983064431794,1,0.01375706813311628
2023-02-16,15549.093872274962,2795.322688154274,15039.490928244655,14138.684197723333,1,-0.0015005558703252708,3204.042713283032,0,-0.0,22854.412723353707,12622.437094467121,-7246.873167532912,1,-0.0015005558703252708
2023-02-17,15568.619872906724,3675.343387608513,15085.349770164492,14177.969795016756,1,0.0012557645347153201,3136.7451584590126,0,0.0,26529.75611096222,13908.249621229872,-6331.423332098754,1,0.0012557645347153201
2023-02-18,15541.674978476862,2871.1398446336893,15117.895302839697,14215.965321714735,1,-0.001730718242838769,3188.7663816301388,0,-0.0,23658.61626632853,14958.969386700377,-5487.493571832602,1,-0.001730718242838769
2023-02-19,15544.096223416716,1571.4268044787564,15159.09687730312,14253.050671165942,1,0.00015579047581470995,3081.206219732594,0,0.0,25230.043070807285,16274.391994516307,-4640.224106285047,1,0.00015579047581470995
2023-02-20,15373.690169036381,2657.3177331636903,15189.550742227944,14285.008866405598,1,-0.010962750868952043,3137.59382276571,0,-0.0,22572.725337643595,17380.47043204898,-3850.94254606913,1,-0.010962750868952043
2023-02-21,15152.30120806986,2742.690459562981,15214.503454566013,14312.741713243699,1,-0.014400508825942904,3219.2584477132873,0,-0.0,19830.034878080613,18404.884244634075,-3162.6036077235567,1,-0.014400508825942904
2023-02-22,15393.905418027634,3003.62464272097,15252.006294918125,14345.083637922722,1,0.015945050632249824,3307.242927378001,0,0.0,22833.659520801582,19641.676041826555,-2406.3045547622182,1,0.015945050632249824
2023-02-23,15263.524989140258,5388.170512873125,15280.582940343136,14375.692817300938,1,-0.008469613483183314,3328.6504249757418,0,-0.0,17445.48900792846,20361.05828532946,-1711.2673729704354,1,-0.008469613483183314
2023-02-24,15112.20357014057,4109.079549226022,15299.232825985939,14403.940204406614,1,-0.009913923494563104,3264.5180645930736,0,-0.0,13336.409458702437,20605.4002135271,-1021.7163603413863,1,-0.009913923494563104
2023-02-25,14786.778872513496,1528.08589186639,15298.502088321315,14426.847083911847,1,-0.021533901136037037,3252.8344491750267,0,-0.0,11808.323566836047,20685.249937120054,-286.3833031028592,1,-0.021533901136037037
2023-02-26,14692.297011802699,3368.9132728690015,15281.104669775286,14446.55272676756,1,-0.00638961747689526,3174.205319673659,0,-0.0,8439.410293967045,20349.57920392474,360.0517676747253,1,-0.00638961747689526
2023-02-27,14497.904729622423,4619.719463542915,15250.57700352812,14462.901533793869,1,-0.013230897934074948,3256.3535810144435,0,-0.0,3819.6908304241297,19634.084785715917,851.8728942264744,1,-0.013230897934074948
2023-02-28,14735.962523184953,1674.4270833728735,15233.796642100593,14481.567457618545,1,0.016420151601363786,3161.1361167586756,0,0.0,5494.117913797003,19181.250540100147,1315.4152420158357,1,0.016420151601363786
2023-03-01,14884.7687910232,1537.0138956459457,15217.191440563172,14502.896658828415,1,0.01009817089342624,3072.17249824653,0,0.0,7031.131809442949,18639.452675972236,1844.9567847704525,1,0.01009817089342624
2023-03-02,14782.339203208867,1679.7924673708371,15186.41474905743,14522.34039472823,1,-0.006881503451777293,2848.3093581286757,0,-0.0,5351.339342072111,17705.812424989388,2256.3928051714847,1,-0.006881503451777293
2023-03-03,15115.301904289394,5638.919121291596,15181.737467241812,14551.86799750134,1,0.022524358053443327,2906.0988034128495,1,0.0,10990.258463363707,17278.274640851523,2808.8847424904325,1,0.022524358053443327
2023-03-04,15263.69872164029,2013.279520245811,15179.937143002191,14581.831021918457,1,0.009817654869916037,2831.913806021275,0,0.009817654869916037,13003.537983609518,16776.551859322084,3364.0131223108733,1,0.009817654869916037
2023-03-05,15214.117437908199,1284.3515210244566,15170.293886447893,14610.190060748902,1,-0.0032483138350861696,2767.319083055989,0,-0.0,11719.186462585061,16081.799202724913,3846.7907358397165,1,-0.0032483138350861696
2023-03-06,14833.854917197545,2969.1393919269262,15143.929781712784,14629.96377647282,1,-0.024994057148735704,2836.9693530401246,0,-0.0,8750.047070658135,15317.396276143607,4240.931671727727,1,-0.024994057148735704
2023-03-07,15173.690014651967,3296.0131857000783,15123.991221426651,14661.989151863068,1,0.022909425725907262,2921.1885218639427,0,0.0,12046.060256358212,14637.212518386117,4731.737126415068,1,0.022909425725907262
2023-03-08,14962.840596016307,4885.09260105681,15094.678557613715,14685.887788380687,1,-0.01389572466763589,3025.677017509069,-1,-0.0,7160.967655301402,13852.540264983501,5072.70842366683,1,-0.01389572466763589
2023-03-09,14716.642204340298,4295.328440922736,15052.079674185396,14705.99786791168,1,-0.016453987469568943,3056.6762701747803,0,0.016453987469568943,2865.639214378666,12669.334420154326,5410.408843565689,1,-0.016453987469568943
2023-03-10,14867.130236106534,3084.677140007615,15018.352437066878,14726.120816082752,1,0.010225704320096396,3067.353134943477,0,0.0,5950.316354386281,11783.91942455721,5785.309424353574,1,0.010225704320096396
2023-03-11,15229.851403795536,4673.045757132356,15002.64019608582,14754.656593459875,1,0.024397524063392684,3222.434082576157,0,0.0,10623.362111518636,11053.585376592779,6278.477581739347,1,0.024397524063392684
2023-03-12,15440.67409707782,2204.443184248413,15005.989392487894,14785.325532936038,1,0.013842728185105235,3199.790355130393,0,0.0,12827.80529576705,10566.339374498952,6789.755492358436,1,0.013842728185105235
2023-03-13,15527.745466508803,1259.6364826530203,15024.761605409838,14819.833498254508,1,0.005639091200523527,3125.637656284895,0,0.0,14087.44177842007,10279.209719515926,7331.717553884146,1,0.005639091200523527
2023-03-14,15620.0974068336,2562.7618341172783,15036.07120485014,14857.279700210369,1,0.005947543416652934,3103.59451585471,0,0.0,16650.20361253735,9970.036924102713,7929.374965534464,1,0.005947543416652934
2023-03-15,15753.401748400158,4101.469138108177,15060.56504281313,14892.681480540747,1,0.008534155587803127,3039.259447116463,0,0.0,20751.672750645525,10135.346111238567,8546.828501869963,1,0.008534155587803127
2023-03-16,15872.958818132734,2604.4476645147024,15098.60280521274,14930.509023146285,1,0.00758928589786767,2964.0278528808967,0,0.0,23356.12041516023,10636.331659061456,9273.78022939093,1,0.00758928589786767
2023-03-17,15917.592217059515,3805.2692894379456,15155.143472440042,14968.587488073063,1,0.002811914239693847,3077.887022759475,0,0.0,27161.389704598176,11403.984965949563,10055.803123088705,1,0.002811914239693847
2023-03-18,15934.178523872251,2331.445608039928,15217.23754804352,15004.965469326,1,0.001042011039518842,3026.013639518021,0,0.0,29492.835312638104,12456.656216883117,10826.082306369279,1,0.001042011039518842
2023-03-19,15924.204823129065,2085.936242024925,15288.552552718853,15040.041160681829,1,-0.0006259312789953508,2899.3244784421213,0,-0.0,27406.89907061318,13636.016628892568,11513.896032206057,1,-0.0006259312789953508
2023-03-20,15804.141957704072,883.6412604695496,15341.961524444807,15072.769347842355,1,-0.007539645888666735,2859.7851872969554,0,-0.0,26523.25781014363,14687.473623709899,12157.10160688635,1,-0.007539645888666735
2023-03-21,15759.783670116152,2969.8990835336344,15385.712268399457,15103.916359414367,1,-0.002806750768667765,2931.4294466913393,0,-0.0,23553.358726609997,15513.584969568252,12695.486820042075,1,-0.002806750768667765
2023-03-22,15492.977338570468,5442.005145103739,15421.244175167532,15125.052305975618,1,-0.0169295681419539,3119.540080577985,-1,-0.0,18111.353581506257,16151.58568153996,13086.980266777933,1,-0.0169295681419539
2023-03-23,15477.741602476322,4207.945362356915,15439.36616007688,15146.07092644327,1,-0.0009833962679475228,3047.9913926312506,0,0.0009833962679475228,13903.408219149342,16297.24316932924,13476.363769411199,1,-0.0009833962679475228
2023-03-24,15324.730025406443,2713.1923223692856,15442.41772526519,15164.062862358223,1,-0.009885911071509268,3082.9870327374247,0,-0.0,11190.215896780057,16206.57706498777,13759.990014268373,1,-0.009885911071509268
2023-03-25,15155.607941953902,4730.134939230745,15439.492250467472,15176.741630786446,1,-0.011035893172157585,3255.276203647739,0,-0.0,6460.080957549312,15943.62178973598,13872.26430209283,1,-0.011035893172157585
2023-03-26,15182.871994213227,1212.6502234433128,15456.94310431826,15187.22248089035,1,0.0017989415115347018,3167.4517452235586,0,0.0,7672.731180992625,15889.755995252704,13963.933665356823,1,0.0017989415115347018
2023-03-27,15394.217919505449,1487.9633119264024,15467.969499560932,15198.34641908571,1,0.013920022863445958,3077.049251534874,0,0.0,9160.694492919027,15745.487707080745,14051.385562252037,1,0.013920022863445958
2023-03-28,15535.585579024451,5532.726154046649,15496.606748711341,15210.25874485657,1,0.009183166060023229,3109.4309291843665,0,0.0,14693.420646965675,16122.11035666396,14199.02923870486,1,0.009183166060023229
2023-03-29,15291.599113729477,1072.444242985996,15525.3545941808,15220.928012843564,1,-0.015705006036231817,2948.2867192875296,0,-0.0,13620.97640397968,16659.87721614401,14412.487085842735,1,-0.015705006036231817
2023-03-30,15140.26914636847,2974.3532531115075,15539.011539693896,15225.08642653349,1,-0.009896281365703419,2942.770524942724,0,-0.0,10646.623150868172,16894.692555968104,14545.860455741898,1,-0.009896281365703419
2023-03-31,15282.704436281374,3370.8618303805483,15541.65419131819,15234.463754902377,1,0.009407711879882097,2877.6613286051333,0,0.0,14017.484981248721,17064.398699454607,14797.458690187897,1,0.009407711879882097
2023-04-01,15132.55379180319,5059.785942055627,15526.248176054456,15240.596103590098,1,-0.009824873935383116,3020.4284664954944,0,-0.0,8957.699039193094,16870.89338662591,14939.234397724615,1,-0.009824873935383116
2023-04-02,15098.561059545667,2219.940559497554,15504.788955706299,15248.018005227383,1,-0.002246331499970333,3068.443670337721,0,-0.0,6737.75847969554,16503.409221689686,15062.501061946563,1,-0.002246331499970333
2023-04-03,15181.611011576202,715.6506364381713,15482.86463594343,15256.980711903898,1,0.00550052099024545,2976.0881104537657,0,0.0,7453.409116133711,16043.569496869502,15218.427487599592,1,0.00550052099024545
2023-04-04,15034.600723186637,3678.628702722907,15446.924584682754,15262.69085594634,1,-0.009683444548636344,2954.9460886845022,0,-0.0,3774.780413410804,15194.724880007765,15230.376425525264,-1,-0.009683444548636344
2023-04-05,15050.44350979572,1860.970295937943,15405.798819265901,15267.87815015486,1,0.0010537550614595492,2917.7722202556643,0,0.0,5635.7507093487475,14308.706394717194,15183.479422435252,-1,-0.0010537550614595492
2023-04-06,14849.666756276783,1409.891709922077,15352.402546226765,15268.682702329375,1,-0.013340254949182007,2798.0033412798707,0,-0.0,4225.85899942667,13161.929859458618,15083.721587509412,-1,0.013340254949182007
2023-04-07,14760.365665169955,3307.7736937804484,15293.711903291649,15264.018040370154,1,-0.006013676439512117,2846.819745566897,0,-0.0,918.085305646222,11733.192359109024,14846.47592663896,-1,0.006013676439512117
2023-04-08,14807.566647980544,1184.722274705086,15237.879994534223,15259.003183593732,-1,0.0031978193414252676,2801.7590472009047,0,0.0,2102.807580351308,10467.98778459593,14579.36306640147,-1,-0.0031978193414252676
2023-04-09,14571.68303918969,1617.90485914219,15176.257048608508,15250.671738384637,-1,0.01592993733531667,2838.472227134537,0,-0.0,484.902721209118,9166.070030149203,14344.931397986418,-1,0.01592993733531667
2023-04-10,14635.86762187298,3503.6351660643318,15120.06124619635,15240.988318386324,-1,-0.004404747379604057,2865.159031261072,0,0.0,3988.53788727345,8187.8289881823775,14113.622211240956,-1,-0.004404747379604057
2023-04-11,14632.99345961822,3370.426767962448,15077.062052248735,15228.240325491233,-1,0.00019637798926697148,2761.580112404007,0,-0.0,618.1111193110019,7313.166865072613,13723.521657200652,-1,0.00019637798926697148
2023-04-12,14713.839278513127,7653.419826809912,15038.866936050577,15219.990187789756,-1,-0.005524899544171458,2933.853835626657,0,0.0,8271.530946120914,7031.573001421192,13535.696937200652,-1,-0.005524899544171458
2023-04-13,14746.785644321277,2787.1640404984787,15009.969716996315,15210.774861754566,-1,-0.002239141340646622,2937.5524215331166,0,0.0,11058.694986619394,7024.99695591316,13336.041960074337,-1,-0.002239141340646622
2023-04-14,14947.95250941704,1268.2095188511937,14999.586945369476,15203.124360761614,-1,-0.013641404299738369,2764.456150514139,0,0.0,12326.904505470588,7318.338133309223,13114.586375256706,-1,-0.013641404299738369
2023-04-15,14966.671008603003,1989.4350377684902,14988.776896088963,15196.549927373335,-1,-0.0012522450264791374,2803.295391230398,0,0.0,14316.339543239077,7650.518551421546,12952.556940939285,-1,-0.0012522450264791374
2023-04-16,14902.403293970074,4850.060267022729,14964.186164812194,15185.38229526659,-1,0.004294055411252606,2971.400238985215,0,-0.0,9466.279276216348,7665.797790586413,12682.83267201776,-1,0.004294055411252606
2023-04-17,14920.6285610904,2932.0558829309675,14933.43831391549,15174.907873413516,-1,-0.0012229750303227593,2841.3667254294305,0,0.0,12398.335159147315,7551.043516195494,12508.564712614318,-1,-0.0012229750303227593
2023-04-18,15001.692041982644,1507.9047359235178,14918.94296032815,15165.45907623145,-1,-0.005432980290363876,2863.1397500763064,0,0.0,13906.239895070832,7565.3066907500515,12298.172775682793,-1,-0.005432980290363876
2023-04-19,15009.021879264401,2416.2373602723846,14912.380596972947,15156.581524577907,-1,-0.0004886007032569584,2835.2339554343503,0,0.0,16322.477255343216,7849.0993959738025,12175.903792166373,-1,-0.0004886007032569584
2023-04-20,15015.114295078354,961.2468470955295,14899.001089912796,15147.7651591056,-1,-0.0004059169120387285,2714.7532062700993,0,0.0,17283.724102438744,8012.411352033305,12043.465142693565,-1,-0.0004059169120387285
2023-04-21,14909.70944081222,2603.3557004081686,14887.858872363246,15140.032146968531,-1,0.007019916878067578,2591.931694187727,0,-0.0,14680.368402030575,8298.544820175179,11911.925860433346,-1,0.007019916878067578
2023-04-22,14810.872840124895,3249.986361675506,14873.474461392208,15134.341674169447,-1,0.006629009175509459,2643.433984296624,0,-0.0,11430.382040355069,8533.175998208155,11771.931646471256,-1,0.006629009175509459
2023-04-23,14603.134756869755,2855.8706813493995,14844.550648656887,15121.162163150151,-1,0.01402605271799695,2750.4449865421857,0,-0.0,8574.51135900567,8589.231110351753,11534.27917710799,-1,0.01402605271799695
2023-04-24,14858.627806352199,2064.311864712738,14835.752002815163,15114.41387677035,-1,-0.017495767431869425,2669.729144641677,0,0.0,10638.823223718407,8932.433250867132,11420.834747371155,-1,-0.017495767431869425
2023-04-25,14673.806797785355,3675.803329939972,14816.920167214648,15107.107263897762,-1,0.01243863235391296,2760.470796341778,0,-0.0,6963.019893778435,8998.796710088618,11314.611587955756,-1,0.01243863235391296
2023-04-26,14572.131227768972,5902.582141413907,14803.043390789255,15103.529803152021,-1,0.006929051977959011,2985.10531791637,0,-0.0,1060.437752364528,8840.52564773551,11135.480157714564,-1,0.006929051977959011
2023-04-27,14467.4439782804,2056.149126034845,14788.397306444778,15099.782252593315,-1,0.0071840726556920975,2922.52408952909,0,-0.0,-995.7113736703168,8744.835813769683,10978.228129920608,-1,0.0071840726556920975
2023-04-28,14596.916661162813,2120.2368791926115,14777.864807103892,15101.432451452323,-1,-0.008949243769444504,2969.299819753466,0,0.0,1124.5255055222947,8695.921710028233,10933.308707838909,-1,-0.008949243769444504
2023-04-29,14553.863102430158,4542.976334198431,14776.973810265914,15098.39746110641,-1,0.0029494967829203356,3115.553393506278,0,-0.0,-3418.450828676136,8500.75403253397,10784.765895464358,-1,0.0029494967829203356
2023-04-30,14735.457775558518,1185.2586221749389,14781.953317950189,15095.908944181998,-1,-0.012477420726737298,2999.6345663118086,0,0.0,-2233.1922065011972,8189.6675278452385,10630.360495198624,-1,-0.012477420726737298
2023-05-01,14636.215849000717,4379.58108717442,14782.114437419315,15093.473554945194,-1,0.006734906242438665,3050.092282272407,0,-0.0,-6612.7732936756165,7828.123307195907,10430.95861793616,-1,0.006734906242438665
2023-05-02,14677.050036789904,2811.39044548084,14780.274975333154,15086.169357153538,-1,-0.0027899416222381124,2807.9908132059536,0,0.0,-3801.3828481947767,7224.477617480123,10184.43126274352,-1,-0.0027899416222381124
2023-05-03,14554.44573180212,2024.8512094929981,14770.657979707199,15074.348473989568,-1,0.008353470532597607,2769.8751716556794,0,-0.0,-5826.234057687775,6380.231165264764,9870.601728721897,-1,0.008353470532597607
2023-05-04,14866.660297470124,1565.185947853044,14766.59336910985,15068.557521648932,-1,-0.021451491277733936,2784.723993105772,0,0.0,-4261.048109834731,5550.833534499498,9604.264485848234,-1,-0.021451491277733936
2023-05-05,14690.10407481488,4731.109437959912,14752.765022420444,15066.161674275889,-1,0.011875984190295119,2921.807713115343,-1,-0.0,-8992.157547794643,4385.408679947812,9308.561075540689,-1,0.011875984190295119
2023-05-06,14735.617059592561,5735.751871086554,14744.42571070157,15058.860458358231,-1,-0.0030982071022702673,2966.0922933185343,0,-0.0030982071022702673,-3256.4056767080883,3749.2744323015895,9053.51997665625,-1,-0.0030982071022702673
2023-05-07,14829.007993778945,3533.739785936958,14739.844682336,15056.62991498761,-1,-0.0063377688093209095,2996.1764884688337,0,0.0,277.3341092288697,3143.2243798056684,8938.792750888375,-1,-0.0063377688093209095
2023-05-08,14890.370295018212,7115.538415297355,14734.278594987776,15059.525383165575,-1,-0.004137990974514949,3276.558172437525,0,0.0,7392.872524526225,2817.556011278438,9014.246639390833,-1,-0.004137990974514949
2023-05-09,14862.78027650035,1065.290498113182,14726.966514849573,15059.452883838803,-1,0.001852876588777086,3209.0108293295657,0,-0.0,6327.582026413043,2317.811249831929,9020.53440059128,-1,0.001852876588777086
2023-05-10,14843.485311145556,3120.9725510988724,14718.38506565293,15053.013448961305,-1,0.0012982069973342947,3316.9971145297327,0,-0.0,3206.609475314171,1613.9555184757005,8896.921856654537,-1,0.0012982069973342947
2023-05-11,14849.988460553373,4547.279146026427,14715.399016639989,15043.168688352565,-1,-0.00043811471979116057,3414.193286810646,0,0.0,7753.888621340599,1267.6315294412016,8812.35657874743,-1,-0.00043811471979116057
2023-05-12,14828.15868027476,2454.9835881928097,14716.263308647482,15031.508908581998,-1,0.0014700200162848231,3374.443148136511,0,-0.0,5298.905033147788,961.0576790808376,8665.880966326227,-1,0.0014700200162848231
2023-05-13,14971.084205199144,4819.274275477606,14734.66078106395,15020.69202188809,-1,-0.009638791167949412,3472.613327842921,0,0.0,10118.179308625395,1038.2410765618238,8557.01389459436,-1,-0.009638791167949412
2023-05-14,15302.02346514268,3155.346518380249,14756.830564003478,15013.169050500466,-1,-0.02210523001591347,3527.165060526296,0,0.0,13273.525827005644,1169.9762067261856,8432.378112533695,-1,-0.02210523001591347
2023-05-15,15216.715941384538,1894.6007812943324,14783.976021183436,15002.23166922133,-1,0.005574917850078354,3438.104933094015,0,-0.0,11378.925045711312,1390.7714643228296,8232.758189709546,-1,0.005574917850078354
2023-05-16,15008.276913025367,2149.4077223998215,14805.783305446257,14987.076414154091,-1,0.013698029795790823,3250.4462121433107,0,-0.0,9229.517323311491,1799.2254428701774,7933.893650021435,-1,0.013698029795790823
2023-05-17,14995.02729874432,1109.8049543107365,14832.162471469452,14971.423893735291,-1,0.0008828204835125142,3203.1290035571046,0,-0.0,8119.712369000755,2254.9966300037313,7577.674934294146,-1,0.0008828204835125142
2023-05-18,15381.855418153842,3900.654183038143,14871.409409319003,14962.384736985707,-1,-0.025797093376543234,3292.1498687493813,0,0.0,12020.366552038897,2799.788682329561,7321.232725651242,-1,-0.025797093376543234
2023-05-19,15258.235358076266,5053.0812623207885,14906.62802210131,14953.286293658577,-1,0.008036745679697255,3317.6551151554995,0,-0.0,6967.285289718108,3319.075488249274,6995.299850310816,-1,0.008036745679697255
2023-05-20,15508.335658044703,4079.6393172082594,14945.271916225616,14949.095493457387,-1,-0.01639116805444063,3462.3741499071657,0,0.0,11046.924606926368,3983.0813289206517,6786.859281649422,-1,-0.01639116805444063
2023-05-21,15768.519131629424,1680.2396898569077,15001.887080357055,14953.687856675035,1,-0.016777008140764327,3327.4070800412896,0,0.0,12727.164296783276,4950.078208443596,6697.122793570706,-1,-0.016777008140764327
2023-05-22,15681.226463825249,3368.176860088565,15052.095901708823,14957.07927103085,1,-0.005535882417079918,3355.246400771676,0,-0.0,9358.987436694712,5608.096722688071,6621.382447196463,-1,0.005535882417079918
2023-05-23,15770.449989013137,1539.8902013064671,15112.896114569372,14964.50793709096,1,0.005689830791852701,3330.9983503623494,0,0.0,10898.877638001179,6444.352307472518,6616.526809550148,-1,-0.005689830791852701
2023-05-24,16027.255464086405,2342.778859210569,15170.925872900185,14979.035395793171,1,0.016283966231285696,3369.8779959302256,0,0.0,13241.656497211749,7319.487537824843,6729.553068544521,1,-0.016283966231285696
2023-05-25,15966.491692503121,1780.6793048339002,15234.7452537846,14992.095724098002,1,-0.003791277409874838,3222.356489273925,0,-0.0,11460.977192377848,8342.144274833467,6792.690502067608,1,-0.003791277409874838
2023-05-26,15933.98705121981,2067.9798050231675,15294.663753365961,15001.091876293242,1,-0.0020358036010236225,3038.9678859707556,0,-0.0,9392.99738735468,8974.614428036606,6796.5622169748685,1,-0.0020358036010236225
2023-05-27,15841.302089711817,1814.5984133927182,15345.278458162604,15006.187151471364,1,-0.005816809139486456,2953.0108173435437,0,-0.0,7578.398973961963,9339.66767127326,6677.978522424807,1,-0.005816809139486456
2023-05-28,15680.551410527078,3585.164065039537,15384.787513938045,15012.669689751323,1,-0.010147567306928562,2776.4920998306525,0,-0.0,3993.234908922426,9169.68579049307,6517.516164173853,1,-0.010147567306928562
2023-05-29,15578.741111275993,6611.478390407552,15420.585555676831,15019.977555833117,1,-0.006492775450660182,3053.801494445371,0,-0.0,-2618.2434814851263,8722.394515098162,6296.435053634631,1,-0.006492775450660182
2023-05-30,15388.066625760439,5440.632540778369,15447.814621407573,15021.733592324432,1,-0.01223940266762269,3169.7844939293464,-1,-0.0,-8058.8760222634955,8159.120240219278,5928.4957035760945,1,-0.01223940266762269
2023-05-31,15393.311412564537,5136.56891273293,15474.98076900813,15026.079552670455,1,0.00034083468259216154,3199.248982264671,0,-0.00034083468259216154,-2922.307109530566,7625.310453675721,5730.495601097367,1,0.00034083468259216154
2023-06-01,15274.787035314295,4730.733923357054,15497.31218676011,15029.0166522666,1,-0.007699732310586405,3313.0364990228836,0,-0.0,-7653.04103288762,6977.713150373949,5490.648942554314,1,-0.007699732310586405
2023-06-02,15310.497335458898,1110.9878818539858,15514.282843273098,15031.164757664645,1,0.0023378591179072927,3127.6221793417026,0,0.0,-6542.053151033634,6144.701527390998,5257.391238101525,1,0.0023378591179072927
2023-06-03,15072.28197400437,1222.3898379171967,15502.79576871618,15031.792778511608,1,-0.01555895646203631,3030.97434531855,0,-0.0,-7764.442988950831,5092.803086593174,5065.070848062165,1,-0.01555895646203631
2023-06-04,15122.153175599975,1682.036484115695,15498.067630426953,15032.987939608345,1,0.0033088023221445884,3020.346130459618,0,0.0,-6082.406504835136,4219.736509065851,4869.768227825767,-1,0.0033088023221445884
2023-06-05,15248.200701937467,494.921710534127,15510.063819872556,15039.630172036024,1,0.008335289616089314,2937.6218298663334,0,0.0,-5587.484794301009,3478.8864031852268,4706.212497930305,-1,-0.008335289616089314
2023-06-06,14944.191889692109,3907.663099614578,15507.52204941995,15042.693942444725,1,-0.019937356425714592,3077.5147371315256,0,-0.0,-9495.147893915588,2598.14339003941,4532.658611270942,-1,0.019937356425714592
2023-06-07,15000.091621266129,2867.9018911390417,15488.43385957556,15045.902691999485,1,0.003740565698475695,3025.8771225365704,0,0.0,-6627.246002776546,1665.7627622986379,4387.15771821881,-1,-0.003740565698475695
2023-06-08,15184.243094942998,1500.4251491821894,15484.734246418895,15056.112026262039,1,0.012276689924733075,2848.244316879641,0,0.0,-5126.820853594357,1061.0574551330146,4293.628991972086,-1,-0.012276689924733075
2023-06-09,15000.568262088778,3460.7432458286767,15459.345876621102,15062.190370265636,1,-0.01209641018691221,2817.2995133106615,0,-0.0,-8587.564099423034,79.3330198155445,4084.0272921938113,-1,0.01209641018691221
2023-06-10,15251.463624709217,3430.454376786171,15433.49310127509,15072.498206350487,1,0.016725723868377118,2904.810247657125,0,0.0,-5157.109722636864,-814.8806811554625,3987.7736114946806,-1,-0.016725723868377118
2023-06-11,15315.370156503297,1576.8384648962754,15415.200285908993,15082.523720983656,1,0.004190190093660506,2815.24332789751,0,0.0,-3580.271257740588,-1461.8436158772274,3790.2435747636555,-1,-0.004190190093660506
2023-06-12,15207.394981146663,2423.3635099945554,15387.04753551567,15090.20054326408,1,-0.007050118557584195,2859.4169933319145,0,-0.0,-6003.634767735144,-2306.9692361640437,3505.87141219108,-1,0.007050118557584195
2023-06-13,15198.913957229912,1203.1214206816844,15345.630460172844,15094.383234060959,1,-0.000557690776577191,2802.4341214054703,0,-0.0,-7206.756188416828,-3329.3898704454723,3180.3104006262893,-1,0.000557690776577191
2023-06-14,15283.773584264145,4004.1242484958816,15311.494554760895,15099.668276988647,1,0.005583269125217116,2913.6063685885697,0,0.0,-3202.6319399209465,-4062.570327060412,2888.3275425736224,-1,-0.005583269125217116
2023-06-15,15295.390076199452,3039.0582131624355,15279.564706009876,15106.21805669247,1,0.000760053914124148,2962.160288995533,0,0.0,-163.57372675851093,-4540.398882766071,2727.8299925240412,-1,-0.000760053914124148
2023-06-16,15377.794906803025,1448.185663858805,15256.389346864438,15113.83749578768,1,0.005387559924463714,2943.839651518837,0,0.0,1284.611937100294,-4855.088234609155,2542.601272156591,-1,-0.005387559924463714
2023-06-17,15236.215609898185,1764.845261879028,15234.172556832995,15117.746221919604,1,-0.009206735930793686,2852.8237113608116,0,-0.0,-480.23332477873396,-5078.761646294213,2302.8267184924316,-1,0.009206735930793686
2023-06-18,15262.01979020702,2147.5230481831704,15218.336490779544,15121.962853768648,1,0.001693608240360689,2629.6259442495925,0,0.0,1667.2897234044365,-4864.484986049735,2058.5735929601187,-1,-0.001693608240360689
2023-06-19,15046.258403912356,5454.381482696508,15201.246079687142,15122.481922249217,1,-0.01413714496904983,2630.3133913454994,-1,-0.0,-3787.0917592920714,-4650.8957729011645,1707.393328597938,-1,0.01413714496904983
2023-06-20,15029.523043309337,1643.262203289811,15183.056661224382,15124.478815624168,1,-0.001112260613487015,2455.6480558733438,0,0.001112260613487015,-5430.353962581882,-4776.29811555373,1372.2146225210638,-1,0.001112260613487015
2023-06-21,14893.670036045152,2632.365993693412,15164.000811260925,15125.858768889506,1,-0.00903907641464785,2350.7296593901615,0,-0.0,-8062.719956275294,-4796.782061723114,1047.3295892438914,-1,0.00903907641464785
2023-06-22,14784.122633379522,2049.3256501594847,15137.682076156954,15128.875233498002,1,-0.007355299425897521,2397.6465478054365,0,-0.0,-10112.045606434778,-4975.28168449317,735.8869731532171,-1,0.007355299425897521
2023-06-23,14966.868164265465,3488.982122670584,15132.41138567001,15130.679239463223,1,0.012360931752104065,2510.9761620431054,0,0.0,-6623.063483764194,-4918.212709233839,448.18886136184045,-1,-0.012360931752104065
2023-06-24,15130.203111278095,6247.55168979109,15132.813882453915,15138.285844688102,-1,0.010913101205942688,2739.2519223268755,1,0.0,-375.5117939731035,-4632.867973690737,325.8799998993147,-1,-0.010913101205942688
2023-06-25,15222.366946199572,4382.596213167385,15131.522194667024,15149.123106661946,-1,-0.006091381209071711,2933.6356474585386,0,0.006091381209071711,4007.0844191942815,-4153.139513015973,374.99077767981066,-1,-0.006091381209071711
2023-06-26,15056.091088960935,1034.7324227218978,15137.117154630463,15158.933891839955,-1,0.010923127646725761,2789.989113613904,0,-0.0,2972.3519964723837,-3529.764518496574,441.12516718218905,-1,0.010923127646725761
2023-06-27,15008.452344561716,5194.151604406507,15137.535190795243,15165.792819896602,-1,0.0031640844969480497,2906.3015992772775,0,-0.0,-2221.7996079341237,-3309.4921987544526,385.3530819579154,-1,0.0031640844969480497
2023-06-28,15190.519534756066,5015.512742553274,15137.849012785897,15176.403760435369,-1,-0.01213097699979171,3082.055978945832,1,0.0,2793.71313461915,-2913.465499343777,488.8891480128368,-1,-0.01213097699979171
2023-06-29,15212.04707020659,2281.025045274019,15148.422953191784,15184.346915346168,-1,-0.0014171691363991101,3023.0700689180985,0,0.0014171691363991101,5074.738179893169,-2230.350385377967,610.6879877860762,-1,-0.0014171691363991101
2023-06-30,15564.864571541812,2374.0298128642708,15164.093000533418,15199.824394055187,-1,-0.02319329539981685,2970.248840722004,0,0.0,7448.76799275744,-1600.056499608252,845.0470092266272,-1,-0.02319329539981685
2023-07-01,15626.083960579263,3571.6415437562705,15179.628690737212,15215.641626118342,-1,-0.003933178393943804,3069.9889946650037,0,0.0,11020.409536513711,-870.022459895537,1092.076882305102,-1,-0.003933178393943804
2023-07-02,15656.093716767544,1757.4983124022792,15202.063627518257,15234.002425867766,-1,-0.0019204911649002288,3036.6957347853904,0,0.0,12777.907848915991,69.05467093701972,1402.1459140818313,-1,-0.0019204911649002288
2023-07-03,15607.698153438041,1457.2511256588207,15222.502837328666,15246.353056800564,-1,0.0030911646420250793,3049.402220034247,0,-0.0,11320.65672325717,995.4253165207195,1661.840994633363,-1,0.0030911646420250793
2023-07-04,15628.54081476783,2174.023416379232,15239.741198853848,15261.993669133113,-1,-0.0013354090478228109,2957.897178428414,0,0.0,13494.680139636403,1830.290920498587,2036.6216227572138,-1,-0.0013354090478228109
2023-07-05,15604.712004158888,4428.881525670405,15255.207295251821,15276.478584875886,-1,0.0015246983638054212,3027.388344053813,0,-0.0,9065.798613965999,2291.759537534813,2241.9916942684486,1,0.0015246983638054212
2023-07-06,15715.210323832605,2209.32613949106,15272.0780661033,15291.248623710115,-1,-0.007081086766886013,3065.4453678354253,0,0.0,11275.12475345706,2791.2851783526507,2425.2882050055855,1,0.007081086766886013
2023-07-07,15865.558105089855,1459.9456872834885,15303.545190862884,15307.501753877974,-1,-0.009567023167945887,3050.2003891056484,0,0.0,12735.070440740548,3452.0503666286154,2514.3248369424905,1,0.009567023167945887
2023-07-08,15740.856490533084,1380.567116017028,15327.487025879187,15322.136357445188,1,0.00785989460507941,3011.8525924973414,0,-0.0,11354.50332472352,3936.411046694569,2598.106858580999,1,-0.00785989460507941
2023-07-09,15531.309021758867,8470.537779850976,15351.73955677151,15333.600085955408,1,-0.013312329535577927,3162.6604073550648,-1,-0.0,2883.9655448725443,4269.963911902801,2592.7294597403047,1,-0.013312329535577927
2023-07-10,15246.122290988056,4949.2274505438645,15362.56951915545,15340.202316462653,1,-0.018362053731032835,3327.958669717767,0,0.018362053731032835,-2065.26190567132,4438.218514748328,2429.076950956773,1,-0.018362053731032835
2023-07-11,15323.571269916756,3303.2348123549727,15384.064580849028,15348.459192956687,1,0.005079913269125491,3361.502110650845,0,0.0,1237.9729066836526,4903.253157896275,2361.394748849037,1,0.005079913269125491
2023-07-12,15154.49610165124,1646.778387282029,15402.583254262612,15351.516057897556,1,-0.011033666061738723,3341.374747506973,0,-0.0,-408.80548059837633,5388.415164188094,2185.9450023619743,1,-0.011033666061738723
2023-07-13,14828.23638066944,4239.075432786273,15395.651665082813,15343.619606489667,1,-0.021528905929524944,3378.879413012757,0,-0.0,-4647.88091338465,5487.174292707073,1887.2548900221361,1,-0.021528905929524944
2023-07-14,14885.855734673998,900.5425681395349,15383.43429625261,15338.105269711157,1,0.003885786045309647,3111.5289569301794,0,0.0,-3747.338345245115,5318.5829651434715,1635.1505001728622,1,0.003885786045309647
2023-07-15,15256.960046305161,1682.6145171990015,15385.163951257888,15342.249988599156,1,0.024929995174327813,2976.5298721317604,0,0.0,-2064.7238280461133,5014.992552781452,1446.9131476502357,1,0.024929995174327813
2023-07-16,15256.033809757075,1326.6960540011705,15395.161087297693,15346.600097116034,1,-6.0709115398793756e-05,2991.128053695724,0,-0.0,-3391.419882047284,4696.803958855469,1255.0609434661017,1,-6.0709115398793756e-05
2023-07-17,15383.95424579911,4871.675832704008,15413.936182359565,15346.63507757679,1,0.00838490774451639,2975.0042651105987,0,0.0,1480.255950656724,4881.906736785012,1079.3924334430653,1,0.00838490774451639
2023-07-18,15396.542836877697,3095.614000098733,15424.237347465645,15348.940202223479,1,0.0008182935854756934,2879.009327987872,0,0.0,4575.8699507554575,4971.014577591826,1039.5355111270212,1,0.0008182935854756934
2023-07-19,15381.317249062882,747.0702128011983,15432.700856408463,15346.82322874045,1,-0.0009888965319114762,2802.311586364231,0,-0.0,3828.7997379542594,4908.717655494881,919.2334299774861,1,-0.0009888965319114762
2023-07-20,15522.683318672762,2571.5576649531813,15430.591793765008,15342.725965191172,1,0.009190764829877685,2812.1879789686764,0,0.0,6400.357402907441,4856.297126002381,813.7866484128887,1,0.009190764829877685
2023-07-21,15477.624920423636,5592.657776127159,15423.168841757226,15339.332606134476,1,-0.0029027454418866228,2913.238790587221,0,-0.0,807.6996267802815,4345.6616305157095,671.2651849143149,1,-0.0029027454418866228
2023-07-22,15519.010899861727,5217.491540442107,15416.314700911937,15335.141954648623,1,0.0026739231407191255,3086.238451989212,0,0.0,6025.191167222389,4008.0257964310304,590.0370770680018,1,0.0026739231407191255
2023-07-23,15568.935217469903,1542.9377115928664,15414.376554113527,15327.50328387168,1,0.003216978061960196,3090.5227812859143,0,0.0,7568.128878815255,3820.399404208934,495.47828342806025,1,0.003216978061960196
2023-07-24,15464.920647548117,3347.743178744033,15406.195545752544,15319.143766455762,1,-0.006680904536430443,3149.2087694041543,0,-0.0,4220.385700071222,3356.6846822306748,374.8017585562832,1,-0.006680904536430443
2023-07-25,15618.339209694012,2008.1476766440205,15406.876906029302,15313.882969097,1,0.00992042349536515,3028.172076952835,0,0.0,6228.533376715242,3214.8214203681373,322.0606917122925,1,0.00992042349536515
2023-07-26,15591.013401412867,913.0762855791818,15400.667059908312,15309.711490958685,1,-0.001749597566954142,2963.3595842572413,0,-0.0,5315.457091136061,2916.838037252087,284.3449936651941,1,-0.001749597566954142
2023-07-27,15473.18507231581,3053.4341039362666,15381.048408269611,15306.255385321829,1,-0.007557451594928377,3043.0340050898803,0,-0.0,2262.022987199794,2393.1856645750495,255.4914616364836,1,-0.007557451594928377
2023-07-28,15556.200233342652,4728.056921275311,15371.81559541009,15305.879704022942,1,0.0053650984357040965,3210.4084953527945,0,0.0,6990.079908475105,2174.9644937626285,415.63018480248746,1,0.0053650984357040965
2023-07-29,15416.432755062766,4739.391992612651,15366.071782075285,15306.352472844646,1,-0.00898467981791029,3023.851205990878,0,-0.0,2250.6879158624542,2143.300612312124,587.45625043792,1,-0.00898467981791029
2023-07-30,15420.777284238176,2113.1081270027175,15374.804531737787,15306.810237372538,1,0.00028181157369133736,2882.045239813821,0,0.0,4363.796042865171,2464.753509738949,708.8913029778489,1,0.00028181157369133736
2023-07-31,15419.371064075116,4223.504431908119,15379.594521445708,15309.21997118522,1,-9.118996644208455e-05,2928.058720791478,0,-0.0,140.2916109570524,2409.869444952619,838.7801803752602,1,-9.118996644208455e-05
2023-08-01,15586.809330739026,1161.985103141356,15401.210182900099,15313.825171106555,1,0.01085895565831585,2903.8190565844443,0,0.0,1302.2767140984083,2495.423554687458,969.5190114607941,1,0.01085895565831585
2023-08-02,15660.799639194414,3461.424924657197,15442.838345826345,15323.633798859722,1,0.004746982328799776,2864.9365311779907,0,0.0,4763.701638755605,2966.0026822944706,1178.321421922568,1,0.004746982328799776
2023-08-03,15656.880217329552,4088.3222954980224,15481.389569959123,15332.545916221883,1,-0.00025026958745155703,3024.3255175459153,0,-0.0,675.3793432575826,3187.1385667196055,1290.9511860574466,1,-0.00025026958745155703
2023-08-04,15784.916907253031,3014.274730432481,15507.787413006514,15341.491186310475,1,0.008177662992002954,3090.9085282075894,0,0.0,3689.654073690064,3474.8574618064144,1445.5701671906313,1,0.008177662992002954
2023-08-05,16004.360013703772,1537.6397773745373,15545.203723203853,15359.160655044003,1,0.013902075490173083,3101.4557143762577,0,0.0,5227.293851064601,3905.7931484620085,1690.9441962736344,1,0.013902075490173083
2023-08-06,16093.633983325868,2853.636550638606,15580.687710080188,15377.386361078332,1,0.005578103063518691,3000.553750272987,0,0.0,8080.930401703206,4235.826871014333,1936.0804696816303,1,0.005578103063518691
2023-08-07,16095.300096071147,7059.797206398313,15615.62557303986,15392.570644430469,1,0.00010352619843390087,3198.7629105879664,0,0.0,15140.727608101519,4764.069753881636,2273.872944043228,1,0.00010352619843390087
2023-08-08,15884.156117705397,2067.9845092579794,15640.767516471988,15407.297108690746,1,-0.013118362323501498,3264.8086254108052,0,-0.0,13072.743098843539,5226.2669219261,2634.8780640143377,1,-0.013118362323501498
2023-08-09,15714.971800631494,1789.0491661969404,15650.381940569923,15415.022244956117,1,-0.010651136630753788,3225.6832004729936,0,-0.0,11283.693932646598,5470.433748413057,2908.8914582690622,1,-0.010651136630753788
2023-08-10,15667.005824413598,3255.8413618158334,15659.850985769424,15420.882839421287,1,-0.003052247043546674,3108.842379757427,0,-0.0,8027.852570830764,5831.441395615582,3102.3601887452514,1,-0.003052247043546674
2023-08-11,15571.513512200792,5458.858174062323,15662.476116386377,15426.951481605523,1,-0.0060951220215927915,3120.910711438438,0,-0.0,2568.994396768441,5658.631557092884,3245.237341486978,1,-0.0060951220215927915
2023-08-12,15542.399250492475,1088.1324885654662,15661.149318037506,15432.676236493233,1,-0.0018697130298545028,3098.170450287068,0,-0.0,1480.861908202975,5354.268208562271,3390.030976430641,1,-0.0018697130298545028
2023-08-13,15551.20400799509,1247.891119743831,15665.46348605985,15437.13341022208,1,0.0005664992489711196,2993.1778473370578,0,0.0,2728.753027946806,5279.686574956049,3488.8873925617704,1,0.0005664992489711196
2023-08-14,15633.577608840673,2788.9734207225106,15666.225406017184,15442.769869099435,1,0.005296927543567254,3032.2191345409824,0,0.0,5517.726448669317,5244.146228553753,3583.5757288189006,1,0.005296927543567254
2023-08-15,15622.55612765952,4939.4773787492595,15667.802542329518,15446.849222780376,1,-0.0007049877805909155,3233.5391891994864,0,-0.0,578.2490699200571,5007.285827492953,3571.8030143658966,1,-0.0007049877805909155
2023-08-16,15698.560120028253,1846.7498817244514,15679.071294715139,15454.554964615878,1,0.004865016438261982,3173.204978088895,0,0.0,2424.9989516445085,5015.434625715189,3620.223552306284,1,0.004865016438261982
2023-08-17,15708.681674799256,3328.9071053724756,15686.695366787972,15461.999329359083,1,0.0006447441481012284,3103.2474872937537,0,0.0,5753.906057016984,4953.6259331422825,3688.33382453316,1,0.0006447441481012284
2023-08-18,15398.36192029864,1380.014043818374,15685.791825049764,15467.867721298853,1,-0.019754665663538673,2935.2785898540396,0,-0.0,4373.892013198611,5059.786138009091,3824.350220741338,1,-0.019754665663538673
2023-08-19,15253.719656712965,1760.7229105639822,15677.438943673504,15471.604331522247,1,-0.00939335393818752,2917.6593290321025,0,-0.0,2613.1691026346284,4972.254790997564,3958.4089384949466,1,-0.00939335393818752
2023-08-20,15231.74094490298,4564.133395462091,15668.057437714897,15477.238846669878,1,-0.0014408755572161702,2934.690777209801,0,-0.0,-1950.964292827463,4867.691995808338,4060.271532885744,1,-0.0014408755572161702
2023-08-21,15047.483375449314,2458.97291890813,15641.091139950411,15481.628192371041,1,-0.012096947428410942,2999.5401679981405,0,-0.0,-4409.937211735592,4582.081299516638,4155.3066727973965,1,-0.012096947428410942
2023-08-22,15137.757551360039,3538.23756266947,15614.939035558695,15484.476348822618,1,0.0059992872999621305,3003.380799898754,0,0.0,-871.6996490661222,4300.311235125551,4251.162736709031,1,0.0059992872999621305
2023-08-23,15369.478901075656,5740.056557354047,15600.568969745998,15488.464278652576,1,0.01530750832343708,3085.967512991555,1,0.0,4868.356908287925,4509.960113377068,4338.560548413382,1,0.01530750832343708
2023-08-24,15556.796246726632,4616.693861435176,15589.162936719678,15494.038100328027,1,0.01218761851697292,3166.08846954169,0,0.01218761851697292,9485.0507697231,4799.729948178721,4429.859987588862,1,0.01218761851697292
2023-08-25,15523.591374192856,6393.974257548641,15565.12450474413,15501.829771748558,1,-0.0021344287093020275,3408.905193550395,0,-0.0,3091.07651217446,4692.919081234213,4431.83872951723,1,-0.0021344287093020275
2023-08-26,15755.005608185733,212.08093553151187,15548.193085987126,15514.272326142293,1,0.014907261368499514,3276.8274127950403,0,0.0,3303.1574477059717,4454.030433534352,4523.921347111232,-1,0.014907261368499514
2023-08-27,15778.42817440547,2872.982895083791,15532.34948990384,15524.070803469782,1,0.0014866745720210073,3067.486697229314,0,0.0,6176.140342789762,4005.8010702687634,4580.2951339140745,-1,-0.0014866745720210073
2023-08-28,15725.241306566613,1908.659857619998,15524.403749346902,15532.624040742452,-1,-0.0033708597111803407,3059.520464647415,0,-0.0,4267.4804851697645,3565.537939585075,4566.840839002019,-1,0.0033708597111803407
2023-08-29,15628.782257543893,2888.991387301665,15520.09427219252,15533.68933550915,-1,0.006134026635409406,3114.5175757026514,0,-0.0,1378.4890978680996,3070.27769784615,4465.669524087196,-1,0.006134026635409406
2023-08-30,15581.509928847589,786.5423368037725,15515.819477414221,15532.94643498029,-1,0.003024696864881271,2991.0526244520483,0,-0.0,591.9467610643271,2698.4824073578284,4291.861811163039,-1,0.003024696864881271
2023-08-31,15521.0261193251,2578.0970646851692,15513.295107770438,15530.695308356251,-1,0.0038817681854124153,2847.0145689831907,0,-0.0,-1986.1503036208421,2470.7251723383642,4045.794175287426,-1,0.0038817681854124153
2023-09-01,15547.476465711567,5435.487570430514,15513.548968531391,15529.691613560808,-1,-0.0017041622237548015,3064.3823230764433,0,0.0,3449.3372668096717,2569.148940268699,3914.6055176799678,-1,-0.0017041622237548015
2023-09-02,15572.441667625351,1988.0164306560378,15514.610851512905,15528.7566277751,-1,-0.0016057398104987186,3101.3885886220532,0,0.0,5437.353697465709,2704.578973744644,3780.3167436437893,-1,-0.0016057398104987186
2023-09-03,15572.916007336928,3437.974494368941,15511.577771437718,15528.226694494735,-1,-3.0460201534188158e-05,3133.838642304375,0,0.0,8875.328191834651,2872.459060902911,3777.142236608267,-1,-3.0460201534188158e-05
2023-09-04,15640.960021515522,4988.900632683332,15512.497966130517,15526.989189456117,-1,-0.004369381697463481,3136.3098050010785,0,0.0,13864.228824517984,3536.758048632807,3820.2939711259487,-1,-0.004369381697463481
2023-09-05,15827.188529352516,3476.6541985845306,15518.92938659673,15526.349696527159,-1,-0.011906462747863333,3217.8050208440827,0,0.0,17340.883023102513,4282.552252205707,3897.0575141653153,1,-0.011906462747863333
2023-09-06,15977.476252557079,3834.4848641664626,15532.36911548462,15530.29335922756,1,-0.009495541354413328,3243.083908783782,0,0.0,21175.367887268974,5053.625343718307,4060.738590207739,1,0.009495541354413328
2023-09-07,15740.227032273293,1871.711131880594,15549.462371083355,15533.775326069468,1,-0.014848979684499053,3267.6687631868926,0,-0.0,19303.65675538838,5800.113580827795,4334.400110383003,1,-0.014848979684499053
2023-09-08,15338.234047414515,2926.810813768808,15553.688090618432,15535.310522009908,1,-0.025539211349019486,3325.9731583471344,0,-0.0,16376.845941619571,6488.297422777042,4641.768574504518,1,-0.025539211349019486
2023-09-09,15481.54222215199,1370.7417562486007,15566.178154480882,15537.943371213829,1,0.009343199112392675,3166.30357638646,0,0.0,17747.58769786817,7473.225022311824,4916.928821024261,1,0.009343199112392675
2023-09-10,15269.928319331206,1913.0162362295662,15577.300401674976,15539.867241508495,1,-0.01366878698415408,3139.0057422525315,0,-0.0,15834.571461638603,8485.450455980534,5187.651770061543,1,-0.01366878698415408
2023-09-11,15235.606803575536,1452.444037978972,15582.19286428575,15546.65674855693,1,-0.0022476540189269034,3034.716066018006,0,-0.0,14382.127423659631,9248.141809616824,5504.818575678948,1,-0.0022476540189269034
2023-09-12,15057.332983767712,3253.887386615113,15566.585568420356,15549.514702708491,1,-0.011701130260593606,2910.40760748106,0,-0.0,11128.240037044518,9561.135966054651,5752.744882050441,1,-0.011701130260593606
2023-09-13,14786.002788978936,1377.221986026978,15528.04589553297,15541.665415086387,-1,-0.018019804375800086,2748.43401371065,0,-0.0,9751.01805101754,9574.434330119373,5949.673913368169,1,-0.018019804375800086
2023-09-14,14866.063483072578,3520.5313652668888,15495.169500976957,15535.165909641648,-1,-0.00541462728204789,2604.761869096562,0,0.0,13271.549416284428,10083.457975324873,6227.390068340364,1,0.00541462728204789
2023-09-15,14978.919971138192,1288.3177243948103,15456.365219124578,15528.415338397297,-1,-0.007591551603026492,2658.5737085397277,0,0.0,14559.867140679238,10646.293459973534,6445.383588174072,1,0.007591551603026492
2023-09-16,14892.564939588048,1826.6317557492976,15412.072057383708,15520.015706775803,-1,0.005765104007267152,2606.2561515730026,0,-0.0,12733.23538492994,10974.148212080543,6581.339678743648,1,-0.005765104007267152
2023-09-17,14506.692283618178,2001.797266841201,15351.144606236287,15505.438624018392,-1,0.02591042292144896,2610.913022034063,0,-0.0,10731.43811808874,11297.346093726494,6696.3836517458885,1,-0.02591042292144896
2023-09-18,14427.450282393844,1693.3202447579968,15291.078007478785,15487.18474008041,-1,0.005462444482524753,2551.1294649068795,0,-0.0,9038.117873330742,11680.327532499625,6740.346326252944,1,-0.005462444482524753
2023-09-19,14483.977610477725,6555.132528746295,15236.201391560291,15470.623951581312,-1,-0.003918040054025518,2839.5589745040056,0,0.0,15593.250402077038,12430.39271455026,6986.77217250789,1,0.003918040054025518
2023-09-20,14269.772389977716,1575.42405610068,15173.638705092919,15449.80330974991,-1,0.014789115687741217,2789.425324074781,0,-0.0,14017.826345976358,13230.59154703012,7119.982758820455,1,-0.014789115687741217
2023-09-21,14295.937433184647,3009.6143013440446,15111.061753466574,15428.586680011824,-1,-0.00183359919779158,2668.1316606204573,0,0.0,17027.440647320404,13909.496716055659,7277.637954962208,1,0.00183359919779158
2023-09-22,14293.748746725762,1960.1864506290553,15047.127107421597,15409.067148331453,-1,0.0001530984917298417,2666.740161619108,0,-0.0,15067.254196691349,14390.991741016938,7458.419096572544,1,-0.0001530984917298417
2023-09-23,14376.551218189881,2094.889827757215,14987.308867964244,15388.370681806382,-1,-0.005792914996010978,2599.585928288522,0,0.0,17162.144024448564,14805.332532647637,7640.645940701433,1,0.005792914996010978
2023-09-24,14393.742751101841,3600.4123320514664,14924.948004443559,15368.416170967865,-1,-0.0011958036841415165,2530.1615132569286,0,0.0,20762.55635650003,15150.248909246739,7898.097595124165,1,0.0011958036841415165
2023-09-25,14253.681710960478,4346.488072502971,14846.272663523958,15348.091114945277,-1,0.009730689408815607,2573.6532069528507,0,-0.0,16416.06828399706,15104.008172291466,8133.998350070787,1,-0.009730689408815607
2023-09-26,14424.237204251795,2043.8074538864255,14768.610711108695,15329.225064460428,-1,-0.011965715016644785,2484.1193364388487,0,0.0,18459.875737883485,14968.233564822189,8325.161613894259,1,0.011965715016644785
2023-09-27,14401.370522599496,3000.05003633775,14701.667885625004,15312.30736058604,-1,0.0015852957302697757,2540.5362816617067,0,-0.0,15459.825701545735,14776.04201213006,8545.313910322315,1,-0.0015852957302697757
2023-09-28,14397.438294695181,1638.4626325698607,14654.628097989038,15295.251710760325,-1,0.0002730453950993139,2476.1188726017594,0,-0.0,13821.363068975874,14648.267868497871,8702.94002742416,1,-0.0002730453950993139
2023-09-29,14263.07161616346,3333.446652244385,14593.704567689612,15275.98005329513,-1,0.009332679590731807,2574.2541174015487,0,-0.0,10487.916416731488,14285.284304441037,8875.400440853733,1,-0.009332679590731807
2023-09-30,14199.84595121427,5083.888055490547,14540.200449283764,15252.863996969716,-1,0.004432822511915235,2732.7977083645974,0,-0.0,5404.028361240941,13763.757149421155,8943.76296830611,1,-0.004432822511915235
2023-10-01,14074.205328850288,1997.0189876529969,14482.130375547504,15226.420758463983,-1,0.008848027140269,2760.0264558482986,0,-0.0,3407.0093735879445,13215.00124691757,8921.151430553315,1,-0.008848027140269
2023-10-02,14049.86454526851,5663.89975383201,14431.75695362254,15199.63716392963,-1,0.0017294605992341783,2880.5270742091434,0,-0.0,-2256.8903802440655,12545.74472605314,8872.280268494953,1,-0.0017294605992341783
2023-10-03,14290.357268138385,5907.982678204187,14406.974677580514,15174.727836611053,-1,-0.017117084801423488,3107.0651088180043,1,0.0,3651.092297960122,12240.748438400271,8871.637572232788,1,0.017117084801423488
2023-10-04,14094.307693447821,2754.199296804878,14368.386888099276,15142.893631273453,-1,0.013719011429313532,3068.7485053949035,0,-0.013719011429313532,896.8930011552438,11622.015617643812,8799.464224734298,1,-0.013719011429313532
2023-10-05,13866.887385208374,4787.986719835388,14312.785258802784,15105.781187971497,-1,0.016135613978767505,3243.7319551669325,0,-0.0,-3891.093718680144,10699.467574675844,8599.930489394575,1,-0.016135613978767505
2023-10-06,14070.892917766514,1847.192975604125,14271.701657711708,15072.041068333085,-1,-0.014711703274935983,3244.760016159674,0,0.0,-2043.900743076019,9960.610768275545,8313.52001687495,1,0.014711703274935983
2023-10-07,14041.439207302943,3266.84071529247,14248.439003895945,15041.329119826378,-1,0.002093236771518736,3308.0121885822373,0,-0.0,-5310.7414583684895,9158.501789452685,8007.1286075880835,1,-0.002093236771518736
2023-10-08,13947.491765451374,4182.364450312529,14224.441078048822,15011.871119240042,-1,0.006690727386599149,3432.4643988599637,0,-0.0,-9493.105908681018,8231.940600352096,7660.848610232623,1,-0.006690727386599149
2023-10-09,14092.532386094485,2759.87719837519,14204.868816829661,14985.629895268057,-1,-0.01039904687396076,3242.7016323414086,0,0.0,-6733.228710305828,7115.616644732952,7414.830588880346,-1,0.01039904687396076
2023-10-10,14007.185820021848,1703.4025960869676,14191.739488331868,14959.557767065075,-1,0.006056155397368479,3249.100559340723,0,-0.0,-8436.631306392796,5992.893762114495,7231.40349382766,-1,0.006056155397368479
2023-10-11,14262.958393690018,3323.27337077793,14190.090536357136,14938.233752785034,-1,-0.01826009713546939,3264.7835128124175,0,0.0,-5113.357935614866,4885.853832967731,7121.499829764029,-1,-0.01826009713546939
2023-10-12,14359.6506786592,3466.1504186191614,14193.385632953807,14918.374530629435,-1,-0.0067792587133927995,3340.081711211922,0,0.0,-1647.2075169957043,4050.1307472833782,7048.567154014987,-1,-0.0067792587133927995
2023-10-13,14289.588304828148,5132.260933928453,14189.037487285721,14895.974708895894,-1,0.0048791140814571365,3491.950266520484,0,-0.0,-6779.468450924157,2853.050123514742,6843.6139056884285,-1,0.0048791140814571365
2023-10-14,14597.858766970034,4602.108261480139,14199.243288079131,14878.89641955107,-1,-0.021573082132655186,3542.035062991918,0,0.0,-2177.360189444018,1706.0542962175398,6797.687084699029,-1,-0.021573082132655186
2023-10-15,14509.437357979545,2408.8056279322927,14212.031070430085,14859.077706850258,-1,0.006057149230033421,3445.1509407633844,0,-0.0,-4586.165817376311,655.9425911488713,6680.8343385486805,-1,0.006057149230033421
2023-10-16,14617.1112211177,1199.708584313958,14221.674771273381,14840.884865955566,-1,-0.007420953720093104,3402.945997284761,0,0.0,-3386.4572330623528,-436.37405739842063,6528.494950380691,-1,-0.007420953720093104
2023-10-17,14660.85915047227,1099.9084897419343,14234.64920266702,14828.593153125124,-1,-0.00299292580406485,3307.9389199549705,0,0.0,-2286.5487433204185,-1323.6927796417283,6417.487604438707,-1,-0.00299292580406485
2023-10-18,14851.70560741457,1131.6572881889647,14257.362568302988,14821.892918970152,-1,-0.013017412893987945,3282.598652735925,0,0.0,-1154.8914551314538,-2072.5055058470944,6354.686595142606,-1,-0.013017412893987945
2023-10-19,15083.616653379257,2364.0044556138837,14298.389820163778,14819.42418077809,-1,-0.015615111967268502,3234.1265429044,0,0.0,1209.11300048243,-2536.4456766595476,6407.354550031105,-1,-0.015615111967268502
2023-10-20,15088.444036537514,3497.6303938391397,14342.81972442994,14820.106858462892,-1,-0.0003200414906576743,3154.81365982183,0,0.0,4706.743394321569,-2571.309925005516,6559.299226798725,-1,-0.0003200414906576743
2023-10-21,14974.765002809056,1369.6972658810187,14387.847708127878,14817.390315987044,-1,0.007534178703461958,3123.4475737332314,0,-0.0,3337.0461284405505,-2574.8080872628857,6629.444989757169,-1,0.007534178703461958
2023-10-22,15043.644750292573,1336.6952739176818,14437.536718379084,14811.959746807326,-1,-0.004599721429391135,2907.0873497375146,0,0.0,4673.741402358232,-2228.276498132771,6626.201397991673,-1,-0.004599721429391135
2023-10-23,14941.691657648935,2071.470416579591,14470.103437854612,14801.708003656033,-1,0.006777153697521077,2715.261736656285,0,-0.0,2602.2709857786413,-2280.717563741845,6511.488401592599,-1,0.006777153697521077
2023-10-24,15242.525772048788,4027.361812295157,14527.514341784656,14797.02357695363,-1,-0.020133872475266212,2778.9198624307987,0,0.0,6629.632798073799,-1994.0805738959175,6570.464339690922,-1,-0.020133872475266212
2023-10-25,15263.337205077025,2556.333348894343,14597.336832778092,14788.829103568485,-1,-0.001365353310827322,2667.3371938837463,0,0.0,9185.966146968141,-1340.227580613503,6668.511151345291,-1,-0.001365353310827322
2023-10-26,15207.57694481744,5037.271821397164,14654.171034130637,14779.314916408684,-1,0.003653215513121033,2826.8411361733984,0,-0.0,4148.6943255709775,-1030.5978271811532,6634.720384391645,-1,0.003653215513121033
2023-10-27,15235.662344433771,2630.2478506728326,14713.88219098718,14771.155267039803,-1,-0.001846803058649149,2795.011492942416,0,0.0,6778.9421762438105,-426.11364545053823,6676.578079242879,-1,-0.001846803058649149
2023-10-28,15030.418731607926,3215.9732457676087,14768.028539295006,14761.182541607537,1,0.013471262895297098,2746.6919327151704,0,-0.0,3562.968930476202,226.69009650732278,6712.986076453014,-1,0.013471262895297098
2023-10-29,14884.38107316469,5123.614621944046,14807.620973648514,14749.563727346156,1,-0.009716140385106486,2864.8788038936136,0,-0.0,-1560.6456914678442,485.31924744922196,6677.109535577478,-1,0.009716140385106486
2023-10-30,15063.055253678407,1661.611335102294,14860.414445331344,14741.93087958538,1,0.01200413907944431,2862.7892408443795,0,0.0,100.96564363444986,912.1990949505841,6711.894801365066,-1,-0.01200413907944431
2023-10-31,14964.106905478693,1477.4491654534254,14895.471870920777,14732.208053581497,1,-0.006568942789713983,2770.4980305781546,0,-0.0,-1376.4835218189755,1099.0428156403789,6631.464454887921,-1,0.006568942789713983
2023-11-01,14807.446026824971,5731.165276552546,14917.861638329068,14719.458126234824,1,-0.010469109826819367,2883.748773474824,-1,-0.0,-7107.6487983715215,826.0207515715878,6422.381079957301,-1,0.010469109826819367
2023-11-02,14886.910593506918,4447.317485130978,14947.727752763003,14708.02470267099,1,0.0053665275252727795,2849.50160103495,0,-0.0053665275252727795,-2660.3313132405437,1031.9776084557684,6230.120088206048,-1,-0.0053665275252727795
2023-11-03,15063.425310915096,3503.491557891926,14971.006079960256,14698.399124160982,1,0.01185704154662992,2794.5707658555393,0,0.0,843.1602446513821,1183.0036301605385,6013.102278541604,-1,-0.01185704154662992
2023-11-04,15171.72430588748,2549.259409476294,15004.120427355654,14687.474720436565,1,0.007189533106650714,2801.5934549327394,0,0.0,3392.419654127676,1581.932903735738,5780.62788905869,-1,-0.007189533106650714
2023-11-05,15322.84191473311,4567.2500228650815,15039.406962036423,14676.5641481395,1,0.00996047685805812,2969.970526860295,0,0.0,7959.669676992758,2149.2392492384934,5560.366252220754,-1,-0.00996047685805812
2023-11-06,15206.879399693147,4830.055599065329,15066.707974497467,14667.67502092983,1,-0.007567950885694619,3156.477882326465,0,-0.0,3129.6140779274283,2420.0473903008856,5290.798874263071,-1,0.007567950885694619
2023-11-07,14990.666366309742,3437.0304921405136,15073.656012442229,14661.88222624475,1,-0.014218106667418406,3271.7465425240425,0,-0.0,-307.4164142130853,2462.421142346804,5012.727834999194,-1,0.014218106667418406
2023-11-08,15215.726285119521,4026.2163422196522,15080.261494029237,14657.451960627543,1,0.01501333651955461,3354.8571368543317,0,0.0,3718.799928006567,2587.905488723011,4778.9147055015,-1,-0.01501333651955461
2023-11-09,15166.628204064038,2266.3596801873477,15084.170702405565,14655.730292039756,1,-0.003226798388421326,3293.2936011717416,0,-0.0,1452.4402478192192,2425.1903313978937,4539.2125186045105,-1,0.003226798388421326
2023-11-10,15128.585293045264,3713.7860970483894,15091.861716917376,14653.946600197585,1,-0.002508330164550321,3410.49804273011,0,-0.0,-2261.34584922917,2145.2707325144074,4261.821297389697,-1,0.002508330164550321
2023-11-11,15329.52227665213,1476.270911559408,15106.155593235355,14658.483088412326,1,0.013281941418490595,3417.4768246121967,0,0.0,-785.0749376697622,1872.3299155130076,4063.266047811126,-1,-0.013281941418490595
2023-11-12,15414.789679852627,3358.21448874048,15129.810494345536,14668.962869926887,1,0.0055623000940066,3481.8140282202403,0,0.0,2573.139551070718,1870.8733437776114,3943.634739478679,-1,-0.0055623000940066
2023-11-13,15485.063821095173,904.6056215966587,15141.937396797857,14679.279542227265,1,0.00455887772081609,3325.6762186853166,0,0.0,3477.7451726673767,1713.2789625072905,3780.404668751728,-1,-0.00455887772081609
2023-11-14,15820.315815931313,1327.8957799957907,15169.786327340573,14693.302806307149,1,0.021650023449010902,3264.2543402403885,0,0.0,4805.640952663167,1494.2627027920419,3617.8342322847934,-1,-0.021650023449010902
2023-11-15,15718.509199552082,2080.248179445661,15195.332940077304,14707.068543973217,1,-0.006435182303801468,3116.403158142813,0,-0.0,2725.3927732175057,1423.0976251743682,3451.03685542292,-1,0.006435182303801468
2023-11-16,15864.351835441668,2259.7059356902146,15226.767414627699,14729.696203170275,1,0.009278401280812476,3097.8760623936823,0,0.0,4985.098708907721,1333.4054518075636,3355.2645319365693,-1,-0.009278401280812476
2023-11-17,15873.39659816772,4225.112575351386,15268.91630795569,14753.795308433173,1,0.0005701312489707622,3148.333028872871,0,0.0,9210.211284259107,1615.7675694967088,3358.1327554520417,-1,-0.0005701312489707622
2023-11-18,15916.031315823742,1597.449312949039,15320.49882008864,14777.662870188939,1,0.0026859227886326664,2972.024763423121,0,0.0,10807.660597208145,2234.182883930508,3278.372925370894,-1,-0.0026859227886326664
2023-11-19,16159.302829224038,3666.4272506386014,15375.311198865926,14809.15504417638,1,0.015284684264125215,3072.2655591999364,0,0.0,14474.087847846746,2952.8389941411233,3285.9772837354003,-1,-0.015284684264125215
2023-11-20,16241.36554695796,1335.656515342321,15439.174130939888,14841.578846072602,1,0.0050783575628963185,3065.175926694381,0,0.0,15809.744363189067,3812.1503883915257,3265.6823456665447,1,-0.0050783575628963185
2023-11-21,16328.792180881352,1747.5754954175904,15515.241438642706,14875.49623664186,1,0.005382960790496272,2865.996437637633,0,0.0,17557.319858606657,5045.398821240435,3307.1834400318,1,0.005382960790496272
2023-11-22,16503.919675115372,3730.554267021148,15596.091892723129,14910.952377590616,1,0.010725073373097915,2830.158276732142,0,0.0,21287.874125627804,6242.8090931838515,3375.9456083847876,1,0.010725073373097915
2023-11-23,16443.68816977947,3263.617633248721,15665.105035666347,14945.118134568578,1,-0.0036495272954290003,2818.1645804999816,0,-0.0,18024.256492379085,7101.863905570237,3330.3072773161043,1,-0.0036495272954290003
2023-11-24,16305.691148991602,2025.5214229952417,15721.803377821552,14979.318291869096,1,-0.008392096673390026,2791.977681175929,0,-0.0,15998.735069383843,7732.179676333045,3323.351723739218,1,-0.008392096673390026
2023-11-25,16135.327788718263,4295.822100735532,15762.42767152081,15007.83646827687,1,-0.010448091940210347,2778.4062850694513,-1,-0.0,11702.91296864831,7919.341840915823,3210.735677585298,1,-0.010448091940210347
2023-11-26,15818.049707527383,1184.6939029800174,15792.986186912522,15031.447788025669,1,-0.01966356589376006,2596.138200265186,0,0.01966356589376006,10518.219065668292,8288.772090302866,3128.3755669873412,1,-0.01966356589376006
2023-11-27,16143.301573431067,1590.944940904534,15850.617947268587,15060.545509337935,1,0.02056207129940324,2503.833922703387,0,0.0,12109.164006572826,8909.601111342161,3099.8389159472904,1,0.02056207129940324
2023-11-28,15965.207319969295,3140.4278759913077,15888.09199901108,15088.914437734698,1,-0.011032083657216862,2459.5444993919696,0,-0.0,8968.736130581518,9172.09792147091,3074.519244511457,1,-0.011032083657216862
2023-11-29,15929.883720260883,2296.354096739002,15926.254774820922,15117.748400552142,1,-0.0022125362358577094,2461.0442202195522,0,-0.0,6672.382033842516,9433.095010772075,3095.6584723881506,1,-0.0022125362358577094
2023-11-30,15885.787683466358,3979.1233645339466,15964.114894341978,15147.941439795744,1,-0.002768132998889339,2474.31108359383,0,-0.0,2693.258669308569,9680.825236698962,3083.762627316827,1,-0.002768132998889339
2023-12-01,15934.62165880507,1859.1828331704185,15994.369863449621,15179.354058354687,1,0.0030740669780910945,2493.456679674381,0,0.0,4552.441502478988,9947.701058706398,3197.251492028878,1,0.0030740669780910945
2023-12-02,16064.60629735329,3631.2647890915696,16026.860694324656,15208.924875508268,1,0.008157372125392914,2507.1091946919355,0,0.0,8183.706291570557,10228.22939573139,3272.795058589052,1,0.008157372125392914
2023-12-03,16202.837975551383,4044.0927687072876,16062.749402047466,15244.06704687666,1,0.008604734883597365,2664.0835520474666,0,0.0,12227.799060277845,10665.732090111913,3461.643492907762,1,0.008604734883597365
2023-12-04,16108.362882908063,2449.9971983661662,16077.151755396302,15281.424971838323,1,-0.005830774385689463,2720.1886229659854,0,-0.0,9777.801861911677,10914.340135574339,3689.4584192509587,1,-0.005830774385689463
2023-12-05,16081.442310795213,2258.9303997998077,16095.29841095846,15314.9341283888,1,-0.0016712171378640006,2729.1227339836923,0,-0.0,7518.87146211187,11154.014070019057,3848.8379560040908,1,-0.0016712171378640006
2023-12-06,16126.885242514863,1378.2548885754536,16108.425081312122,15349.691562308999,1,0.002825799504883042,2685.0501816279548,0,0.0,8897.126350687324,11349.615452108037,4085.6357528216877,1,0.002825799504883042
2023-12-07,16086.779109986926,5042.088002605057,16119.09420690308,15385.34635138459,1,-0.0024869112618354228,2725.898952990638,0,-0.0,3855.0383480822666,11081.856805299196,4308.104823767742,1,-0.0024869112618354228
2023-12-08,16345.349242335411,2422.092487021593,16140.560103228665,15422.893298988607,1,0.01607345576020003,2767.131111694266,0,0.0,6277.13083510386,10855.33031719398,4524.94414952457,1,0.01607345576020003
2023-12-09,16425.600812873072,3168.4647769388685,16153.875002411116,15463.200215536128,1,0.004909749516382567,2742.2329880092793,0,0.0,9445.595612042729,10603.90570540378,4822.981264831829,1,0.004909749516382567
2023-12-10,16546.308904472095,3565.969535124485,16169.12217028682,15501.256057382496,1,0.007348777860498146,2853.7486389983874,0,0.0,13011.565147167214,10463.99674460269,5125.06331621153,1,0.007348777860498146
2023-12-11,16655.991286855686,4234.224032187929,16185.482125585539,15539.528400852438,1,0.006628812686674035,2978.0810658369046,0,0.0,17245.789179355143,10448.420210640112,5439.946594484045,1,0.006628812686674035
2023-12-12,16851.444990311968,1366.126162306811,16202.858391345368,15582.226012277166,1,0.011734738574852965,2859.8596606011874,0,0.0,18611.915341661952,10314.62227144182,5863.13632436048,1,0.011734738574852965
2023-12-13,16881.949738697527,1995.3708610724973,16224.77146979127,15620.294195139291,1,0.0018102155870369785,2796.447321992376,0,0.0,20607.28620273445,10443.773756959588,6242.8804308967865,1,0.0018102155870369785
2023-12-14,16663.01922104825,1241.2044986779865,16242.6378733941,15656.187226190437,1,-0.012968319479558454,2757.2314757765134,0,-0.0,19366.08170405646,10612.141088693217,6642.084556254001,1,-0.012968319479558454
2023-12-15,16729.619301273004,5524.869058485163,16272.35244902184,15691.395694193025,1,0.003996879517526253,2818.683823663995,0,0.0,24890.950762541623,11271.542978387884,7113.374689514067,1,0.003996879517526253
2023-12-16,16620.649772649034,1339.1540370743987,16312.482452277924,15724.058871229305,1,-0.006513568937918213,2826.406830368714,0,-0.0,23551.796725467226,11923.22186137783,7544.013780660528,1,-0.006513568937918213
2023-12-17,16532.790245335607,1117.8047234012222,16331.95688587315,15752.076948527987,1,-0.005286166817497606,2802.7498194935483,0,-0.0,22433.992002066003,12439.46326115249,7937.161838280485,1,-0.005286166817497606
2023-12-18,16629.73257863051,4467.137431965359,16365.18314880621,15777.845547282175,1,0.0058636401875509225,2869.085297292251,0,0.0,26901.12943403136,13336.082926324982,8365.362112172967,1,0.0058636401875509225
2023-12-19,16835.65574197637,1635.5025588464662,16410.471749891985,15806.965742372824,1,0.012382830714336102,2836.042720397624,0,0.0,28536.63199287783,14429.295424276748,8762.526922148905,1,0.012382830714336102
2023-12-20,16839.236951406543,1515.2311694716786,16458.144213288993,15838.040274849449,1,0.00021271576736059394,2712.848110644511,0,0.0,30051.863162349506,15797.225648928794,9207.773872714053,1,0.00021271576736059394
2023-12-21,16891.24207418225,1636.883237011558,16505.975234057853,15868.833563580944,1,0.0030883301259896356,2701.7331308365674,0,0.0,31688.746399361065,17154.040893772897,9658.023955997432,1,0.0030883301259896356
2023-12-22,17178.767321103493,1408.8283409790201,16561.683285245363,15906.118157971852,1,0.017022149446352275,2590.6113084309404,0,0.0,33097.57474034009,18399.734316211376,10166.27901857346,1,0.017022149446352275
2023-12-23,17220.125749625993,3537.2062544712794,16612.54767394909,15939.07815759814,1,0.002407531794885731,2565.26698271914,0,0.0,36634.78099481137,19620.083412938053,10666.36482185242,1,0.002407531794885731
2023-12-24,17668.13885349464,4016.2667633097426,16690.536472478423,15979.158185071767,1,0.026016831141803864,2643.5804609663187,1,0.0,40651.047758121116,21163.745707748523,11190.782848704966,1,0.026016831141803864
2023-12-25,17768.053882914726,802.551500183009,16774.8670510844,16021.832800706721,1,0.005655096456315345,2570.761515985479,0,0.005655096456315345,41453.59925830412,22860.482097558135,11812.53126425052,1,0.005655096456315345
2023-12-26,17455.200607117626,1837.4061385754508,16841.282819314532,16058.825105084785,1,-0.017607627591558095,2593.7190784854783,0,-0.0,39616.19311972867,24396.4354360102,12359.818779975267,1,-0.017607627591558095
2023-12-27,17586.697898338334,4967.967858731527,16916.278758732107,16101.429757863625,1,0.007533416211045418,2590.013071291802,0,0.0,44584.1609784602,26432.8915675291,13043.505314108335,1,0.007533416211045418
2023-12-28,17653.731072001854,4244.899433691636,16981.69785021543,16147.585591177578,1,0.0038115838488277376,2681.1534186253043,0,0.0,48829.06041215183,28560.4880463815,13883.333749168663,1,0.0038115838488277376
2023-12-29,17881.42055470136,3601.6642313907732,17054.488837306846,16194.558346194626,1,0.012897527540827403,2702.8133913478996,0,0.0,52430.724643542606,30709.744497956493,14755.496399167132,1,0.012897527540827403
2023-12-30,18001.794943217763,4415.5143898908855,17127.26313924413,16245.186480156945,1,0.006731813512699691,2745.2906340862196,0,0.0,56846.23903343349,32901.4781922698,15725.87510842134,1,0.006731813512699691
2023-12-31,17976.87038089439,1682.4289628123197,17193.307093946063,16298.010219391435,1,-0.0013845598398376513,2617.700880617439,0,-0.0,55163.81007062117,34797.379236833105,16763.732756237885,1,-0.0013845598398376513
2024-01-01,17756.779873881074,1744.6797379457282,17238.573838124517,16345.841374064337,1,-0.012242982362893673,2636.628559399385,0,-0.0,53419.13033267544,36537.73998638378,17698.390450336487,1,-0.012242982362893673
2024-01-02,17719.66407419958,3479.2918211546967,17280.459554899622,16390.11202011908,1,-0.002090232572860229,2710.824607403495,0,-0.0,49939.83851152075,38004.3676018231,18516.668421450977,1,-0.002090232572860229
2024-01-03,17568.954706831333,5220.965959753205,17325.756329188775,16430.06586013481,1,-0.008505204542093137,2909.8126804572557,0,-0.0,44718.87255176754,39272.00714420865,19205.442636411637,1,-0.008505204542093137
2024-01-04,17466.962804872608,3705.731666949409,17362.623504368756,16465.8012083038,1,-0.0058052344980471515,2818.855810880468,0,-0.0,41013.14088481813,40078.116650322474,19756.33382320873,1,-0.0058052344980471515
2024-01-05,17569.76957585027,1573.7308255958776,17410.079494528814,16505.182711239755,1,0.005885784044206144,2830.584650306542,0,0.0,42586.87171041401,41029.870399569816,20413.95478375017,1,0.005885784044206144
2024-01-06,17863.167949401555,2256.6101656366177,17476.598379732113,16553.05773762462,1,0.01669904504351405,2887.524922418312,0,0.0,44843.481876050624,42150.34489326905,21166.469755254566,1,0.01669904504351405
2024-01-07,17933.668787622304,4889.337963956367,17541.795190181703,16598.356779332997,1,0.003946715298229764,2908.6349490178627,0,0.0,49732.81984000699,43291.92941356783,21933.37008712124,1,0.003946715298229764
2024-01-08,17719.20308018964,1663.207372153851,17585.972557092366,16640.89969393509,1,-0.011958830620351746,2910.020189683232,0,-0.0,48069.612467853134,44268.578437316595,22710.32295745514,1,-0.011958830620351746
2024-01-09,17797.98312987151,1256.3952952612312,17633.909866015616,16685.389657882195,1,0.004446026682201509,2897.0783959727096,0,0.0,49326.007763114365,45232.28566735484,23570.11218432753,1,0.004446026682201509
2024-01-10,18010.959399991436,2741.129322694865,17689.895732306075,16730.080276604516,1,0.011966314866456607,2952.2907002568745,0,0.0,52067.13708580923,46251.20520167724,24450.982384718845,1,0.011966314866456607
2024-01-11,17901.131648666385,3821.1683951009404,17726.013948684216,16771.51930941808,1,-0.00609782904319367,3072.9077029629707,0,-0.0,48245.96869070829,47008.62489919566,25212.196203712803,1,-0.00609782904319367
2024-01-12,17877.141059228452,2008.7069643275101,17758.86471416434,16811.387263386965,1,-0.001340171666729284,2996.482738455782,0,-0.0,46237.26172638078,47488.74893577412,25924.85481294136,1,-0.001340171666729284
2024-01-13,17879.766888519247,4671.941822173836,17769.446115915573,16845.711447930098,1,0.00014688194729206572,3029.266491398987,0,0.0,50909.203548554615,48001.656725295805,26693.247522872884,1,0.00014688194729206572
2024-01-14,17739.42889982822,1755.4370457043103,17768.01486676125,16879.393442934703,1,-0.007848983130822496,3076.9107686750517,0,-0.0,49153.7665028503,48386.66508752311,27467.0537517001,1,-0.007848983130822496
2024-01-15,17854.430146461455,5419.975471997472,17787.976343728435,16912.561414785032,1,0.006482804338438841,3256.039235346153,0,0.0,54573.74197484778,49134.54253027907,28293.531139465766,1,0.006482804338438841
2024-01-16,17832.835543754838,1753.0918330119168,17800.283225999265,16945.218730544817,1,-0.0012094814860779124,3095.2954340601727,0,-0.0,52820.65014183586,49546.366988447844,29020.371787092048,1,-0.0012094814860779124
2024-01-17,17907.650074529472,3044.5188222486327,17812.979176125642,16978.412376523247,1,0.004195324439070225,3035.2764034880224,0,0.0,55865.16896408449,49898.17241604448,29771.330259873317,1,0.004195324439070225
2024-01-18,17748.721080889853,1601.3612783814667,17806.34420243507,17004.902680717674,1,-0.008874921778020961,2935.261255837557,0,-0.0,54263.807685703025,49989.8265681525,30434.49225717092,1,-0.008874921778020961
2024-01-19,17671.07782732025,4870.37168686315,17789.808346640195,17028.731218723715,1,-0.004374583003234123,2958.00412068617,0,-0.0,49393.43599883987,49617.18641642282,30994.22045109844,1,-0.004374583003234123
2024-01-20,17798.730399272048,1862.5646175132879,17780.901347559076,17053.230189030226,1,0.007223813578277838,2967.010903421219,0,0.0,51256.00061635316,49421.79594370942,31555.865130394213,1,0.007223813578277838
2024-01-21,17732.370831692126,3084.5213548903334,17779.68089544963,17073.704374973175,1,-0.0037283315209176715,3034.002984268449,0,-0.0,48171.479261462824,49159.413390148795,32003.92521599146,1,-0.0037283315209176715
2024-01-22,18038.602465922108,2470.370087319508,17795.627815035754,17100.286279908883,1,0.017269638512334096,2983.5568975766896,0,0.0,50641.84934878233,49194.51393201187,32547.55176359818,1,0.017269638512334096
2024-01-23,17966.513683089113,5952.2817800578705,17815.505763848643,17127.966655477172,1,-0.003996361856146158,3020.1226885919227,0,-0.0,44689.56756872446,49193.04868285971,33025.73230525386,1,-0.003996361856146158
2024-01-24,18006.881695085136,1920.6819993910087,17842.501708359272,17159.15922058329,1,0.0022468472575187803,2930.870205214003,0,0.0,46610.24956811547,49472.90411702458,33607.52124857831,1,0.0022468472575187803
2024-01-25,18174.812222879733,948.8995014114519,17872.753840710742,17198.43859583916,1,0.009325908318730924,2899.6286390047817,0,0.0,47559.149069526924,49721.51798498022,34224.870081975954,1,0.009325908318730924
2024-01-26,17917.02691428548,3435.4970499943756,17875.44678895494,17228.0006848534,1,-0.014183657329330357,2958.572983222669,0,-0.0,44123.65201953255,49685.52649215433,34758.44488219196,1,-0.014183657329330357
2024-01-27,17601.542325533774,5989.03678014233,17858.840465850513,17255.27293494614,1,-0.017608088119807852,3013.5579240319676,-1,-0.0,38134.61523939022,49105.61626212348,35244.542867338765,1,-0.017608088119807852
2024-01-28,17333.00328358254,2787.4690449589516,17839.53047602016,17278.658261001503,1,-0.015256563145700897,3069.7710076722224,0,0.015256563145700897,35347.14619443127,48469.49294845239,35722.45560334858,1,-0.015256563145700897
2024-01-29,17551.847027687567,1166.531300281625,17827.22367091096,17306.425916738524,1,0.01262584103427189,3065.277807923242,0,0.0,36513.677494712894,47828.87643503231,36286.12925043865,1,0.01262584103427189
2024-01-30,17454.985730110693,1677.3427343137257,17799.424987416925,17331.76531792695,1,-0.005518581458924365,3012.0884785041853,0,-0.0,34836.33476039917,46967.336318761816,36790.86080473731,1,-0.005518581458924365
2024-01-31,17901.51905037188,6559.573286560709,17799.4443575022,17362.38053047726,1,0.0255819928566825,3149.0087230771737,1,0.0,41395.90804695988,46624.833286574394,37344.397500660474,1,0.0255819928566825
2024-02-01,17800.51015900696,981.8194284268178,17795.612812491127,17389.00840020152,1,-0.005642475986573969,3097.664346282139,0,-0.005642475986573969,40414.08861853306,46333.67463118201,37814.168993298066,1,-0.005642475986573969
2024-02-02,17833.36123248113,3833.2815364399835,17793.292529689217,17417.758372694403,1,0.0018455130319703361,3055.7313319954465,0,0.0,44247.37015497305,46000.58296150293,38388.66179818242,1,0.0018455130319703361
2024-02-03,18108.371270924603,2334.7334956011277,17811.739648244038,17451.540522029896,1,0.015421099525678716,3084.696154490287,0,0.0,46582.10365057417,45871.999818889126,39039.71566799012,1,0.015421099525678716
2024-02-04,18471.642019152066,1757.5028254455888,17842.600241878572,17490.619801640514,1,0.020060928881590945,2901.572522162693,0,0.0,48339.60647601976,45560.29304394772,39697.090336745656,1,0.020060928881590945
2024-02-05,18852.435580040357,2379.6819158808953,17893.580243692842,17536.714076141405,1,0.02061503576636392,2932.902026306142,0,0.0,50719.288391900656,45455.22495645097,40478.161170809304,1,0.02061503576636392
2024-02-06,19080.242045233896,2520.8791684967464,17952.209842228065,17582.295622856378,1,0.01208366230593172,2906.7200436185476,0,0.0,53240.1675603974,45323.97488626661,41260.878449564196,1,0.01208366230593172
2024-02-07,19275.635653853256,3956.601941795975,18028.555570876233,17629.79620353938,1,0.010240625258114422,3024.482076789273,0,0.0,57196.769502193376,45470.62297709113,42056.731347733374,1,0.010240625258114422
2024-02-08,19389.84898973217,4663.984022754911,18114.494128996834,17677.188538293718,1,0.0059252694920119975,3014.1626935838613,0,0.0,61860.75352494829,46093.98885339654,42870.88448736306,1,0.0059252694920119975
2024-02-09,19540.772026995735,863.8964890588027,18201.596210383017,17725.268217296052,1,0.0077836107616664485,2964.229287161137,0,0.0,62724.65001400709,46667.421323279246,43628.86550127392,1,0.0077836107616664485
2024-02-10,19433.066082722613,2766.352370190671,18286.63097293454,17768.295235502897,1,-0.005511857163285394,2948.3208379261537,0,-0.0,59958.29764381642,47256.76224239693,44317.9718729765,1,-0.005511857163285394
2024-02-11,19274.06495301906,1250.2377695205123,18348.40409728939,17808.163822408253,1,-0.008181988834222942,2887.314222036204,0,-0.0,58708.059874295905,47660.072768672595,44952.98476750252,1,-0.008181988834222942
2024-02-12,19273.41455790586,1732.0226851511381,18413.749141030225,17851.670411355884,1,-3.3744574109539904e-05,2676.301267290867,0,-0.0,56976.037189144765,48274.396249693615,45579.81735892066,1,-3.3744574109539904e-05
2024-02-13,19240.614170092824,331.5229014482899,18475.43576478061,17893.520325836213,1,-0.0017018462252492705,2596.843312393731,0,-0.0,56644.514287696475,48776.10948567267,46109.04341767324,1,-0.0017018462252492705
2024-02-14,19153.410309811126,3886.214342938573,18524.365669127183,17935.73300145558,1,-0.0045322804932727,2743.7090544700873,0,-0.0,52758.2999447579,49036.06702943421,46595.818471328086,1,-0.0045322804932727
2024-02-15,19286.79225496853,1402.8563551533516,18592.85393616133,17981.633034949464,1,0.006963874474567255,2642.0770197280362,0,0.0,54161.15629991125,49537.94224345316,47124.604542958834,1,0.006963874474567255
2024-02-16,19471.03998594642,2363.405793395588,18686.328819181967,18028.988158404725,1,0.009553052085705005,2460.795470390699,0,0.0,56524.562093306835,50457.43958614898,47618.32842061343,1,0.009553052085705005
2024-02-17,19488.253726126633,1621.1069211478937,18794.09134130917,18073.19812480723,1,0.0008840688629183635,2402.4773642001464,0,0.0,58145.66901445473,51597.36572715016,48111.81237097304,1,0.0008840688629183635
2024-02-18,19776.198537202526,2804.28277347939,18905.308916784918,18122.147484570498,1,0.014775300810552672,2484.3649378600344,0,0.0,60949.95178793412,52819.17944181121,48626.78051473279,1,0.014775300810552672
2024-02-19,19550.415831313858,1559.885101554711,19010.080421845072,18166.46704718936,1,-0.011416891141334928,2478.4920562220836,0,-0.0,59390.06668637941,54046.86603811022,49088.46918618309,1,-0.011416891141334928
2024-02-20,19512.554601728,1857.7866900314507,19090.63219941288,18205.36350186643,1,-0.0019365945927971584,2243.402726395621,0,-0.0,57532.27999634796,54853.68463557963,49495.714273783226,1,-0.0019365945927971584
2024-02-21,19372.684255023003,861.5721056894847,19169.240904213682,18241.239476956383,1,-0.007168223206028057,2237.3903602587543,0,-0.0,56670.70789065848,55666.51559918591,49829.64638871401,1,-0.007168223206028057
2024-02-22,19011.086009693052,3212.9305730811925,19228.12714307428,18263.621929559693,1,-0.018665366170730557,2206.3728120908145,0,-0.0,53457.77731757729,56127.03595731611,50043.091881371605,1,-0.018665366170730557
2024-02-23,18995.367513394092,1725.829621778768,19272.47695519775,18284.077156734347,1,-0.0008268068584269539,2175.9276183996967,0,-0.0,51731.947695798524,56384.52815957734,50214.397688663186,1,-0.0008268068584269539
2024-02-24,18972.24112673829,1022.1468374914439,19297.506910577064,18309.361165394694,1,-0.001217475083832742,2139.1598190019895,0,-0.0,50709.80085830708,56503.0378786917,50399.29115097283,1,-0.001217475083832742
2024-02-25,19259.376461358184,2817.580862153876,19317.853954642957,18337.23914144502,1,0.015134497432421234,2161.0547663156385,0,0.0,53527.38172046095,56643.44254511971,50548.34483000617,1,0.015134497432421234
2024-02-26,19380.866858448826,4660.835400105437,19332.8851953037,18366.024737885804,1,0.006308116845547884,2268.052577896073,0,0.0,58188.21712056639,56890.84502312816,50704.330775146416,1,0.006308116845547884
2024-02-27,19182.370573643806,1482.4281934409564,19328.22194129323,18387.707238201514,1,-0.010241868243292096,2144.343890478322,0,-0.0,56705.78892712543,56866.29599437477,50775.58184653946,1,-0.010241868243292096
2024-02-28,19538.029480496418,2210.8933813717217,19335.630965831442,18413.311147156157,1,0.0185409256633422,2021.6893584091624,0,0.0,58916.682308497155,56719.092433552214,50810.0892344572,1,0.0185409256633422
2024-02-29,19776.595403894957,4807.708393828429,19347.422134676402,18443.306564206163,1,0.012210336955253531,2218.8799536476436,1,0.0,63724.39070232558,56769.07946796814,50952.76557831893,1,0.012210336955253531
2024-03-01,19891.71451156531,7931.027764509299,19370.35455611854,18478.888808167572,1,0.005820977034686203,2477.1137233635754,0,0.005820977034686203,71655.41846683488,57353.93550911905,51256.70371388826,1,0.005820977034686203
2024-03-02,19846.66294120801,2737.501734137496,19398.98445552799,18514.33878928438,1,-0.002264840988498329,2551.4769215944243,0,-0.0,68917.91673269738,57864.42835203912,51573.00501757453,1,-0.002264840988498329
2024-03-03,19656.246269769803,2606.0731966242033,19418.126041121184,18549.12698200002,1,-0.009594392367234805,2595.179447168078,0,-0.0,66311.84353607318,58331.218669385555,51932.88786731296,1,-0.009594392367234805
2024-03-04,19583.084389232507,705.7313725806965,19435.249552078167,18584.395675072683,1,-0.00372206776071049,2613.889870724698,0,-0.0,65606.11216349248,58779.298563175355,52342.77072195753,1,-0.00372206776071049
2024-03-05,19796.294950215783,1699.5038314844526,19467.3937840984,18621.504431312107,1,0.010887486197041829,2504.5543451519925,0,0.0,67305.61599497694,59506.6643656863,52754.74979336691,1,0.010887486197041829
2024-03-06,20169.373213929972,1323.8879138508175,19511.522832046474,18659.941185720916,1,0.01884586305934599,2500.6059230868655,0,0.0,68629.50390882776,60230.081746132135,53151.183493913195,1,0.01884586305934599
2024-03-07,20480.635760747013,1992.1703170839414,19562.0026207865,18702.390635272994,1,0.015432435282721979,2482.0441492712825,0,0.0,70621.6742259117,60934.93735276237,53499.331067011604,1,0.015432435282721979
2024-03-08,20380.516291252447,1630.3274141291238,19606.615749042794,18746.745855457375,1,-0.00488849421786286,2482.5051739203445,0,-0.0,68991.34681178258,61477.22124262876,53848.02663941043,1,-0.00488849421786286
2024-03-09,20152.33247786128,1857.272533249602,19625.422446075732,18785.985011257206,1,-0.011196174332889997,2435.1546619088554,0,-0.0,67134.07427853298,61786.4273671587,54144.827748000745,1,-0.011196174332889997
2024-03-10,20180.724342754405,1531.4387020349538,19656.93787164776,18822.14776030325,1,0.0014088624691119822,2433.7323419328673,0,0.0,68665.51298056793,62250.19968186814,54421.467346246725,1,0.0014088624691119822
2024-03-11,19823.84046922141,1800.462368508083,19672.50216502243,18854.1929073125,1,-0.017684393655628572,2430.8661258566985,0,-0.0,66865.05061205984,62716.838212653725,54731.785378269255,1,-0.017684393655628572
2024-03-12,19887.904721329433,2835.0103047585326,19698.26318833775,18887.705635014183,1,0.0032316771418479107,2529.538035810151,0,0.0,69700.06091681837,63368.30586396173,55122.83203144321,1,0.0032316771418479107
2024-03-13,19858.549659600136,5672.374997906764,19740.6363708331,18920.685347865532,1,-0.001476025862986674,2652.51025705143,0,-0.0,64027.68591891161,63896.801294028446,55341.47340428249,1,-0.001476025862986674
2024-03-14,19766.00156944477,1578.6065902331452,19779.16807363564,18954.46155902581,1,-0.004660365018682389,2645.1491054741487,0,-0.0,62449.07932867846,64432.65787567243,55563.06195137963,1,-0.004660365018682389
2024-03-15,19450.792536140827,2604.381613734374,19803.095644105764,18981.0675988538,1,-0.015947030672668117,2724.260844286295,0,-0.0,59844.697714944086,64889.40271850429,55650.911213714564,1,-0.015947030672668117
2024-03-16,19550.6918273351,2315.411090847679,19817.66141240461,19009.69853691347,1,0.0051360010656971156,2699.1523557209853,0,0.0,62160.108805791766,65321.03907277082,55806.56885811383,1,0.0051360010656971156
2024-03-17,19446.545127811172,3486.4658127312327,19820.94532587273,19035.346787801496,1,-0.005327008396619148,2640.433876352275,0,-0.0,58673.64299306053,65345.31036639553,55853.376758596765,1,-0.005327008396619148
2024-03-18,19219.03672239691,3562.9601374834797,19822.778633310383,19059.85204849328,1,-0.01169916835710283,2744.4604735544017,0,-0.0,55110.68285557705,65265.55506281811,55867.49134476133,1,-0.01169916835710283
2024-03-19,18667.015592862783,3860.7264905820903,19779.2279389287,19076.451011252324,1,-0.0287226221328164,2826.9521290149196,0,-0.0,51249.956364994956,64882.218765643,55898.43335086391,1,-0.0287226221328164
2024-03-20,18661.879381246617,4242.262912308718,19723.492137796282,19090.836827618572,1,-0.0002751490505064069,2798.679854938934,0,-0.0,47007.69345268624,64046.383903161026,55827.62823146947,1,-0.0002751490505064069
2024-03-21,18992.614836549343,5146.271458593311,19678.537154045487,19111.84089436619,1,0.017722515966697383,2659.442039643135,1,0.0,52153.96491127955,63071.31122538327,55894.00299229974,1,0.017722515966697383
2024-03-22,19308.131400605103,3040.387136083815,19651.61057701534,19132.999709944237,1,0.016612592145478722,2674.586309740451,0,0.016612592145478722,55194.35204736337,62385.132991116574,55969.8780372761,1,0.016612592145478722
2024-03-23,19219.87465475618,1953.2302351131043,19629.79199626466,19153.88905947202,1,-0.004570962565862757,2641.9441616648955,0,-0.0,53241.12181225026,61731.59690492542,56112.40394133486,1,-0.004570962565862757
2024-03-24,19104.13025159882,1595.719578278266,19605.844289382974,19172.176535413913,1,-0.006022120603617731,2686.443571949774,0,-0.0,51645.402233971996,61033.561408449394,56196.32315243247,1,-0.006022120603617731
2024-03-25,19193.685496065358,1949.5465529692412,19575.713816675452,19189.157756633682,1,0.00468774256075033,2698.9457080240136,0,0.0,53594.94878694124,60348.02804804762,56296.91981438937,1,0.00468774256075033
2024-03-26,19002.058534829048,3914.648190381753,19517.34808272041,19207.241616976073,1,-0.009983854391882874,2828.483721850561,0,-0.0,49680.300596559486,59400.56788243421,56389.5306240065,1,-0.009983854391882874
2024-03-27,19059.405208286116,1869.0096372725816,19446.286555097362,19231.53933168861,1,0.003017918998194702,2822.3256878599927,0,0.0,51549.31023383207,58446.94968283023,56613.10887391386,1,0.003017918998194702
2024-03-28,19205.41555276422,1703.3688238495424,19387.531518172953,19262.746202841638,1,0.007660802783846954,2825.9777583460136,0,0.0,53252.67905768161,57660.01629512517,56911.53442163469,1,0.007660802783846954
2024-03-29,19441.053176966125,2421.4078410791153,19351.96755312819,19294.23297199628,1,0.012269332238842745,2854.184523737489,0,0.0,55674.086898760725,57087.016926136566,57230.87457836883,-1,0.012269332238842745
2024-03-30,19421.58216969876,2568.0730299530424,19314.01044447541,19327.00957932275,-1,-0.0010015407647995245,2906.0162401333937,0,-0.0,53106.013868807684,56309.04197054855,57535.36923017564,-1,0.0010015407647995245
2024-03-31,19382.02550495003,1425.5280213859053,19291.91969626184,19351.684686899054,-1,0.002036737501769803,2887.2695227772847,0,-0.0,51680.485847421776,55549.813732316645,57706.77886018333,-1,0.002036737501769803
2024-04-01,19211.854696055856,1633.0232194770608,19258.117194998165,19375.207095849866,-1,0.008779825867565427,2827.170168513211,0,-0.0,50047.46262794472,54567.18381787297,57867.33509367353,-1,0.008779825867565427
2024-04-02,19052.995643927483,5598.128098349565,19217.83949421453,19395.534336040637,-1,0.008268803540398717,2823.457823535351,0,-0.0,44449.33452959515,53588.26624840715,57870.701166583895,-1,0.008268803540398717
2024-04-03,19009.84463051907,3951.7836992288862,19180.031647268246,19410.558892033878,-1,0.0022647889190152704,2942.1166789851386,0,-0.0,40497.550830366265,52490.68982349152,57769.291952913765,-1,0.0022647889190152704
2024-04-04,19079.680242590945,4399.870654603091,19161.476032590752,19420.69286242453,-1,-0.003673655068161752,3031.891131028574,0,0.0,44897.42148496935,51743.326011992795,57711.922203062924,-1,-0.003673655068161752
2024-04-05,19253.98926802172,1560.4286620118892,19146.640904625085,19427.385423890886,-1,-0.009135846262332548,2994.1420095867848,0,0.0,46457.85014698124,50958.213079052264,57640.89823231427,-1,-0.009135846262332548
2024-04-06,19099.345279054713,5569.584450959122,19129.28091218726,19427.70381112123,-1,0.008031789506803722,3098.297941498179,0,-0.0,40888.26569602212,50068.944214200346,57435.03320124135,-1,0.008031789506803722
2024-04-07,19384.439022781273,5488.632427062602,19137.55102720648,19429.517200603368,-1,-0.014926885689595215,3194.5815559771354,1,0.0,46376.89812308472,49632.25497757573,57254.702011589536,-1,-0.014926885689595215
2024-04-08,19331.883233660807,1081.41008116056,19170.79440924638,19428.55110466884,-1,0.002711236010425777,3055.6157355060586,0,-0.002711236010425777,45295.48804192416,49334.53156142219,56978.614253539134,-1,0.002711236010425777
2024-04-09,19327.752533267176,2070.6604770990925,19204.088066847406,19425.000779773363,-1,0.00021367294348428878,2947.0356137455774,0,-0.0,43224.82756482507,49145.388267029135,56653.61721271943,-1,0.00021367294348428878
2024-04-10,19183.333309021815,2857.7591216533583,19213.62399047103,19420.83856687835,-1,0.007472116791478189,2832.6099968985795,0,-0.0,40367.06844317171,48556.04344362374,56327.096726042015,-1,0.007472116791478189
2024-04-11,18718.28321968216,1987.637378093829,19184.131581424885,19411.575537989404,-1,0.024242402602729474,2779.97250899908,0,-0.0,38379.43106507788,47715.29739450946,55988.28624588838,-1,0.024242402602729474
2024-04-12,18883.76134076358,3731.416330192532,19167.325915725254,19405.081317703698,-1,-0.00884045396361044,2868.8818137530516,0,0.0,42110.84739527041,47158.783673660466,55740.53308265715,-1,-0.00884045396361044
2024-04-13,19022.905183744493,3606.8775046714495,19163.264662332534,19401.452834597894,-1,-0.007368438970924096,2969.439710072711,0,0.0,45717.72489994186,46862.39980695896,55558.41992619457,-1,-0.007368438970924096
2024-04-14,18969.38850929815,2238.392794240092,19152.049812994177,19398.385804589347,-1,0.002813275571182161,2983.8820221362535,0,-0.0,43479.33210570177,46356.61897289699,55403.7704622103,-1,0.002813275571182161
2024-04-15,18982.0962387137,4222.19470822451,19151.051698188407,19393.307537651763,-1,-0.0006699071722486849,2999.2593480283913,0,0.0,47701.52681392628,46257.68028376533,55296.109970777215,-1,-0.0006699071722486849
2024-04-16,19080.032317551562,1592.1115577755768,19152.08305365168,19386.790743178517,-1,-0.0051593921770412,2985.414444053541,0,0.0,49293.638371701854,46144.89669065882,55175.59457541714,-1,-0.0051593921770412
2024-04-17,18781.898063081047,2580.148983178396,19130.907179167523,19375.018148794425,-1,0.015625458568865436,3029.253452019984,0,-0.0,46713.489388523456,45817.937207200914,54985.05824831828,-1,0.015625458568865436
2024-04-18,18682.531928521865,3670.4598693526145,19092.98111674531,19356.79037198308,-1,0.005290526773462978,3091.706053433659,0,-0.0,43043.02951917084,45186.38433822142,54686.609543838895,-1,0.005290526773462978
2024-04-19,18830.920680889183,3048.4734558955497,19063.44804230483,19344.798786142666,-1,-0.007942646796218256,3115.726074730784,0,0.0,46091.502975066396,44835.65879353435,54464.96681531701,-1,-0.007942646796218256
2024-04-20,18594.7264345034,586.1988211373795,19024.0830887825,19329.50165002226,-1,0.012542894231692525,3073.7596147183576,0,-0.0,45505.30415392901,44526.89970885972,54264.51721794336,-1,0.012542894231692525
2024-04-21,18649.312728916568,3942.4428456675228,18995.955990425537,19317.445457920483,-1,-0.002935579321666326,3189.230596027881,0,0.0,49447.74699959654,44496.91392744231,54144.13453642566,-1,-0.002935579321666326
2024-04-22,18396.31954574877,1332.7698951504399,18963.1221855166,19307.199350188075,-1,0.013565818046233913,2975.962685867925,0,-0.0,48114.977104446094,44680.196056184854,54055.087866206806,-1,0.013565818046233913
2024-04-23,18482.125495774424,2558.1984996278134,18936.73622877937,19298.645316561084,-1,-0.004664299824335361,2906.283425887871,0,0.0,50673.175604073906,45188.97729487023,54037.44166467807,-1,-0.004664299824335361
2024-04-24,18475.538192287648,1699.2341438250787,18906.529126264202,19290.366934320242,-1,0.00035641482297488203,2771.2516003489704,0,-0.0,48973.941460248825,45392.80329363421,54008.51067471042,-1,0.00035641482297488203
2024-04-25,18177.133896784235,1073.7430400999579,18852.68635770233,19272.329558244008,-1,0.016151318159055128,2746.9173192533735,0,-0.0,47900.19842014887,45464.920707292586,53914.724286371886,-1,0.016151318159055128
2024-04-26,18388.85012879246,3219.739775943607,18817.161600189218,19255.795946083068,-1,-0.011647393544572004,2629.425085502598,0,0.0,51119.93819609247,45976.50433229611,53796.91963763066,-1,-0.011647393544572004
2024-04-27,18253.76718467633,2620.5509379560203,18760.62800828397,19240.31922293361,-1,0.007345915767980604,2486.021011047269,0,-0.0,48499.387258136456,46082.62878904869,53660.146276480846,-1,0.007345915767980604
2024-04-28,18105.86559121556,4796.896705961999,18699.327126161705,19216.449824778927,-1,0.008102524370143804,2671.795342287341,0,-0.0,43702.49055217446,46002.97891456121,53406.57641387546,-1,0.008102524370143804
2024-04-29,18142.180380483576,5618.025647862432,18640.048518522526,19189.20957438874,-1,-0.002005691972309487,2849.1636008255077,0,0.0,49320.51620003689,46307.7633463218,53166.51183883732,-1,-0.002005691972309487
2024-04-30,18350.568240334538,5198.938086341666,18598.41026508816,19163.52380320156,-1,-0.011486373494287161,2966.2225490599235,1,0.0,54519.454286378554,47015.38263848214,52880.91243582972,-1,-0.011486373494287161
2024-05-01,18164.159164242697,2536.8670438602176,18570.70406231619,19135.482073585466,-1,0.01015821818978413,2993.684032348243,0,-0.01015821818978413,51982.58724251833,47695.540447354164,52598.656944326736,-1,0.01015821818978413
2024-05-02,18175.36279034135,1179.6376308621197,18535.28413479508,19110.800682261663,-1,-0.0006167984984797314,2866.0950973817226,0,0.0,53162.22487338045,48248.10932125967,52379.49663328185,-1,-0.0006167984984797314
2024-05-03,18253.301744981276,2096.6640228755014,18496.803962856917,19088.63763819081,-1,-0.004288165003305533,2790.584423291925,0,0.0,55258.88889625595,48725.167521075375,52207.04291216124,-1,-0.004288165003305533
2024-05-04,18379.8164028864,2226.231201839314,18467.32535753633,19065.02966240199,-1,-0.006931056072631447,2789.976343671886,0,0.0,57485.12009809526,49425.45692069505,52043.36798054655,-1,-0.006931056072631447
2024-05-05,18412.246036804754,4814.52792312135,18438.832847440885,19035.744209449902,-1,-0.0017644155527722916,2819.593004416728,0,0.0,62299.64802121661,50155.36298105956,51937.87038241969,-1,-0.0017644155527722916
2024-05-06,18344.667968049165,6763.51429800369,18402.064629965764,19000.14474623827,-1,0.003670278390833226,3078.1631414281337,0,-0.0,55536.13372321292,50467.48774863512,51686.444707374714,-1,0.003670278390833226
2024-05-07,18192.84928993511,1690.7282954531593,18372.612191308464,18963.683629549647,-1,0.008275902206487218,3033.6921070418716,0,-0.0,53845.40542775976,50824.08355059693,51434.01235097434,-1,0.008275902206487218
2024-05-08,18208.521316750237,4824.755402173237,18348.911660719885,18931.28677686446,-1,-0.0008614388304637455,3091.406883682903,0,0.0,58670.160829933,51605.44011613504,51292.94712683101,1,-0.0008614388304637455
2024-05-09,18013.300656207644,1778.9771787957372,18308.030659485805,18895.163048755352,-1,0.010721390119855956,3027.932069827912,0,-0.0,56891.18365113726,52145.42414993858,51096.70830467382,1,-0.010721390119855956
2024-05-10,17487.06901039418,2202.651686135059,18252.64778828035,18856.216857774896,-1,0.029213504834946225,3108.754713077796,0,-0.0,54688.5319650022,52604.58554049224,50893.76632722286,1,-0.029213504834946225
2024-05-11,17563.410524618877,4897.557212280176,18198.35267806546,18817.47528782972,-1,-0.004365598041576879,3156.5104314084288,0,0.0,59586.089177282374,53111.50264937653,50725.200131563935,1,0.004365598041576879
2024-05-12,17722.172311633905,5122.74785388785,18164.645316359718,18781.86899869695,-1,-0.009039348410861958,3346.009329345299,0,0.0,64708.837031170224,53941.195645712745,50736.55265010157,1,0.009039348410861958
2024-05-13,17303.409353799692,2215.1696941120845,18105.70950926098,18740.825795102865,-1,0.023629324355418424,3328.8578890695126,0,-0.0,62493.66733705814,54532.22023236195,50737.29578357458,1,-0.023629324355418424
2024-05-14,17128.691516592728,3895.209986476751,18038.367175476236,18702.124111443733,-1,0.010097307047099213,3438.6566812020965,0,-0.0,58598.45735058139,55013.446026878584,50716.52511083519,1,-0.010097307047099213
2024-05-15,17234.744539972147,3472.4858957361857,17991.24770763563,18663.52498998768,-1,-0.006191542610052059,3558.593823983908,0,0.0,62070.943246317576,55721.98326818702,50715.0390181773,1,0.006191542610052059
2024-05-16,17589.34862809846,1137.5689033595072,17951.272632600932,18632.57171499247,-1,-0.02057495469711723,3454.485280354703,0,0.0,63208.51214967708,56326.411965866246,50790.62017078756,1,0.02057495469711723
2024-05-17,17593.006105834196,1308.6016716025251,17918.234578658823,18605.471204716425,-1,-0.00020793707675403894,3388.8878170370285,0,0.0,64517.11382127961,57127.2982940234,50947.39402021594,1,0.00020793707675403894
2024-05-18,17464.9285039331,1845.780486668875,17886.1877242947,18585.43641990093,-1,0.007280029412291444,3241.3320060723718,0,-0.0,62671.33333461073,58075.74043314522,51137.75030304286,1,-0.007280029412291444
2024-05-19,17432.985771257903,1695.6203683837975,17850.727993833418,18564.95485973445,-1,0.001828964411048295,3045.2117420984405,0,-0.0,60975.712966226936,58658.50027145471,51370.550628268546,1,-0.001828964411048295
2024-05-20,17672.667781780383,2196.799752516166,17816.83297090571,18542.955742154965,-1,-0.013748764191481744,2895.104825407165,0,0.0,63172.5127187431,59091.153193072954,51554.19309172628,1,0.013748764191481744
2024-05-21,17558.5086784144,4678.1055690157045,17786.550446614296,18513.795363451787,-1,0.006459641791245252,3002.1667516649395,0,-0.0,58494.4071497274,59416.7441884334,51609.19401009901,1,-0.006459641791245252
2024-05-22,17418.18248056952,4320.608920595878,17748.691431125706,18483.76716054868,-1,0.007991920066502511,3159.2153161516276,0,-0.0,54173.79822913152,59467.322856220955,51624.738617047034,1,-0.007991920066502511
2024-05-23,17334.097332962727,5469.890119687194,17702.731210524777,18454.266611904743,-1,0.004827435221820275,3327.876620992212,0,-0.0,48703.908109444325,59139.57381688037,51575.71371497156,1,-0.004827435221820275
2024-05-24,17168.846424104184,6446.976603209388,17642.182711585665,18420.51929403872,-1,0.009533286082587078,3538.9138910607157,0,-0.0,42256.931506234934,58378.164387287354,51386.746760293136,1,-0.009533286082587078
2024-05-25,17189.907502265294,3714.4181746610257,17581.065784858692,18390.316776829328,-1,-0.001226703159947995,3483.9084036377,0,0.0,45971.34968089596,57561.74947027132,51324.930911698735,1,0.001226703159947995
2024-05-26,17469.188226485443,1516.8832159541273,17537.291797780505,18363.813160465983,-1,-0.01624678458469564,3221.5768495352213,0,0.0,47488.23289685009,57159.354428953186,51257.24628941571,1,0.01624678458469564
2024-05-27,17525.627552826845,3851.4685826536474,17503.930710925095,18335.816693800363,-1,-0.003230792731160337,3329.6138638952457,0,0.0,51339.70147950373,57034.06923154039,51225.36332977941,1,0.003230792731160337
2024-05-28,17481.401017927677,1924.492738421154,17467.574695983967,18303.155824483056,-1,0.0025235350212629015,3184.6007307076416,0,-0.0,49415.20874108258,56571.32162709786,51121.048693818106,1,-0.0025235350212629015
2024-05-29,17430.388319793048,5283.769512219847,17438.429079163237,18269.96926031796,-1,0.0029181126891554277,3359.840347378847,0,-0.0,44131.43922886273,55933.33440598413,50971.47244981902,1,-0.0029181126891554277
2024-05-30,17157.918091657906,2132.4095529505557,17421.97153322642,18232.900803429755,-1,0.015631908086966684,3356.3282407196216,0,-0.0,41999.02967591217,55298.85929152963,50810.11484696053,1,-0.015631908086966684
2024-05-31,17309.44134388024,1636.7899865314375,17409.27307418949,18201.193914226827,-1,-0.008831097771471619,3193.289879432185,0,0.0,43635.81966244361,54501.345815787696,50703.25413086884,1,0.008831097771471619
2024-06-01,17295.968159919586,3385.5473035155915,17387.962866603775,18171.910122826695,-1,0.0007783719701281999,3106.4298519135723,0,-0.0,40250.27235892802,53278.41758217558,50633.269761357726,1,-0.0007783719701281999
2024-06-02,17264.752411529902,1636.7134460905459,17386.030019490285,18142.82525251021,-1,0.0018047991359062543,3077.5070395124953,0,-0.0,38613.55891283748,52084.41216096455,50601.869896065575,1,-0.0018047991359062543
2024-06-03,17816.03452735214,4754.660168688383,17420.397170028256,18121.76449058956,-1,-0.03193107567844855,3120.479548623077,1,0.0,43368.21908152586,51322.900247511774,50576.38318934152,1,0.03193107567844855
2024-06-04,17869.260448658042,3236.7134561540406,17452.122965462553,18098.685676933503,-1,-0.002987529083656959,3108.6909266439698,0,0.002987529083656959,46604.932537679895,50549.59971207989,50578.83456251983,-1,0.002987529083656959
2024-06-05,17734.920947886832,2114.568465117875,17459.40158145197,18075.94527141404,-1,0.007517910500951852,3157.540904731888,0,-0.0,44490.36407256202,49613.692308224134,50638.86953546215,-1,0.007517910500951852
2024-06-06,17659.30676524447,2175.1307145061332,17462.716614422483,18047.19306712176,-1,0.004263575962055399,3200.8673568770682,0,-0.0,42315.233358055884,48503.59828506295,50571.175122711684,-1,0.004263575962055399
2024-06-07,17862.114316063813,2607.8593977940836,17482.575905029018,18022.696918495138,-1,-0.01148445709196766,3238.9713024333287,0,0.0,44923.09275584997,47616.186256124915,50564.968534610445,-1,-0.01148445709196766
2024-06-08,17882.346806280344,4164.13617008451,17505.04395678014,17998.60682304536,-1,-0.001132704105377691,3362.397092518364,0,0.0,49087.228925934476,47021.76205411028,50662.67522396227,-1,-0.001132704105377691
2024-06-09,17625.148950159277,3795.893148883994,17502.668015199084,17972.637083730988,-1,0.014382779783173594,3442.351762336756,0,-0.0,45291.33577705048,46127.70320702566,50744.746346193584,-1,0.014382779783173594
2024-06-10,17787.164419071116,3401.652738222451,17514.100802231922,17957.118437054138,-1,-0.009192289345751892,3378.5291207970927,0,0.0,48692.98851527293,45637.63227530294,50916.6389703635,-1,-0.009192289345751892
2024-06-11,17668.32053202,4075.8921807094675,17526.607704804443,17936.861090241742,-1,0.0066814408553896865,3366.2932838027727,0,-0.0,44617.09633456347,45159.797180574526,50958.40978601838,-1,0.0066814408553896865
2024-06-12,17999.300787641318,1549.7424009684576,17559.867877538374,17919.801016973353,-1,-0.018732977762175418,3170.285897866836,0,0.0,46166.83873553192,45032.943711878914,50965.895016611554,-1,-0.018732977762175418
2024-06-13,18193.7018876404,3941.756662802683,17611.11065071518,17906.872906612392,-1,-0.01080048065714645,3045.0249008465007,0,0.0,50108.595398334604,45425.526906483894,51076.38273815543,-1,-0.01080048065714645
2024-06-14,18112.317475466105,3616.6025357498334,17657.231149375224,17892.376593891597,-1,0.004473218956587477,3040.134118900941,0,-0.0,46491.99286258477,45451.55906556833,51056.22383896641,-1,0.004473218956587477
2024-06-15,18344.339225816235,3583.9408442519766,17700.988699341768,17880.115042362675,-1,-0.012810163617351211,3143.487000315833,0,0.0,50075.933706836746,45580.94410606767,51069.26209455198,-1,-0.012810163617351211
2024-06-16,18356.78687085079,3201.742837558854,17742.54666524296,17873.029855825505,-1,-0.0006785551052739258,3111.000713061094,0,0.0,53277.6765443956,45677.842859312266,51178.66521381653,-1,-0.0006785551052739258
2024-06-17,18513.328716883698,2375.143246740177,17794.143050190763,17870.209802298206,-1,-0.008527736751222204,3133.533238477045,0,0.0,55652.81979113578,45989.72341181492,51388.828385015935,-1,-0.008527736751222204
2024-06-18,18603.06889674803,3824.5128383929436,17852.77707903851,17866.412272562517,-1,-0.004847328172944421,3060.5704047856993,0,0.0,59477.33262952872,46757.01808184822,51611.925545923645,-1,-0.004847328172944421
2024-06-19,18445.620585107867,1945.3663825936521,17917.162203711014,17863.927175072593,1,0.008463566549908763,3051.2182462678547,0,-0.0,57531.966246935066,47533.66491039937,51812.369914140414,-1,0.008463566549908763
2024-06-20,18326.91382476249,1582.3849223214336,17968.035827755124,17858.553860003358,1,-0.006435498323174582,3048.4979930573545,0,-0.0,55949.58132461363,48149.35299350787,51920.73381955736,-1,0.006435498323174582
2024-06-21,18515.673856229405,1124.8322863609953,18029.021112570616,17860.543098511367,1,0.010299608175811326,2935.462242199624,0,0.0,57074.413610974625,48990.56005611019,52070.05776133284,-1,-0.010299608175811326
2024-06-22,18453.68794758545,796.3218412793834,18088.46788937339,17860.069139374886,1,-0.0033477533210652943,2893.4426619590663,0,-0.0,56278.09176969524,49873.78669895309,52163.47303075986,-1,0.0033477533210652943
2024-06-23,18379.19991977355,979.9451105566076,18116.626158994462,17858.463501499653,1,-0.004036484632419901,2704.7069090524774,0,-0.0,55298.146659138634,50470.28307783372,52268.87645074136,-1,0.004036484632419901
2024-06-24,18203.656031436032,4237.11254878358,18133.34593813336,17858.90553707718,1,-0.009551225793493656,2754.7268636839544,0,-0.0,51061.03411035505,50693.088156467486,52321.55704557813,-1,0.009551225793493656
2024-06-25,18280.766548289044,3295.3686141083485,18160.638218153472,17857.10414406879,1,0.004235990655934607,2813.766871133478,0,0.0,54356.4027244634,51186.39008906255,52375.49812105098,-1,-0.004235990655934607
2024-06-26,18657.81191377617,3921.5098590821003,18210.563475580057,17863.838222887123,1,0.020625249192431472,2901.0858283622765,0,0.0,58277.9125835455,51984.52405033704,52538.47354314113,-1,-0.020625249192431472
2024-06-27,18458.633630516957,2535.4231650916686,18240.389441302712,17869.717690208814,1,-0.010675329142542656,2897.4640167271564,0,-0.0,55742.48941845383,52525.49388346722,52739.14019091245,-1,0.010675329142542656
2024-06-28,18463.10421129148,2151.1237913312507,18269.42731155327,17875.066420722276,1,0.00024219456672747164,2796.813397789493,0,0.0,57893.61320978508,52965.81309765975,52882.02514107492,1,-0.00024219456672747164
2024-06-29,18723.843964131112,4195.454856761056,18324.36206225186,17881.287682785554,1,0.014122205554154332,2816.791483183346,0,0.0,62089.06806654613,53805.699712134534,53008.18537074437,1,0.014122205554154332
2024-06-30,18708.9320343034,2416.528178239834,18370.450443013477,17890.367230619897,1,-0.0007964139124571057,2767.535255184215,0,-0.0,59672.5398883063,54354.6772807862,53136.35124817418,1,-0.0007964139124571057
2024-07-01,18793.565966206123,1296.805745987798,18426.71271472278,17900.67061688431,1,0.004523717962497287,2628.5809334481314,0,0.0,60969.3456342941,55172.28974577274,53266.46992752274,1,0.004523717962497287
2024-07-02,18593.904337673135,632.7902244553009,18456.442892224375,17906.34732676251,1,-0.010623935281468766,2582.733324622474,0,-0.0,60336.555409838795,55880.77557948808,53351.09770274912,1,-0.010623935281468766
2024-07-03,18673.54334959939,5670.2436083022585,18480.434965322325,17911.24277587439,1,0.004283070972076475,2669.1576718974525,0,0.0,66006.79901814106,56675.68576047841,53493.12568474989,1,0.004283070972076475
2024-07-04,18638.596884147475,4052.0704845406026,18506.748935756394,17915.01528999677,1,-0.0018714426500455739,2690.931069336991,0,-0.0,61954.72853360046,57448.82254402919,53487.377026622955,1,-0.0018714426500455739
2024-07-05,18822.323124408373,2764.278717243788,18530.648130686,17922.97620926942,1,0.009857299956798737,2649.947962986582,0,0.0,64719.007250844246,58180.97622122957,53640.42491875014,1,0.009857299956798737
2024-07-06,19045.81676376804,5701.826185009577,18565.099625331863,17937.192333833304,1,0.011873860515647428,2774.9521303591177,1,0.0,70420.83343585383,59038.13406580248,53916.68205221837,1,0.011873860515647428
2024-07-07,19539.020310008065,3947.754253003575,18616.38420498808,17959.367317054268,1,0.025895636420186108,2853.582680672288,0,0.025895636420186108,74368.5876888574,59973.922460688555,54178.32249986711,1,0.025895636420186108
2024-07-08,19652.27495344581,2696.110219481018,18668.844507822967,17986.68355534157,1,0.005796331732135673,2797.1625497266914,0,0.0,77064.69790833842,60853.29072462905,54514.54773748713,1,0.005796331732135673
2024-07-09,19716.301341368733,1558.005343666951,18732.378545636013,18023.837427524482,1,0.003257963165821609,2777.7944977803563,0,0.0,78622.70325200538,61907.82757488256,54913.450592270514,1,0.003257963165821609
2024-07-10,19754.626736028036,4193.723302504215,18803.76419119929,18060.357697714637,1,0.0019438430157734388,2908.3614167894957,0,0.0,82816.42655450958,63251.169836377354,55300.622881890966,1,0.0019438430157734388
2024-07-11,19684.860053125816,3168.136367280205,18862.22350104411,18093.06916007283,1,-0.0035316629281069156,3010.526620835456,0,-0.0,79648.29018722937,64379.86366519008,55549.61376782529,1,-0.0035316629281069156
2024-07-12,19751.49012401369,1279.8284854233523,18927.113609865522,18133.870506243067,1,0.003384838434616899,3034.701953042654,0,0.0,80928.11867265272,65612.36501033798,55856.85462341853,1,0.003384838434616899
2024-07-13,19693.143943663883,7361.231454339877,18992.810811060037,18176.61138002759,1,-0.00295401410139029,3353.766270231818,0,-0.0,73566.88721831284,66525.80203829668,56106.328454547394,1,-0.00295401410139029
2024-07-14,19726.319206209562,5276.258630990201,19068.943969798715,18218.137624464875,1,0.001684609762696354,3405.723574342149,0,0.0,78843.14584930304,67914.90762524407,56385.86516459715,1,0.001684609762696354
2024-07-15,19986.23270193674,2769.5558176635454,19154.217277481097,18258.085692362176,1,0.013175975356079617,3379.4329345199085,0,0.0,81612.70166696658,69277.72257236924,56692.601656551975,1,0.013175975356079617
2024-07-16,19785.062762595906,1148.9190893873395,19210.579819922084,18294.619969974872,1,-0.010065425652796556,3240.8033960351704,0,-0.0,80463.78257757923,70387.01607207092,56958.379469156964,1,-0.010065425652796556
2024-07-17,20010.588451332664,3753.544682828498,19288.177560962875,18337.047635764866,1,0.011398785611290485,3301.709471922012,0,0.0,84217.32726040772,71810.7579641686,57317.47936792025,1,0.011398785611290485
2024-07-18,20274.15092688854,4111.702279643032,19378.729896742727,18384.40038835871,1,0.01317115067339869,3399.7383963376005,0,0.0,88329.02954005075,73332.5287806819,57773.367977483984,1,0.01317115067339869
2024-07-19,20250.213535529212,5603.98714219207,19455.04837531263,18427.359484254524,1,-0.001180685269910775,3470.165010609152,0,-0.0,82725.04239785868,74364.32749724752,58099.2434721359,1,-0.001180685269910775
2024-07-20,19820.533387565887,1508.409258689641,19510.628442975754,18465.05989607372,1,-0.021218548990085795,3424.759064631642,0,-0.0,81216.63313916903,75441.53215979066,58477.94723862659,1,-0.021218548990085795
2024-07-21,19700.05982767687,4687.727491297224,19555.95313604929,18503.09118519217,1,-0.006078219870944368,3594.305151897114,0,-0.0,76528.90564787181,76219.51016046955,58850.53236227227,1,-0.006078219870944368
2024-07-22,19955.568529311113,3511.597233192558,19624.03634563119,18546.78237179798,1,0.012969945465611143,3738.2455023339767,0,0.0,80040.50288106437,77204.70753403082,59372.80894179927,1,0.012969945465611143
2024-07-23,19951.005077467733,2825.527831847742,19687.909432024608,18593.151682687374,1,-0.00022868062298886382,3596.0097135112505,0,-0.0,77214.97504921663,77765.11633558461,59955.443000848965,1,-0.00022868062298886382
2024-07-24,19751.63423836333,3515.0350413760425,19743.5612997354,18635.847128289006,1,-0.009993022322948852,3569.1579413530226,0,-0.0,73699.94000784059,78352.37690929661,60417.58617296471,1,-0.009993022322948852
2024-07-25,19651.932942195348,1850.323569926483,19785.04179062475,18672.226206884174,1,-0.005047749212282127,3523.4601839871575,0,-0.0,71849.61643791411,78708.9073686501,60823.609231982446,1,-0.005047749212282127
2024-07-26,19817.13102610269,3466.177110075647,19823.60750374148,18710.41793143877,1,0.008406200265045571,3411.677730240461,0,0.0,75315.79354798976,78953.65537425691,61223.21076645721,1,0.008406200265045571
2024-07-27,19925.477933676844,1014.2978688815684,19842.93038492492,18751.152546701254,1,0.005467335682013852,3265.0049110343602,0,0.0,76330.09141687132,79051.7305606576,61671.79214438703,1,0.005467335682013852
2024-07-28,19877.869570980314,1880.0605394726642,19854.21011580165,18791.943900887705,1,-0.002389320991697086,3224.202427033943,0,-0.0,74450.03087739866,78920.99720911062,62177.10200519595,1,-0.002389320991697086
2024-07-29,19804.952692845272,3726.0417643543865,19858.642683375474,18836.061144240834,1,-0.003668244118147035,3332.604248068315,0,-0.0,70723.98911304427,78526.06150216256,62655.85132914816,1,-0.003668244118147035
2024-07-30,19727.365176756775,3386.0836262167845,19857.279605411906,18876.359874788774,1,-0.003917581490438304,3292.2222642539427,0,-0.0,67337.90548682748,77752.13544877846,63050.886092887886,1,-0.003917581490438304
2024-07-31,19545.39795123316,3678.954632231699,19850.306500317278,18913.850371310666,1,-0.009224101844985011,3317.763177501518,0,-0.0,63658.95085459579,76952.66848214678,63441.030734482345,1,-0.009224101844985011
2024-08-01,19861.12955814744,4316.35790517993,19855.78847202396,18957.12332375429,1,0.01615375689469456,3469.589648489347,0,0.0,67975.30875977571,76305.02798650292,63930.393231931324,1,0.01615375689469456
2024-08-02,19797.113072164946,2419.560875814556,19860.98692844902,18990.141299501174,1,-0.003223204692113457,3222.5061195630806,0,-0.0,65555.74788396116,75904.47101978533,64300.18537863858,1,-0.003223204692113457
2024-08-03,20038.07532080026,3551.926383047118,19876.574734178554,19026.28821403688,1,0.012171585208254898,3136.2895071659264,0,0.0,69107.67426700827,75417.6974406706,64675.23107412738,1,0.012171585208254898
2024-08-04,20342.917777151906,6115.833854158542,19894.40898793931,19069.75482785796,1,0.0152131605192245,3303.603408990676,1,0.0,75223.50812116681,75098.23776338062,65187.45014160414,1,0.0152131605192245
2024-08-05,20546.003342322492,3658.00909931996,19932.45601692564,19117.86643747593,1,0.009983108981479694,3429.0579094873074,0,0.009983108981479694,78881.51722048677,75019.12449552599,65796.88820597797,1,0.009983108981479694
2024-08-06,20457.322618445298,3893.602085939964,19954.79272528127,19161.11990918229,1,-0.004316203127180507,3436.0607796428803,0,-0.0,74987.91513454681,74557.65388923294,66297.96857895625,1,-0.004316203127180507
2024-08-07,20539.9149855332,1525.6942192815125,19968.080928213505,19205.412712169833,1,0.00403730090336607,3306.7603766248044,0,0.0,76513.60935382833,73966.88287992182,66755.07491942115,1,0.00403730090336607
2024-08-08,20534.94522855027,3428.210070742642,19982.31751286456,19253.909316809684,1,-0.00024195606390919888,3197.9715230523334,0,-0.0,73085.39928308569,73484.90072418316,67218.30931118841,1,-0.00024195606390919888
2024-08-09,20349.37054641995,880.357318240295,20008.75937080726,19296.612752265493,1,-0.009037018607301328,3166.568926029866,0,-0.0,72205.0419648454,73034.321165467,67610.17686868129,1,-0.009037018607301328
2024-08-10,20415.37561855918,3513.775084107147,20044.52516035138,19342.397003707818,1,0.003243592817215868,3107.8713056703623,0,0.0,75718.81704895255,72993.81673552103,68128.53888058777,1,0.003243592817215868
2024-08-11,20174.670216501632,3202.2807274627885,20055.480244710903,19378.653160855487,1,-0.011790397911597972,3092.4054803838735,0,-0.0,72516.53632148977,72617.6184075423,68567.7005070204,1,-0.011790397911597972
2024-08-12,20414.280616353117,5738.16544391253,20078.64402165517,19415.662806334036,1,0.0118767938846156,3238.037360987113,1,0.0,78254.7017654023,72669.60474335158,69036.80227980486,1,0.0118767938846156
2024-08-13,20319.432337490507,2880.537638318566,20107.033926611526,19452.44805403444,1,-0.004646172972983975,3206.3124908342393,0,-0.004646172972983975,75374.16412708373,72753.31594931372,69518.17180087985,1,-0.004646172972983975
2024-08-14,20360.30683765592,3396.468011417204,20142.45262138456,19486.04751423177,1,0.0020115965587286233,3283.6197129087755,0,0.0,78770.63213850094,73099.36673434307,69996.41677474091,1,0.0020115965587286233
2024-08-15,20417.98511753658,4836.542512114755,20172.495325956254,19520.4008183432,1,0.002832878715461451,3352.137983010731,0,0.0,83607.17465061569,73513.93578947437,70501.90840984457,1,0.002832878715461451
2024-08-16,20365.12193853712,2581.088468058222,20194.477526199265,19551.26403870409,1,-0.0025890497370407717,3430.4775129695627,0,-0.0,81026.08618255747,73748.73552775869,70924.79618303495,1,-0.0025890497370407717
2024-08-17,20484.602846613398,4088.3063253097375,20224.81418998092,19582.622937868513,1,0.005866938014752687,3540.889802261417,0,0.0,85114.3925078672,74281.95360928212,71352.08051434059,1,0.005866938014752687
2024-08-18,20387.32071865023,2087.2466101568425,20253.93259127117,19614.984606760885,1,-0.004749036566225162,3458.9500445515396,0,-0.0,83027.14589771036,74897.11144851541,71777.00017518684,1,-0.004749036566225162
2024-08-19,20564.954893095768,5162.795763351918,20295.812077088118,19652.285291233104,1,0.008712972974572297,3547.785651408297,0,0.0,88189.94166106227,75939.71325722715,72314.33951412764,1,0.008712972974572297
2024-08-20,20288.15477898279,3667.4757310277214,20332.9499184756,19681.826639945666,1,-0.01345979680246756,3547.2117063480973,0,-0.0,84522.46593003455,76982.88901099909,72771.80705277865,1,-0.01345979680246756
2024-08-21,20313.794863690197,2862.3328888083297,20355.58318375274,19712.828421880742,1,0.0012637957954642065,3474.5104555295175,0,0.0,87384.79881884289,77953.36351395244,73290.25217026444,1,0.0012637957954642065
2024-08-22,20707.664923111493,3634.9039080579937,20401.110776300065,19751.63617193637,1,0.019389289990582537,3535.2776071416897,0,0.0,91019.70272690088,79226.56125609943,73885.61143806047,1,0.019389289990582537
2024-08-23,20500.51966429125,3357.39011865615,20424.232993474616,19789.91723248396,1,-0.010003313246055745,3525.550793922141,0,-0.0,87662.31260824473,80154.29317316125,74495.63274635863,1,-0.010003313246055745
2024-08-24,20361.578423335057,1049.1365739110292,20425.166025783772,19824.59743040139,1,-0.006777449705248517,3272.2159299097652,0,-0.0,86613.1760343337,80723.77656881961,75033.24563485647,1,-0.006777449705248517
2024-08-25,20466.218173167035,3388.7162087940314,20421.176767325996,19854.737534724572,1,0.005139078496589233,3258.751285383469,0,0.0,90001.89224312773,81279.79531995165,75561.97862918285,1,0.005139078496589233
2024-08-26,20502.971772458055,3647.5445783183986,20423.459225026636,19888.80983709026,1,0.0017958178193959728,3246.4484100023906,0,0.0,93649.43682144613,82212.87140429662,76193.76108589939,1,0.0017958178193959728
2024-08-27,20574.861362737855,2648.4924327417457,20425.20654388687,19924.005789614366,1,0.0035063009927356337,3302.588320675403,0,0.0,96297.92925418787,83202.0873993146,76833.83301997276,1,0.0035063009927356337
2024-08-28,20675.510936570096,2427.2720718644714,20432.23482928786,19956.533572488348,1,0.0048918713014767246,3252.541420731494,0,0.0,98725.20132605234,84484.07750146292,77444.43524096455,1,0.0048918713014767246
2024-08-29,20806.74284321934,4003.6986682836773,20455.10344412783,19991.497085970284,1,0.006347214685617608,3408.708488233663,0,0.0,102728.89999433601,86010.27040293746,78162.0412427317,1,0.006347214685617608
2024-08-30,21037.63523566678,4371.496315281792,20486.21642498321,20028.898240461294,1,0.011096998419562132,3451.5945497923954,0,0.0,107100.3963096178,87579.34936597073,78930.89208732043,1,0.011096998419562132
2024-08-31,21123.851389839114,2084.9034331074445,20533.675483650084,20071.064024664058,1,0.004098186569285289,3395.725685074628,0,0.0,109185.29974272526,89412.78753703249,79745.03782620186,1,0.004098186569285289
2024-09-01,21072.888481410882,657.7817417784132,20566.605876902973,20111.05311019425,1,-0.00241257654618543,3141.706499967922,0,-0.0,108527.51800094685,90926.42834880973,80453.71647591531,1,-0.00241257654618543
2024-09-02,21214.61918742063,1254.9507867852756,20611.365219399482,20153.9868152488,1,0.0067257370120272775,3060.427157391258,0,0.0,109782.46878773213,92646.84358184214,81250.84548015082,1,0.0067257370120272775
2024-09-03,21617.671904919247,1207.09493282657,20674.233472762648,20200.57596159065,1,0.01899881934895209,2950.958503461726,0,0.0,110989.5637205587,94257.79016094503,82022.02142131273,1,0.01899881934895209
2024-09-04,21588.999576791062,5163.012290001908,20732.78419572537,20242.962341807703,1,-0.0013263374638255998,2967.2819923560837,0,-0.0,105826.55143055679,95368.75899994207,82612.11672122446,1,-0.0013263374638255998
2024-09-05,21378.60844933001,3503.30285598742,20783.458521265016,20273.62214412973,1,-0.00974529304670646,3013.3927117525436,0,-0.0,102323.24857456937,96433.61711954267,83078.02773598632,1,-0.00974529304670646
2024-09-06,21615.286890835094,1338.6956054886502,20839.992723476098,20306.33900975289,1,0.01107080669286975,2875.9121757614894,0,0.0,103661.94418005802,97360.99470315222,83521.31517384831,1,0.01107080669286975
2024-09-07,21589.266156883998,1772.3320009315753,20900.08999538779,20337.55509001148,1,-0.0012038116395359788,2860.166445300226,0,-0.0,101889.61217912644,98304.11801722302,83909.09698930033,1,-0.0012038116395359788
2024-09-08,21120.202745885465,1561.9128078714177,20927.852388027273,20360.314690175765,1,-0.02172669546014039,2680.122297526201,0,-0.0,100327.69937125503,98911.00590273265,84200.95153624608,1,-0.02172669546014039
2024-09-09,21299.179922212214,1072.8027087105309,20978.403645188744,20387.220021327208,1,0.008474216771504173,2550.388646410341,0,0.0,101400.50207996556,99754.90771022922,84563.48840112501,1,0.008474216771504173
2024-09-10,21185.159408711574,3596.927002225399,21021.97187243981,20411.114509405503,1,-0.005353281859539205,2587.1183520811946,0,-0.0,97803.57507774016,100275.84652317407,84844.74600787649,1,-0.005353281859539205
2024-09-11,21165.979788537497,1359.0658539530236,21044.88761571111,20435.66177348673,1,-0.0009053328230416158,2473.326449375946,0,-0.0,96444.50922378713,100547.08684801839,85226.03970796772,1,-0.0009053328230416158
2024-09-12,21236.24667820765,1984.9739706260982,21081.673966406932,20460.827231353367,1,0.003319803305690039,2404.705641974443,0,0.0,98429.48319441323,101085.44537732682,85552.47866371955,1,0.003319803305690039
2024-09-13,21276.70166012673,3502.341041112853,21127.430128246517,20482.335047323202,1,0.001904996797790659,2527.3658653345346,0,0.0,101931.82423552609,101851.37778738643,85891.13070652889,1,0.001904996797790659
2024-09-14,21427.649606681753,3257.3333764754434,21175.501699922253,20509.71149472463,1,0.007094518171390396,2520.7967237186053,0,0.0,105189.15761200154,102610.74105583012,86303.22029043593,1,0.007094518171390396
2024-09-15,21334.33511311119,2672.055422730205,21217.06986695491,20531.773939087605,1,-0.004354863705698597,2472.0222659391957,0,-0.0,102517.10218927133,103054.12432422138,86608.21653925031,1,-0.004354863705698597
2024-09-16,21443.802823578877,1422.0993404694684,21260.51693999696,20551.268137365776,1,0.005131057981760723,2410.702611325582,0,0.0,103939.2015297408,103436.18793799903,86868.38607241183,1,0.005131057981760723
2024-09-17,21388.14614580263,4335.395384622912,21296.148700458587,20570.233680870337,1,-0.002595466775839217,2506.108776963504,0,-0.0,99603.8061451179,103480.11817895231,87149.69880153281,1,-0.002595466775839217
2024-09-18,21546.164011195357,1779.3108142023245,21333.11975885739,20598.99419126416,1,0.007388104808874862,2394.889384259436,0,0.0,101383.11695932022,103412.82902720151,87485.80686520199,1,0.007388104808874862
2024-09-19,21678.752098572375,2802.0131867211,21365.17560200267,20631.97239577909,1,0.006153674840130519,2316.415227831402,0,0.0,104185.13014604132,103267.06571902269,87946.7439401715,1,0.006153674840130519
2024-09-20,21475.96066132202,2191.3632658537767,21382.78106557681,20657.312264645934,1,-0.009354387020446109,2321.7382194687184,0,-0.0,101993.76688018754,102907.4890758958,88312.63167349019,1,-0.009354387020446109
2024-09-21,21709.185753380763,1134.8842393784776,21414.595929175306,20686.615275911154,1,0.010859821161750327,2345.5933443487215,0,0.0,103128.65111956601,102637.54573182677,88744.52627466268,1,0.010859821161750327
2024-09-22,21592.832453510735,1715.432589609356,21433.50659247981,20717.301912830273,1,-0.005359634451140516,2368.6174344899255,0,-0.0,101413.21852995666,102219.083218938,89206.4142500313,1,-0.005359634451140516
2024-09-23,21767.315020021113,2415.686463376646,21440.988748234904,20752.558280794034,1,0.008080577982811477,2429.047011017429,0,0.0,103828.90499333332,101861.05028257673,89739.4023926216,1,0.008080577982811477
2024-09-24,21847.263606557754,686.7876005450637,21453.901949723244,20786.39382380162,1,0.0036728731340134324,2205.235776544587,0,0.0,104515.69259387838,101795.50734074281,90226.06737671974,1,0.0036728731340134324
2024-09-25,22248.856439999898,2843.1272151537614,21497.414349256735,20825.116798907005,1,0.018381836767951132,2172.226994502904,0,0.0,107358.81980903214,102047.28590246596,90743.21284992243,1,0.018381836767951132
2024-09-26,22199.13781438975,1100.162121462479,21526.606895434466,20863.80460296383,1,-0.00223465982371851,2160.3003203015955,0,-0.0,106258.65768756966,102177.12157784152,91273.35663009196,1,-0.00223465982371851
2024-09-27,22121.592497410657,3497.721891096361,21553.223212460798,20902.415266373253,1,-0.003493167961182153,2246.569814809835,0,-0.0,102760.9357964733,102220.68775870887,91807.30574148244,1,-0.003493167961182153
2024-09-28,22117.29657133157,4754.122231445491,21603.077903733105,20942.247456282836,1,-0.00019419605887716074,2406.1802859885383,0,-0.0,98006.81356502781,102104.64346839751,92318.45420945245,1,-0.00019419605887716074
2024-09-29,22050.241399617797,4982.965505303821,21640.63097760338,20983.99484708924,1,-0.0030317978283427305,2601.688425818203,0,-0.0,93023.848059724,101685.81076738544,92807.86916287124,1,-0.0030317978283427305
2024-09-30,22226.630520052713,5302.204326788137,21692.704533170443,21023.419863121,1,0.007999419019420584,2686.95229204634,0,0.0,98326.05238651214,101711.93463282402,93313.71488998352,1,0.007999419019420584
2024-10-01,21867.3791330591,2860.0228085194667,21727.77450039652,21057.924297469235,1,-0.016163106084365664,2762.0001397746623,0,-0.0,95466.02957799267,101663.01065053431,93812.21958488403,1,-0.016163106084365664
2024-10-02,21636.966403605977,4558.578238928897,21747.81048666644,21084.57248218266,1,-0.010536824191463623,2890.680353189802,-1,-0.0,90907.45133906377,101286.90905776682,94175.54920275163,1,-0.010536824191463623
2024-10-03,21405.926244207163,1740.4991298848486,21754.271715870458,21102.289289966917,1,-0.010678029215791973,2802.5882576284016,0,0.010678029215791973,89166.95220917893,100648.66545644947,94407.93993755184,1,-0.010678029215791973
2024-10-04,21609.348386438127,3630.32279371741,21763.35665485828,21120.01170736884,1,0.009503075919735648,2821.2377284905,0,0.0,92797.27500289633,100029.07132599421,94639.86923392533,1,0.009503075919735648
2024-10-05,21979.000789664355,991.3650845699166,21795.589938685935,21145.373010222494,1,0.017106133725819372,2737.203211582486,0,0.0,93788.64008746625,99592.64822090397,94953.21464980733,1,0.017106133725819372
2024-10-06,21956.043895097202,3310.5855646992522,21821.201992261853,21168.975158715228,1,-0.0010444921853748346,2831.627522793975,0,-0.0,90478.054522767,98919.59087055527,95185.95540262296,1,-0.0010444921853748346
2024-10-07,21918.977323449144,7884.796595132109,21847.74355114418,21192.042360296877,1,-0.0016882172319000466,3009.0975833194348,0,-0.0,82593.25792763488,98069.06345968111,95344.41971336544,1,-0.0016882172319000466
2024-10-08,21934.332041196507,1865.6351737826021,21867.151952644235,21218.45838520982,1,0.0007005216311317675,3013.4138012984486,0,0.0,84458.89310141749,97222.85226678598,95548.65056564166,1,0.0007005216311317675
2024-10-09,22189.182286005205,1238.4300670205198,21892.673462015875,21248.02182966725,1,0.01161878302608188,2935.23464531342,0,0.0,85697.32316843802,96298.46191790582,95714.95900096641,1,0.01161878302608188
2024-10-10,21983.41020862468,1209.007956588173,21918.04593938101,21278.167496202637,1,-0.009273531341905672,2886.1168798501394,0,-0.0,84488.31521184984,95423.18933448892,95914.4886491391,-1,-0.009273531341905672
2024-10-11,22035.811839909395,3952.052043775666,21934.377243707444,21305.19301659524,1,0.0023836898273479346,3026.975270069999,0,0.0,88440.3672556255,94688.7751412919,96084.24974064279,-1,-0.0023836898273479346
2024-10-12,22250.704554675503,2525.5120096362925,21967.270848765682,21337.38088688166,1,0.009751976297824205,3067.4792410713458,0,0.0,90965.8792652618,94166.40817805716,96344.11165961243,-1,-0.009751976297824205
2024-10-13,22362.201537969522,1396.8945448219365,21997.0151746631,21370.74579855355,1,0.005010941699398419,3016.5396451436104,0,0.0,92362.77381008373,93593.1016188947,96570.64735413881,-1,-0.005010941699398419
2024-10-14,22404.596161152276,1447.1817640045488,22024.881802392825,21403.85598261381,1,0.0018958161659874406,3054.5593533165843,0,0.0,93809.95557408828,93057.81476790519,96740.69370286335,-1,-0.0018958161659874406
2024-10-15,22628.87649557894,4571.644045164677,22043.88280517178,21441.585225231178,1,0.010010460925671483,3140.98519481713,0,0.0,98381.59961925296,92608.95375841622,97029.95226014162,-1,-0.010010460925671483
2024-10-16,22017.165398607536,5400.979163587493,22034.784184382668,21467.12793443108,1,-0.02703232292999236,3356.026046923381,-1,-0.0,92980.62045566547,91945.05189682101,97161.05605927159,-1,0.02703232292999236
2024-10-17,22166.414328905,3366.2179296620056,22037.025275957385,21496.779494601993,1,0.006778753195309406,3349.450848851663,0,-0.006778753195309406,96346.83838532747,91624.34702626371,97383.05093406519,-1,-0.006778753195309406
2024-10-18,22021.42920295836,4455.42958067472,22032.231907538728,21521.054066433036,1,-0.006540756831274308,3334.5162163131245,0,-0.0,91891.40880465275,91318.57678824497,97444.74205312505,-1,0.006540756831274308
2024-10-19,21618.297675611047,1505.0032518274625,22010.63472133839,21543.22311471017,1,-0.018306328968564656,3160.618103639307,0,-0.0,90386.40555282528,91186.70466290003,97542.47438017155,-1,0.018306328968564656
2024-10-20,21728.81097530182,3239.354338236877,21985.743744100844,21566.806716570365,1,0.005112025995249958,3057.4756042117438,0,0.0,93625.75989106216,90951.69003812753,97646.49039804187,-1,-0.005112025995249958
2024-10-21,22027.290644026358,4195.5407799534305,21993.73931964921,21588.800478585614,1,0.013736585451629368,3124.251502783442,0,0.0,97821.30067101559,91069.45359277868,97759.85036377712,-1,-0.013736585451629368
2024-10-22,21997.014460223418,2410.8840400783597,22011.741722480077,21613.742058517815,1,-0.001374485146277027,3016.866792840915,0,-0.0,95410.41663093722,91294.60185737236,97888.985430822,-1,0.001374485146277027
2024-10-23,22206.618412159438,3914.102364095894,22051.776330877692,21644.49272499822,1,0.00952874547202942,3125.5469545514675,0,0.0,99324.51899503311,91802.48019666507,98100.84114683366,-1,-0.00952874547202942
2024-10-24,22564.650892653186,1671.4837083088776,22099.541456188446,21679.466603656325,1,0.01612278257988642,3027.6050002810402,0,0.0,100996.00270334199,92212.41658168734,98284.07632117056,-1,-0.01612278257988642
2024-10-25,22861.356748641465,624.1941198396783,22143.659254137303,21718.773019926048,1,0.013149144535840485,3009.2464520445287,0,0.0,101620.19682318167,92603.99441847313,98416.92232119947,-1,-0.013149144535840485
2024-10-26,23236.274890252236,2941.2936939226306,22207.670803895053,21763.12991205129,1,0.01639964529371385,2990.7818585056975,0,0.0,104561.4905171043,93308.16621818997,98554.6483422481,-1,-0.01639964529371385
2024-10-27,23408.717674113832,1670.5781162905882,22282.157821428285,21808.68335767702,1,0.007421274910718756,2680.0709345636214,0,0.0,106232.0686333949,94490.10675347797,98679.76279737047,-1,-0.007421274910718756
2024-10-28,23426.375721675617,1218.3684126138126,22356.76000545224,21852.34390565129,1,0.0007543363890158972,2647.7075965051818,0,0.0,107450.43704600871,95639.68395070753,98758.45508156501,-1,-0.0007543363890158972
2024-10-29,23051.093191647793,2666.8834915759235,22399.85555073437,21885.90153825097,1,-0.01601965811897177,2719.1302677329522,0,-0.0,104783.55355443279,96593.99547000727,98719.84103564525,-1,0.01601965811897177
2024-10-30,22994.373098199274,834.4139421459641,22450.403695213103,21917.076900056974,1,-0.002460624881299389,2700.400567010842,0,-0.0,103949.13961228682,97567.03669002913,98632.57170013797,-1,0.002460624881299389
2024-10-31,22800.473829934403,7335.250019365152,22488.63679471435,21945.869989199033,1,-0.00843246595316205,2869.560465790316,0,-0.0,96613.88959292167,97975.71280689393,98434.01122667086,-1,0.00843246595316205
2024-11-01,23295.459056100353,1637.1486035296273,22540.874519785593,21980.550653677026,1,0.021709427174977813,2825.142295484983,0,0.0,98251.03819645129,98339.97075345341,98241.82071681619,1,-0.021709427174977813
2024-11-02,23254.48564867969,2529.859251162738,22585.4887253211,22007.8308827397,1,-0.0017588581243234147,2881.7905308020227,0,-0.0,95721.17894528856,98507.89101021364,97987.34763722836,1,-0.0017588581243234147
2024-11-03,23283.136292791874,1376.8649425378162,22629.415731903082,22036.06649467305,1,0.0012320480678449375,2878.274689728686,0,0.0,97098.04388782637,98672.29542590055,97841.87251151618,1,0.0012320480678449375
2024-11-04,23411.53938453019,1188.595673530271,22668.548876350647,22069.948676926386,1,0.005514853760404614,2709.1222711469663,0,0.0,98286.63956135664,98667.54742300574,97774.59569462929,1,0.005514853760404614
2024-11-05,23421.747388435295,1510.7318741055133,22738.777975842033,22100.05635188639,1,0.00043602446372448256,2514.609906672867,0,0.0,99797.37143546215,99008.38497199558,97710.18614888604,1,0.00043602446372448256
2024-11-06,23818.75796123003,4018.6211594229185,22821.395157458282,22137.214548625492,1,0.016950510404307506,2547.230068160913,1,0.0,103815.99259488507,99381.84268247345,97742.29248914868,1,0.016950510404307506
2024-11-07,23670.45061681136,2026.956108140305,22903.846228150935,22179.71867980759,1,-0.0062264936173443974,2425.806394534192,0,-0.0062264936173443974,101789.03648674476,99876.72406657806,97766.64810774017,1,-0.0062264936173443974
2024-11-08,23716.515078399927,729.3227189026813,23008.757098290378,22220.00759907738,1,0.001946074552372501,2387.022367887953,0,0.0,102518.35920564744,100483.32174921918,97785.27905983487,1,0.001946074552372501
2024-11-09,23540.426929990164,2419.345936243908,23099.337896024794,22259.26205776536,1,-0.007424705856980518,2346.0219477883047,0,-0.0,100099.01326940354,100806.98441813623,97823.53636302926,1,-0.007424705856980518
2024-11-10,23229.687995276836,2691.8841756902457,23159.457763587317,22293.657194544347,1,-0.013200225112206976,2270.839117575145,0,-0.0,97407.1290937133,100786.27583927111,97839.58002752803,1,-0.013200225112206976
2024-11-11,23087.575944207998,4637.992343323215,23213.98583778655,22324.512682311022,1,-0.0061176909090527865,2382.194532737388,0,-0.0,92769.13675039008,100654.21184524376,97745.24092012765,1,-0.0061176909090527865
2024-11-12,23079.02504556214,1650.7553175671087,23257.60616945668,22354.55140540161,1,-0.0003703679704842866,2269.0271804109484,0,-0.0,91118.38143282298,100243.90496713325,97565.01687341592,1,-0.0003703679704842866
2024-11-13,22979.946277644645,3546.6162169624604,23278.370938706255,22380.423016584326,1,-0.004293022245172584,2362.783805843628,0,-0.0,87571.76521586052,99572.69309275917,97271.39366681357,1,-0.004293022245172584
2024-11-14,22820.828308454493,1685.7418963897376,23276.344516696907,22405.197903173383,1,-0.006924209798738534,2415.8611946711308,0,-0.0,85886.02331947078,98785.98441757364,96994.20901898357,1,-0.006924209798738534
2024-11-15,22499.89501459813,3068.3520799231737,23239.525522914202,22422.799439690367,1,-0.014063174636718467,2422.214113971158,0,-0.0,82817.6712395476,97698.7934536958,96642.18351414701,1,-0.014063174636718467
2024-11-16,22481.196348005393,3489.353105194594,23193.14945660878,22441.01694306041,1,-0.0008310557262869445,2513.1528634163583,0,-0.0,79328.31813435302,96353.6059287437,96304.2587139676,1,-0.0008310557262869445
2024-11-17,22142.917206231043,92.25684522280267,23128.976530836553,22450.96282964434,1,-0.015047203740309989,2456.847285046808,0,-0.0,79236.06128913022,94942.88714089978,95935.14111946443,-1,-0.015047203740309989
2024-11-18,22311.215768991853,2784.1334307354628,23091.982659703754,22461.503890818,1,0.007600559636895987,2462.7097820047848,0,0.0,82020.19471986569,93804.71919917142,95565.72552902816,-1,-0.007600559636895987
2024-11-19,22329.60908014849,2432.159134583293,23058.744458801215,22475.731364465108,1,0.0008243975293449335,2542.597041626651,0,0.0,84452.35385444897,92829.87991127952,95273.36864526587,-1,-0.0008243975293449335
2024-11-20,22004.143528176126,4539.800486259124,23018.9279437133,22480.647327378367,1,-0.014575514994649375,2402.82456497135,-1,-0.0,79912.55336818985,91994.81310004294,94886.43368274294,-1,0.014575514994649375
2024-11-21,21936.104719059927,1398.788649848497,22950.960226861283,22486.368531804183,1,-0.0030920907704985456,2390.9065672872935,0,0.0030920907704985456,78513.76471834135,91007.94942613745,94504.77611921601,-1,0.0030920907704985456
2024-11-22,21771.110902278455,2658.6333987048747,22876.791489541218,22486.431796508474,1,-0.007521564055906094,2397.3452746643998,0,-0.0,75855.13131963648,90014.64704485485,94038.54655798773,-1,0.007521564055906094
2024-11-23,21840.598738913624,560.4874529617872,22804.664611847307,22486.32071538107,1,0.0031917451041920675,2356.5264001855985,0,0.0,76415.61877259826,88980.52578909343,93570.21199429972,-1,-0.0031917451041920675
2024-11-24,22133.361142123515,2665.5179815447227,22740.75569972697,22484.395793749798,1,0.013404504460231337,2430.3725155863212,0,0.0,79081.13675414298,88020.25064873275,93098.91727671823,-1,-0.013404504460231337
2024-11-25,21718.322447379145,2533.254354606219,22655.584452674164,22476.38220429962,1,-0.018751724696457472,2481.4986396113563,0,-0.0,76547.88239953676,86857.77619693648,92603.73768858434,-1,0.018751724696457472
2024-11-26,21743.30418214696,1016.6094222987491,22551.811763720012,22470.077399045225,1,0.001150260791474178,2331.398052755148,0,0.0,77564.4918218355,85545.201158284,92183.79695567372,-1,-0.001150260791474178
2024-11-27,21708.48602131153,1245.3458779599584,22453.71353394502,22463.263889878224,-1,-0.001601327955666254,2292.3175412461305,0,-0.0,76319.14594387554,84271.70663114055,91822.33582865451,-1,0.001601327955666254
2024-11-28,21854.223787963245,1461.0313817466115,22360.598969423187,22459.996929683988,-1,-0.006713400764504662,2328.902974388327,0,0.0,77780.17732562215,83034.79753713928,91568.27464975283,-1,-0.006713400764504662
2024-11-29,21900.8162562067,3074.883392083739,22278.618435734013,22454.56669195322,-1,-0.002131966282376885,2361.679847180319,0,0.0,80855.06071770588,82072.5999095544,91277.0914552727,-1,-0.002131966282376885
2024-11-30,21736.128834559557,8774.091633863396,22203.94047769815,22452.379186978225,-1,0.007519693317388221,2665.7902200889766,0,-0.0,72080.96908384249,80806.29190906085,90887.34044703688,-1,0.007519693317388221
2024-12-01,21666.778860051334,2021.081383709792,22132.900623490314,22452.876061252315,-1,0.0031905393566659113,2534.944672108305,0,-0.0,70059.88770013269,79670.82945654799,90539.88105305469,-1,0.0031905393566659113
2024-12-02,21494.30569798889,4024.518785165549,22053.664656111654,22454.34905214868,-1,0.007960258568035061,2653.6328454882273,0,-0.0,66035.36891496714,78416.6788306552,90154.35466481783,-1,0.007960258568035061
2024-12-03,21725.585961691457,3552.1385011270745,21990.946640313992,22456.286345069566,-1,-0.010760071385986114,2653.9089596964577,0,0.0,69587.50741609422,77517.46594066688,89767.5252050378,-1,-0.010760071385986114
2024-12-04,21730.21604224353,1446.802173646506,21936.416027003444,22452.13993261255,-1,-0.00021311648671917816,2641.961973559296,0,0.0,71034.30958974072,76774.88025418037,89388.28636340905,-1,-0.00021311648671917816
2024-12-05,22143.34888563267,4038.7639872943996,21918.588720555173,22455.261682454806,-1,-0.01901190685753007,2690.4825689278578,1,0.0,75073.07357703512,76387.65037105475,89131.53668098016,-1,-0.01901190685753007
2024-12-06,22129.916549992835,4238.143790791496,21901.024730654543,22458.777336230538,-1,0.0006066081381461697,2727.922103207703,0,-0.0006066081381461697,70834.92978624362,75962.9809536493,88935.56454529033,-1,0.0006066081381461697
2024-12-07,21973.14672364105,4127.566816065764,21892.536206525045,22459.424247604617,-1,0.007084067669104521,2929.6876017498507,0,-0.0,66707.36297017786,75336.54603770167,88639.70570976965,-1,0.007084067669104521
2024-12-08,21640.53603917536,3740.152936039702,21859.00222003422,22450.28014349078,-1,0.015137143926128305,2977.4885770150627,0,-0.0,62967.21003413815,74383.8968034153,88260.87049086466,-1,0.015137143926128305
2024-12-09,21250.32694769852,3763.0568591241486,21805.03811341172,22438.062089142015,-1,0.018031396762559604,3044.033463242106,0,-0.0,59204.153175014006,73121.48676944354,87839.46779025072,-1,0.018031396762559604
2024-12-10,20913.692880513845,3270.1650781211447,21750.515581028605,22419.360106485423,-1,0.015841359430054935,2980.5516928352067,0,-0.0,55933.98809689286,71922.5585058787,87297.69480427186,-1,0.015841359430054935
2024-12-11,20969.558927908383,3716.462654454605,21702.188291471033,22398.007679372633,-1,-0.0026712665101145117,3096.435393065512,0,0.0,59650.45075134747,70979.39280752899,86775.77099570661,-1,-0.0026712665101145117
2024-12-12,21076.236321435605,5546.38834390807,21667.444562428886,22376.574925763733,-1,-0.005087250232299612,3240.8231403256714,0,0.0,65196.839095255535,70446.47819630995,86323.00541712614,-1,-0.005087250232299612
2024-12-13,20742.980832382746,2266.466988194034,21612.563667102346,22348.88133695091,-1,0.015811907020321314,3326.122117087284,0,-0.0,62930.3721070615,69772.21586303311,85808.3456926757,-1,0.015811907020321314
2024-12-14,20928.638458314035,2605.6410277958853,21552.32753291187,22320.54403632983,-1,-0.008950383140761131,3323.1282693998423,0,0.0,65536.01313485738,69094.95968206883,85260.91925126911,-1,-0.008950383140761131
2024-12-15,20827.540357274276,2924.9446361161254,21507.788428406628,22300.716952307608,-1,0.004830610516834533,3342.7127834753383,0,-0.0,62611.06849874125,68398.11898702905,84754.76005198703,-1,0.004830610516834533
2024-12-16,20858.113731087225,5832.102884592156,21463.52890585364,22278.911942343977,-1,-0.001467930119855465,3583.4874565900086,0,0.0,68443.1713833334,67942.05296510395,84289.69893528713,-1,-0.001467930119855465
2024-12-17,21194.392543324793,3436.30985101993,21437.824231954302,22265.127998016753,-1,-0.01612220628255434,3693.0356552430067,0,0.0,71879.48123435334,67720.06972962784,83956.16680911549,-1,-0.01612220628255434
2024-12-18,21384.4721884122,2456.599814191146,21414.33665197675,22261.23090656344,-1,-0.008968393158655275,3742.814076865233,0,0.0,74336.08104854448,67547.86491577394,83688.6614007108,-1,-0.008968393158655275
2024-12-19,21327.048326693413,4482.753884564921,21385.648255501088,22254.53486241996,-1,0.0026853064790584025,3813.2076014892928,0,-0.0,69853.32716397956,66997.77823808763,83292.45418859276,-1,0.0026853064790584025
2024-12-20,21136.98333009536,1935.9689967553252,21355.690980277875,22239.69640718778,-1,0.008911922254152826,3471.3014696338882,0,-0.0,67917.35816722423,66789.59769225672,82794.0551468629,-1,0.008911922254152826
2024-12-21,20682.154467421966,6525.814718890589,21306.45976064641,22217.782073974424,-1,0.021518154013292823,3696.538136392929,-1,-0.0,61391.54344833364,66356.18047966677,82227.07392715284,-1,0.021518154013292823
2024-12-22,20533.418067078655,3956.036448224532,21258.415379100898,22189.895401556412,-1,0.007191533192424271,3693.114019545878,0,0.007191533192424271,57435.50700010911,65926.18738392387,81528.92372723743,-1,0.007191533192424271
2024-12-23,20490.065812474142,1292.0277313846814,21196.63937164003,22155.31898355343,-1,0.0021113023882769477,3580.1084810587586,0,-0.0,56143.479268724426,65253.985976555385,80781.38166999382,-1,0.0021113023882769477
2024-12-24,20287.792077673595,2062.720621793862,21124.518173411536,22112.426239037297,-1,0.009871795271511719,3610.904403466126,0,-0.0,54080.75864693057,64406.30842941489,79989.05770038963,-1,0.009871795271511719
2024-12-25,20261.162937102446,3685.6434622419047,21030.40887598502,22062.841039818133,-1,0.0013125696709230805,3593.248377213501,0,-0.0,50395.115184688664,63172.41050979755,79086.28477818269,-1,0.0013125696709230805
2024-12-26,20276.73402232895,3467.186048838091,20937.74974960183,22010.641312288386,-1,-0.0007685188295876166,3554.700490115831,0,0.0,53862.301233526756,62323.77908216171,78213.45532151824,-1,-0.0007685188295876166
2024-12-27,20231.14057296443,3940.464683979246,20850.649442067996,21957.387393143195,-1,0.0022485598180808086,3545.3453835115047,0,-0.0,49921.83654954751,61484.502761130185,77254.64531324388,-1,0.0022485598180808086
2024-12-28,20099.637637110136,2666.437103650463,20773.604521964735,21908.196467234236,-1,0.006500025808234722,3491.659591892043,0,-0.0,47255.39944589705,60698.912231718146,76295.84274476829,-1,0.006500025808234722
2024-12-29,20133.536615033503,4723.206122058583,20717.765005331486,21860.515859181476,-1,-0.0016865467196671702,3539.6670550387653,0,0.0,51978.60556795563,60337.63485136522,75429.66717736276,-1,-0.0016865467196671702
