market,date_utc,date_kst,open,high,low,close,timestamp,value_krw,volume,prev_closing_price,change_price,change_rate
KRW-BTC,2017-09-25,2017-09-25 09:00:00,4201000.0,4333000.0,4175000.0,4322000.0,1506383997779,560214613.8164,132.48475499,4201000.0,121000.0,0.028802666
KRW-BTC,2017-09-26,2017-09-26 09:00:00,4317000.0,4418000.0,4311000.0,4321000.0,1506470368661,99507239.78705,22.78833969,4322000.0,-1000.0,-0.0002313744
KRW-BTC,2017-09-27,2017-09-27 09:00:00,4322000.0,4677000.0,4318000.0,4657000.0,1506556751533,144827622.95669,32.2696617,4321000.0,336000.0,0.0777597778
KRW-BTC,2017-09-28,2017-09-28 09:00:00,4657000.0,4772000.0,4519000.0,4586000.0,1506643183630,372185978.32992,80.5882434,4657000.0,-71000.0,-0.0152458664
KRW-BTC,2017-09-29,2017-09-29 09:00:00,4586000.0,4709000.0,4476000.0,4657000.0,1506729571852,272455756.80078,59.35237346,4586000.0,71000.0,0.0154819014
KRW-BTC,2017-09-30,2017-09-30 09:00:00,4657000.0,4896000.0,4651000.0,4895000.0,1506815987704,95614755.70559,19.99848332,4657000.0,238000.0,0.0511058621
KRW-BTC,2017-10-01,2017-10-01 09:00:00,4889000.0,4978000.0,4682000.0,4962000.0,1506902400205,133132538.89401,27.32333246,4895000.0,67000.0,0.0136874362
KRW-BTC,2017-10-02,2017-10-02 09:00:00,4962000.0,5095000.0,4956000.0,5025000.0,1506988764731,159931532.80646,31.72800385,4962000.0,63000.0,0.0126964933
KRW-BTC,2017-10-03,2017-10-03 09:00:00,5021000.0,5079000.0,4811000.0,4964000.0,1507075131482,58901304.61549,11.89930699,5025000.0,-61000.0,-0.0121393035
KRW-BTC,2017-10-04,2017-10-04 09:00:00,4987000.0,5002000.0,4837000.0,4895000.0,1507161584430,34588125.30359,7.03874388,4964000.0,-69000.0,-0.0139000806
KRW-BTC,2017-10-05,2017-10-05 09:00:00,4894000.0,4993000.0,4811000.0,4926000.0,1507247992606,26371319.19136,5.36365175,4895000.0,31000.0,0.0063329928
KRW-BTC,2017-10-06,2017-10-06 09:00:00,4927000.0,5034000.0,4885000.0,5027000.0,1507334379598,123935127.5442,25.16382027,4926000.0,101000.0,0.0205034511
KRW-BTC,2017-10-07,2017-10-07 09:00:00,4983000.0,5070000.0,4935000.0,5047000.0,1507420787496,21667485.97149,4.343932,5027000.0,20000.0,0.003978516
KRW-BTC,2017-10-08,2017-10-08 09:00:00,5044000.0,5263000.0,4993000.0,5217000.0,1507507086542,738294004.47278,145.91785961,5047000.0,170000.0,0.0336833763
KRW-BTC,2017-10-09,2017-10-09 09:00:00,5222000.0,5761000.0,5188000.0,5477000.0,1507593564970,43270591.14121,8.07043419,5217000.0,260000.0,0.0498370711
KRW-BTC,2017-10-10,2017-10-10 09:00:00,5469000.0,5665000.0,5459000.0,5486000.0,1507679945809,64822758.50704,11.69369387,5477000.0,9000.0,0.0016432353
KRW-BTC,2017-10-11,2017-10-11 09:00:00,5533000.0,5605000.0,5451000.0,5557000.0,1507766414842,23324891.84167,4.21265003,5486000.0,71000.0,0.0129420343
KRW-BTC,2017-10-12,2017-10-12 09:00:00,5569000.0,6377000.0,5515000.0,6332000.0,1507852770246,118992386.99591,20.91828711,5557000.0,775000.0,0.1394637394
KRW-BTC,2017-10-13,2017-10-13 09:00:00,6346000.0,6950000.0,6149000.0,6438000.0,1507939157585,175283223.76282,26.82608423,6332000.0,106000.0,0.0167403664
KRW-BTC,2017-10-14,2017-10-14 09:00:00,6427000.0,6664000.0,6322000.0,6664000.0,1508025608815,21713362.01115,3.35282452,6438000.0,226000.0,0.0351040696
KRW-BTC,2017-10-15,2017-10-15 09:00:00,6610000.0,6700000.0,6142000.0,6381000.0,1508111976592,48606365.59432,7.63078273,6664000.0,-283000.0,-0.0424669868
KRW-BTC,2017-10-16,2017-10-16 09:00:00,6403000.0,6527000.0,6282000.0,6491000.0,1508198213903,146271226.15592,22.92663476,6381000.0,110000.0,0.0172386773
KRW-BTC,2017-10-17,2017-10-17 09:00:00,6495000.0,6510000.0,6299000.0,6457000.0,1508284769018,27260409.19505,4.24133721,6491000.0,-34000.0,-0.0052380219
KRW-BTC,2017-10-18,2017-10-18 09:00:00,6413000.0,6489000.0,5876000.0,6391000.0,1508371198485,219208847.48369,36.00111898,6457000.0,-66000.0,-0.0102214651
KRW-BTC,2017-10-19,2017-10-19 09:00:00,6405000.0,6596000.0,6109000.0,6511000.0,1508457484063,76025647.17432,11.95565558,6391000.0,120000.0,0.0187764043
KRW-BTC,2017-10-20,2017-10-20 09:00:00,6536000.0,6954000.0,6395000.0,6928000.0,1508543988014,145159280.71805,21.97426401,6511000.0,417000.0,0.0640454615
KRW-BTC,2017-10-21,2017-10-21 09:00:00,6928000.0,7253000.0,6773000.0,6874000.0,1508630392200,38250145.45411,5.46210809,6928000.0,-54000.0,-0.0077944573
KRW-BTC,2017-10-22,2017-10-22 09:00:00,6858000.0,7060000.0,6709000.0,7039000.0,1508716711285,30054045.84628,4.39101644,6874000.0,165000.0,0.0240034914
KRW-BTC,2017-10-23,2017-10-23 09:00:00,7017000.0,7100000.0,6668000.0,6971000.0,1508803204520,97052524.49132,14.03934445,7039000.0,-68000.0,-0.0096604631
KRW-BTC,2017-10-24,2017-10-24 09:00:00,7034000.0,7052000.0,6350000.0,6479000.0,1508889330719,651377192.14619,98.6742294,6971000.0,-492000.0,-0.0705781093
KRW-BTC,2017-10-25,2017-10-25 09:00:00,6479000.0,6644000.0,6212000.0,6643000.0,1508975967486,695968675.01792,108.36397361,6479000.0,164000.0,0.0253125482
KRW-BTC,2017-10-26,2017-10-26 09:00:00,6643000.0,6873000.0,6534000.0,6811000.0,1509062383917,2881467621.80027,428.50851968,6643000.0,168000.0,0.0252897787
KRW-BTC,2017-10-27,2017-10-27 09:00:00,6765000.0,6950000.0,6633000.0,6710000.0,1509148819230,2917092203.66689,431.20412963,6811000.0,-101000.0,-0.0148289532
KRW-BTC,2017-10-28,2017-10-28 09:00:00,6708000.0,6800000.0,6600000.0,6715000.0,1509235241868,2708305312.92229,404.19563617,6710000.0,5000.0,0.0007451565
KRW-BTC,2017-10-29,2017-10-29 09:00:00,6715000.0,7030000.0,6588000.0,6961000.0,1509321606638,4413173510.25254,656.27989369,6715000.0,246000.0,0.0366344006
KRW-BTC,2017-10-30,2017-10-30 09:00:00,6961000.0,7007000.0,6809000.0,6964000.0,1509408001422,3621429303.55395,521.84628417,6961000.0,3000.0,0.0004309726
KRW-BTC,2017-10-31,2017-10-31 09:00:00,6965000.0,7479000.0,6965000.0,7422000.0,1509494399256,8331387759.05405,1170.54812455,6964000.0,458000.0,0.0657668007
KRW-BTC,2017-11-01,2017-11-01 09:00:00,7422000.0,7799000.0,7256000.0,7798000.0,1509580802181,8657129768.27674,1164.45059943,7422000.0,376000.0,0.0506601994
KRW-BTC,2017-11-02,2017-11-02 09:00:00,7790000.0,8596000.0,7500000.0,8217000.0,1509667187403,14621738292.19718,1806.67768011,7798000.0,419000.0,0.0537317261
KRW-BTC,2017-11-03,2017-11-03 09:00:00,8219000.0,8478000.0,8000000.0,8143000.0,1509753592912,8480692936.98769,1025.40458685,8217000.0,-74000.0,-0.0090057198
KRW-BTC,2017-11-04,2017-11-04 09:00:00,8136000.0,8400000.0,7560000.0,8346000.0,1509839996271,7137573137.46992,881.59851324,8143000.0,203000.0,0.0249293872
KRW-BTC,2017-11-05,2017-11-05 09:00:00,8345000.0,8620000.0,8280000.0,8453000.0,1509926384467,8409963563.14026,993.49954201,8346000.0,107000.0,0.0128205128
KRW-BTC,2017-11-06,2017-11-06 09:00:00,8454000.0,8480000.0,8030000.0,8060000.0,1510012797162,15924418602.8134,1914.09607157,8453000.0,-393000.0,-0.0464923696
KRW-BTC,2017-11-07,2017-11-07 09:00:00,8060000.0,8413000.0,8050000.0,8243000.0,1510099191396,15264884249.39165,1858.95589505,8060000.0,183000.0,0.0227047146
KRW-BTC,2017-11-08,2017-11-08 09:00:00,8244000.0,8639000.0,8060000.0,8339000.0,1510185598670,18964680864.9587,2280.72049163,8243000.0,96000.0,0.0116462453
KRW-BTC,2017-11-09,2017-11-09 09:00:00,8338000.0,8340000.0,8041000.0,8148000.0,1510271990541,20397973001.43914,2491.80910057,8339000.0,-191000.0,-0.022904425
KRW-BTC,2017-11-10,2017-11-10 09:00:00,8150000.0,8240000.0,7320000.0,7541000.0,1510358396107,28271699640.03251,3612.89564315,8148000.0,-607000.0,-0.074496809
KRW-BTC,2017-11-11,2017-11-11 09:00:00,7541000.0,7897000.0,7009000.0,7231000.0,1510444790084,25386732062.7362,3407.25730505,7541000.0,-310000.0,-0.0411086063
KRW-BTC,2017-11-12,2017-11-12 09:00:00,7231000.0,8250000.0,6476000.0,7132000.0,1510531196011,59303943335.4971,8255.02328981,7231000.0,-99000.0,-0.0136910524
KRW-BTC,2017-11-13,2017-11-13 09:00:00,7132000.0,7898000.0,6921000.0,7487000.0,1510617600615,68979166583.98106,9275.45757255,7132000.0,355000.0,0.049775659
KRW-BTC,2017-11-14,2017-11-14 09:00:00,7471000.0,7699000.0,7430000.0,7591000.0,1510703991351,49083415078.93159,6500.25828248,7487000.0,104000.0,0.013890744
KRW-BTC,2017-11-15,2017-11-15 09:00:00,7592000.0,8397000.0,7560000.0,8350000.0,1510790400104,60575966230.99168,7565.29668171,7591000.0,759000.0,0.0999868265
KRW-BTC,2017-11-16,2017-11-16 09:00:00,8350000.0,8750000.0,8150000.0,8710000.0,1510876799970,66362578166.67221,7885.12189571,8350000.0,360000.0,0.0431137725
KRW-BTC,2017-11-17,2017-11-17 09:00:00,8710000.0,8899000.0,8400000.0,8541000.0,1510963200057,73541971046.96329,8479.64307876,8710000.0,-169000.0,-0.0194029851
KRW-BTC,2017-11-18,2017-11-18 09:00:00,8542000.0,8699000.0,8356000.0,8618000.0,1511049600362,71270791002.62938,8359.23158399,8541000.0,77000.0,0.0090153378
KRW-BTC,2017-11-19,2017-11-19 09:00:00,8618000.0,8888000.0,8495000.0,8770000.0,1511136000080,51704190379.62344,6018.17460761,8618000.0,152000.0,0.0176375029
KRW-BTC,2017-11-20,2017-11-20 09:00:00,8770000.0,9181000.0,8655000.0,9025000.0,1511222400485,98856175269.8701,11144.14671373,8770000.0,255000.0,0.0290763968
KRW-BTC,2017-11-21,2017-11-21 09:00:00,8994000.0,9230000.0,8500000.0,8944000.0,1511308799173,132652866037.0233,14774.66683164,9025000.0,-81000.0,-0.0089750693
KRW-BTC,2017-11-22,2017-11-22 09:00:00,8944000.0,9200000.0,8932000.0,9084000.0,1511395199839,125645415654.13206,13847.87059897,8944000.0,140000.0,0.0156529517
KRW-BTC,2017-11-23,2017-11-23 09:00:00,9084000.0,9134000.0,8905000.0,8943000.0,1511481600096,125047210622.13188,13841.87719654,9084000.0,-141000.0,-0.0155217966
KRW-BTC,2017-11-24,2017-11-24 09:00:00,8945000.0,9670000.0,7182000.0,9195000.0,1511568000178,205808331428.20932,22584.05850985,8943000.0,252000.0,0.0281784636
KRW-BTC,2017-11-25,2017-11-25 09:00:00,9195000.0,9908000.0,8930000.0,9879000.0,1511654400167,127609531945.92574,13583.46813243,9195000.0,684000.0,0.0743882545
KRW-BTC,2017-11-26,2017-11-26 09:00:00,9879000.0,10750000.0,9751000.0,10344000.0,1511740800134,219495708155.25916,21616.95893054,9879000.0,465000.0,0.0470695415
KRW-BTC,2017-11-27,2017-11-27 09:00:00,10339000.0,11320000.0,10333000.0,11314000.0,1511827199670,212595498131.18753,19495.17150332,10344000.0,970000.0,0.0937741686
KRW-BTC,2017-11-28,2017-11-28 09:00:00,11315000.0,12074000.0,11111000.0,12048000.0,1511913599940,361833928118.68604,31149.61770187,11314000.0,734000.0,0.0648753756
KRW-BTC,2017-11-29,2017-11-29 09:00:00,12050000.0,13750000.0,10800000.0,11104000.0,1511999999035,583392545363.8435,46072.10048672,12048000.0,-944000.0,-0.0783532537
KRW-BTC,2017-11-30,2017-11-30 09:00:00,11114000.0,12550000.0,10017000.0,11935000.0,1512086401121,468921379821.1759,41015.72824001,11104000.0,831000.0,0.0748378963
KRW-BTC,2017-12-01,2017-12-01 09:00:00,11935000.0,12680000.0,11201000.0,12532000.0,1512172799090,361396684693.6415,30105.44287949,11935000.0,597000.0,0.0500209468
KRW-BTC,2017-12-02,2017-12-02 09:00:00,12532000.0,13180000.0,12350000.0,12971000.0,1512259200166,373696719511.07733,29070.16589351,12532000.0,439000.0,0.0350303224
KRW-BTC,2017-12-03,2017-12-03 09:00:00,12970000.0,13529000.0,12840000.0,13128000.0,1512345600142,342652005584.1855,26158.44322038,12971000.0,157000.0,0.0121039241
KRW-BTC,2017-12-04,2017-12-04 09:00:00,13120000.0,13688000.0,13119000.0,13684000.0,1512432001179,308794107045.7385,23034.66918821,13128000.0,556000.0,0.0423522243
KRW-BTC,2017-12-05,2017-12-05 09:00:00,13683000.0,14794000.0,13612000.0,14645000.0,1512518400020,393354372550.99945,27842.82483202,13684000.0,961000.0,0.0702280035
KRW-BTC,2017-12-06,2017-12-06 09:00:00,14645000.0,19006000.0,14645000.0,18390000.0,1512604740000,764486810510.9639,46874.81572282,14645000.0,3745000.0,0.2557186753
KRW-BTC,2017-12-07,2017-12-07 09:00:00,18389000.0,23860000.0,17965000.0,23791000.0,1512691200081,1118269518418.238,55171.05694429,18390000.0,5401000.0,0.293692224
KRW-BTC,2017-12-08,2017-12-08 09:00:00,23795000.0,24967000.0,16521000.0,20260000.0,1512777600070,2070532197879.6824,101681.96225121,23791000.0,-3531000.0,-0.1484174688
KRW-BTC,2017-12-09,2017-12-09 09:00:00,20259000.0,20877000.0,15257000.0,17769000.0,1512864000151,1017293699277.7094,57286.61272035,20260000.0,-2491000.0,-0.1229516288
KRW-BTC,2017-12-10,2017-12-10 09:00:00,17769000.0,18537000.0,13744000.0,17661000.0,1512950399973,1397576996544.1858,87737.90180131,17769000.0,-108000.0,-0.006078001
KRW-BTC,2017-12-11,2017-12-11 09:00:00,17661000.0,19989000.0,17520000.0,19307000.0,1513036799785,937491532254.3287,49104.26522594,17661000.0,1646000.0,0.0931997056
KRW-BTC,2017-12-12,2017-12-12 09:00:00,19307000.0,19549000.0,18497000.0,18940000.0,1513123201168,724954383604.7885,37765.66828121,19307000.0,-367000.0,-0.0190086497
KRW-BTC,2017-12-13,2017-12-13 09:00:00,18943000.0,19301000.0,17379000.0,18358000.0,1513209600157,720181409852.3256,38816.44091324,18940000.0,-582000.0,-0.0307286167
KRW-BTC,2017-12-14,2017-12-14 09:00:00,18356000.0,19312000.0,18101000.0,18660000.0,1513296000884,729015620961.669,39274.3089533,18358000.0,302000.0,0.0164505937
KRW-BTC,2017-12-15,2017-12-15 09:00:00,18664000.0,21558000.0,18539000.0,20075000.0,1513382402381,1078431840484.545,53514.06078424,18660000.0,1415000.0,0.0758306538
KRW-BTC,2017-12-16,2017-12-16 09:00:00,20080000.0,22475000.0,19810000.0,22205000.0,1513468800256,870835418750.3627,41694.09111338,20075000.0,2130000.0,0.1061021171
KRW-BTC,2017-12-17,2017-12-17 09:00:00,22208000.0,22961000.0,21000000.0,21881000.0,1513555200232,774987397539.5995,35122.33783135,22205000.0,-324000.0,-0.0145913083
KRW-BTC,2017-12-18,2017-12-18 09:00:00,21881000.0,22280000.0,20980000.0,22087000.0,1513641600072,864254636436.4166,39510.42923015,21881000.0,206000.0,0.0094145606
KRW-BTC,2017-12-19,2017-12-19 09:00:00,22086000.0,23741000.0,20450000.0,22367000.0,1513727999901,1076218244994.0664,48064.50573599,22087000.0,280000.0,0.0126771404
KRW-BTC,2017-12-20,2017-12-20 09:00:00,22385000.0,23299000.0,20600000.0,22638000.0,1513814399975,915787457576.3986,41426.79458212,22367000.0,271000.0,0.0121160638
KRW-BTC,2017-12-21,2017-12-21 09:00:00,22638000.0,23950000.0,20750000.0,22200000.0,1513900799455,974647759990.218,43263.77604079,22638000.0,-438000.0,-0.0193479989
KRW-BTC,2017-12-22,2017-12-22 09:00:00,22200000.0,22840000.0,16105000.0,19089000.0,1513987200107,1528909362094.557,79976.23837469,22200000.0,-3111000.0,-0.1401351351
KRW-BTC,2017-12-23,2017-12-23 09:00:00,19090000.0,21120000.0,18312000.0,20525000.0,1514073600232,1163881876672.5967,58485.96741678,19089000.0,1436000.0,0.0752265703
KRW-BTC,2017-12-24,2017-12-24 09:00:00,20523000.0,20770000.0,18499000.0,19592000.0,1514160000127,929024030188.0336,47643.13660186,20525000.0,-933000.0,-0.04545676
KRW-BTC,2017-12-25,2017-12-25 09:00:00,19589000.0,19950000.0,19210000.0,19822000.0,1514246400303,712237808781.7738,36350.71167524,19592000.0,230000.0,0.0117394855
KRW-BTC,2017-12-26,2017-12-26 09:00:00,19820000.0,22750000.0,19730000.0,21933000.0,1514332800273,1172199097072.874,54654.19806036,19822000.0,2111000.0,0.1064978307
KRW-BTC,2017-12-27,2017-12-27 09:00:00,21932000.0,22650000.0,21074000.0,21970000.0,1514419200311,825256664954.1604,37639.65248022,21933000.0,37000.0,0.0016869557
KRW-BTC,2017-12-28,2017-12-28 09:00:00,21964000.0,22000000.0,18323000.0,19565000.0,1514505600334,896259224119.7755,45244.24799131,21970000.0,-2405000.0,-0.1094674556
KRW-BTC,2017-12-29,2017-12-29 09:00:00,19565000.0,19738000.0,18530000.0,19290000.0,1514592000376,716201020435.9087,37594.01226698,19565000.0,-275000.0,-0.0140557117
KRW-BTC,2017-12-30,2017-12-30 09:00:00,19290000.0,19478000.0,17800000.0,18415000.0,1514678399751,790630766740.0131,42305.07850317,19290000.0,-875000.0,-0.0453602903
KRW-BTC,2017-12-31,2017-12-31 09:00:00,18401000.0,19637000.0,18208000.0,19280000.0,1514764800514,553830467343.9598,29363.72193703,18415000.0,865000.0,0.0469725767
KRW-BTC,2018-01-01,2018-01-01 09:00:00,19278000.0,19420000.0,18290000.0,18860000.0,1514851200537,529081640813.1479,27949.67613401,19280000.0,-420000.0,-0.0217842324
KRW-BTC,2018-01-02,2018-01-02 09:00:00,18875000.0,21720000.0,18510000.0,20263000.0,1514937600502,819264196997.1248,41968.47300909,18860000.0,1403000.0,0.0743902439
KRW-BTC,2018-01-03,2018-01-03 09:00:00,20263000.0,21329000.0,19520000.0,20900000.0,1515024004755,888631010674.476,43168.2576045,20263000.0,637000.0,0.0314366086
KRW-BTC,2018-01-04,2018-01-04 09:00:00,20899000.0,23685000.0,19700000.0,23402000.0,1515110400543,979226883111.2864,45192.45174241,20900000.0,2502000.0,0.1197129187
KRW-BTC,2018-01-05,2018-01-05 09:00:00,23403000.0,28589000.0,22338000.0,27444000.0,1515196800655,1418955321795.6082,56774.8498417,23402000.0,4042000.0,0.1727202803
KRW-BTC,2018-01-06,2018-01-06 09:00:00,27451000.0,28885000.0,23966000.0,26924000.0,1515283200552,1279382915220.0127,48971.92813081,27444000.0,-520000.0,-0.0189476753
KRW-BTC,2018-01-07,2018-01-07 09:00:00,26924000.0,27210000.0,24543000.0,25859000.0,1515369600758,805561532281.216,31015.72258622,26924000.0,-1065000.0,-0.0395557867
KRW-BTC,2018-01-08,2018-01-08 09:00:00,25859000.0,26449000.0,23850000.0,25230000.0,1515456000874,1135051093505.0276,44839.78332164,25859000.0,-629000.0,-0.0243242198
KRW-BTC,2018-01-09,2018-01-09 09:00:00,25200000.0,25786000.0,22858000.0,24016000.0,1515542400924,1009654272888.3821,41558.52968619,25230000.0,-1214000.0,-0.0481173207
KRW-BTC,2018-01-10,2018-01-10 09:00:00,24015000.0,24200000.0,19689000.0,21317000.0,1515628801047,969877439744.969,43736.28693252,24016000.0,-2699000.0,-0.1123834111
KRW-BTC,2018-01-11,2018-01-11 09:00:00,21300000.0,21890000.0,14104000.0,19389000.0,1515715201078,1181041028214.3333,61924.52562032,21317000.0,-1928000.0,-0.0904442464
KRW-BTC,2018-01-12,2018-01-12 09:00:00,19359000.0,21143000.0,18005000.0,20745000.0,1515801601068,858088176720.2753,43734.14210793,19362000.0,1383000.0,0.0714285714
KRW-BTC,2018-01-13,2018-01-13 09:00:00,20750000.0,21399000.0,19886000.0,21135000.0,1515888001138,634210697267.0924,30172.38452901,20745000.0,390000.0,0.0187997108
KRW-BTC,2018-01-14,2018-01-14 09:00:00,21130000.0,21299000.0,18131000.0,19206000.0,1515974399061,586547552576.8049,30105.53009772,21135000.0,-1929000.0,-0.0912704045
KRW-BTC,2018-01-15,2018-01-15 09:00:00,19210000.0,20143000.0,18201000.0,19106000.0,1516060801166,571781083101.0643,29582.95249892,19206000.0,-100000.0,-0.0052067062
KRW-BTC,2018-01-16,2018-01-16 09:00:00,19107000.0,19219000.0,11543000.0,14279000.0,1516147200984,947014914659.6864,59293.11406178,19106000.0,-4827000.0,-0.2526431487
KRW-BTC,2018-01-17,2018-01-17 09:00:00,14279000.0,15722000.0,11901000.0,14951000.0,1516233601827,809847311215.9441,60203.17701055,14279000.0,672000.0,0.0470621192
KRW-BTC,2018-01-18,2018-01-18 09:00:00,14954000.0,16370000.0,13650000.0,14880000.0,1516320000950,651400884897.6748,44001.92022842,14951000.0,-71000.0,-0.0047488462
KRW-BTC,2018-01-19,2018-01-19 09:00:00,14879000.0,15448000.0,14352000.0,15372000.0,1516406400307,411893497250.1491,27555.99477285,14880000.0,492000.0,0.0330645161
KRW-BTC,2018-01-20,2018-01-20 09:00:00,15370000.0,17208000.0,15225000.0,16858000.0,1516492801367,845326077909.618,51147.45641776,15372000.0,1486000.0,0.0966692688
KRW-BTC,2018-01-21,2018-01-21 09:00:00,16852000.0,16943000.0,13735000.0,14640000.0,1516579201362,660819520492.5259,44140.37058853,16858000.0,-2218000.0,-0.1315695812
KRW-BTC,2018-01-22,2018-01-22 09:00:00,14640000.0,14910000.0,12981000.0,13944000.0,1516665601554,424614464672.0995,30529.67525826,14640000.0,-696000.0,-0.0475409836
KRW-BTC,2018-01-23,2018-01-23 09:00:00,13968000.0,14044000.0,12311000.0,13141000.0,1516752001183,369065658985.68024,28032.38238629,13944000.0,-803000.0,-0.0575874928
KRW-BTC,2018-01-24,2018-01-24 09:00:00,13139000.0,13780000.0,12600000.0,13450000.0,1516838400506,317699876835.02954,24236.06233141,13141000.0,309000.0,0.0235141922
KRW-BTC,2018-01-25,2018-01-25 09:00:00,13450000.0,13900000.0,12800000.0,12973000.0,1516924801410,251329639983.3806,18943.75635587,13450000.0,-477000.0,-0.035464684
KRW-BTC,2018-01-26,2018-01-26 09:00:00,12973000.0,13350000.0,11500000.0,12876000.0,1517011201341,379440453340.1203,30279.96147663,12973000.0,-97000.0,-0.0074770678
KRW-BTC,2018-01-27,2018-01-27 09:00:00,12876000.0,13132000.0,12300000.0,12900000.0,1517097600696,235439540808.33005,18535.39984957,12876000.0,24000.0,0.0018639329
KRW-BTC,2018-01-28,2018-01-28 09:00:00,12903000.0,13570000.0,12810000.0,13352000.0,1517184001236,271698507514.6077,20508.73672486,12900000.0,452000.0,0.0350387597
KRW-BTC,2018-01-29,2018-01-29 09:00:00,13351000.0,13489000.0,12560000.0,12909000.0,1517270401320,205582977986.2608,15844.07278917,13352000.0,-443000.0,-0.03317855
KRW-BTC,2018-01-30,2018-01-30 09:00:00,12909000.0,12957000.0,11310000.0,11627000.0,1517356801665,258564860359.41562,21206.17024434,12909000.0,-1282000.0,-0.0993105585
KRW-BTC,2018-01-31,2018-01-31 09:00:00,11658000.0,11900000.0,10400000.0,11429000.0,1517443201774,259417060684.88272,23175.02109439,11627000.0,-198000.0,-0.0170293283
KRW-BTC,2018-02-01,2018-02-01 09:00:00,11439000.0,11490000.0,10011000.0,10070000.0,1517529601764,236864009092.77927,22225.67551126,11429000.0,-1359000.0,-0.1189080409
KRW-BTC,2018-02-02,2018-02-02 09:00:00,10061000.0,10120000.0,7830000.0,9410000.0,1517616000940,465637634475.9709,52018.46095277,10070000.0,-660000.0,-0.0655412115
KRW-BTC,2018-02-03,2018-02-03 09:00:00,9410000.0,10200000.0,8400000.0,9520000.0,1517702401031,235540121101.8899,25405.73722415,9410000.0,110000.0,0.0116896918
KRW-BTC,2018-02-04,2018-02-04 09:00:00,9524000.0,10158000.0,8765000.0,8900000.0,1517788801580,178483940514.02716,18781.02389914,9520000.0,-620000.0,-0.0651260504
KRW-BTC,2018-02-05,2018-02-05 09:00:00,8900000.0,9250000.0,7715000.0,7832000.0,1517875201526,176326495552.98172,20709.59917348,8900000.0,-1068000.0,-0.12
KRW-BTC,2018-02-06,2018-02-06 09:00:00,7831000.0,8698000.0,6620000.0,8642000.0,1517961602170,335384726987.6974,44456.45172294,7832000.0,810000.0,0.103421859
KRW-BTC,2018-02-07,2018-02-07 09:00:00,8646000.0,9199000.0,7990000.0,8387000.0,1518048002050,294441762043.2158,33928.15634331,8642000.0,-255000.0,-0.0295070586
KRW-BTC,2018-02-08,2018-02-08 09:00:00,8410000.0,9690000.0,8410000.0,9480000.0,1518134402215,351355936611.4521,38113.82546535,8387000.0,1093000.0,0.1303207345
KRW-BTC,2018-02-09,2018-02-09 09:00:00,9479000.0,9934000.0,9041000.0,9929000.0,1518220801792,277460223221.5223,29459.15309411,9480000.0,449000.0,0.0473628692
KRW-BTC,2018-02-10,2018-02-10 09:00:00,9929000.0,10656000.0,9475000.0,9959000.0,1518307202019,335316118019.4635,33057.11964565,9929000.0,30000.0,0.0030214523
KRW-BTC,2018-02-11,2018-02-11 09:00:00,9958000.0,10045000.0,9021000.0,9320000.0,1518393599276,166733129197.31808,17672.61615308,9959000.0,-639000.0,-0.0641630686
KRW-BTC,2018-02-12,2018-02-12 09:00:00,9319000.0,10195000.0,9305000.0,10140000.0,1518480002162,145173412651.06952,14756.72285892,9320000.0,820000.0,0.0879828326
KRW-BTC,2018-02-13,2018-02-13 09:00:00,10149000.0,10220000.0,9630000.0,9906000.0,1518566401730,136411104720.2393,13735.57073936,10140000.0,-234000.0,-0.0230769231
KRW-BTC,2018-02-14,2018-02-14 09:00:00,9906000.0,10510000.0,9896000.0,10473000.0,1518652802441,176544632905.03323,17264.67105928,9906000.0,567000.0,0.0572380376
KRW-BTC,2018-02-15,2018-02-15 09:00:00,10473000.0,11459000.0,10355000.0,11357000.0,1518739202235,293165904394.8277,26678.52011813,10473000.0,884000.0,0.0844075241
KRW-BTC,2018-02-16,2018-02-16 09:00:00,11357000.0,11800000.0,11151000.0,11462000.0,1518825602672,231906886587.65186,20284.75192278,11357000.0,105000.0,0.0092453993
KRW-BTC,2018-02-17,2018-02-17 09:00:00,11452000.0,12318000.0,11400000.0,12300000.0,1518912002573,406337968335.0321,34046.21887429,11462000.0,838000.0,0.0731111499
KRW-BTC,2018-02-18,2018-02-18 09:00:00,12300000.0,12755000.0,11522000.0,11966000.0,1518998402587,538048238909.2242,44163.19851131,12300000.0,-334000.0,-0.0271544715
KRW-BTC,2018-02-19,2018-02-19 09:00:00,11966000.0,12663000.0,11862000.0,12649000.0,1519084802135,278412584740.4364,22700.15187526,11966000.0,683000.0,0.0570783888
KRW-BTC,2018-02-20,2018-02-20 09:00:00,12649000.0,14149000.0,12645000.0,13548000.0,1519171202070,547143024491.79083,41015.58477391,12649000.0,899000.0,0.0710728121
KRW-BTC,2018-02-21,2018-02-21 09:00:00,13542000.0,13650000.0,12411000.0,12815000.0,1519257602795,492964886432.1959,37637.76832665,13548000.0,-733000.0,-0.0541039268
KRW-BTC,2018-02-22,2018-02-22 09:00:00,12823000.0,13031000.0,11660000.0,11763000.0,1519344002915,454695464304.42505,37219.85617238,12815000.0,-1052000.0,-0.0820912993
KRW-BTC,2018-02-23,2018-02-23 09:00:00,11761000.0,12170000.0,11271000.0,12065000.0,1519430402780,365496367275.31226,31053.11554548,11763000.0,302000.0,0.0256737227
KRW-BTC,2018-02-24,2018-02-24 09:00:00,12065000.0,12359000.0,11281000.0,11553000.0,1519516801194,257929366922.33112,21762.37417394,12065000.0,-512000.0,-0.0424368007
KRW-BTC,2018-02-25,2018-02-25 09:00:00,11553000.0,11613000.0,10805000.0,11230000.0,1519603202566,185760963538.6857,16499.63847015,11553000.0,-323000.0,-0.0279581061
KRW-BTC,2018-02-26,2018-02-26 09:00:00,11230000.0,11884000.0,10828000.0,11773000.0,1519689602848,276455308845.72,24307.10812212,11230000.0,543000.0,0.0483526269
KRW-BTC,2018-02-27,2018-02-27 09:00:00,11778000.0,12165000.0,11463000.0,11951000.0,1519776003191,244517108299.52618,20616.46007981,11773000.0,178000.0,0.0151193409
KRW-BTC,2018-02-28,2018-02-28 09:00:00,11957000.0,12405000.0,11777000.0,11860000.0,1519862403088,254046612860.76138,21114.42802459,11952000.0,-92000.0,-0.0076974565
KRW-BTC,2018-03-01,2018-03-01 09:00:00,11865000.0,12250000.0,11603000.0,12214000.0,1519948802102,248835909818.77716,20882.28518046,11860000.0,354000.0,0.0298482293
KRW-BTC,2018-03-02,2018-03-02 09:00:00,12214000.0,12581000.0,12123000.0,12465000.0,1520035202367,295637064034.3188,23945.11755659,12214000.0,251000.0,0.0205501883
KRW-BTC,2018-03-03,2018-03-03 09:00:00,12465000.0,12831000.0,12347000.0,12831000.0,1520121603164,228965630025.49286,18163.17519084,12465000.0,366000.0,0.0293622142
KRW-BTC,2018-03-04,2018-03-04 09:00:00,12831000.0,12840000.0,12255000.0,12592000.0,1520208002519,201340229993.18277,16125.74325513,12831000.0,-239000.0,-0.0186267633
KRW-BTC,2018-03-05,2018-03-05 09:00:00,12592000.0,12899000.0,12451000.0,12746000.0,1520294402879,175702590360.74634,13919.50036247,12592000.0,154000.0,0.0122299873
KRW-BTC,2018-03-06,2018-03-06 09:00:00,12745000.0,12746000.0,11900000.0,12023000.0,1520380803191,185315323122.34424,15007.19978396,12746000.0,-723000.0,-0.056723678
KRW-BTC,2018-03-07,2018-03-07 09:00:00,12023000.0,12221000.0,10900000.0,11200000.0,1520467202038,337512805826.04443,29131.72046073,12023000.0,-823000.0,-0.0684521334
KRW-BTC,2018-03-08,2018-03-08 09:00:00,11200000.0,11347000.0,10473000.0,10517000.0,1520553603175,232885684468.13763,21348.23284178,11200000.0,-683000.0,-0.0609821429
KRW-BTC,2018-03-09,2018-03-09 09:00:00,10519000.0,10644000.0,9306000.0,10418000.0,1520640003243,359087978449.7945,36119.23291786,10517000.0,-99000.0,-0.0094133308
KRW-BTC,2018-03-10,2018-03-10 09:00:00,10418000.0,10537000.0,9802000.0,9863000.0,1520726402650,173993980170.12576,16901.3779678,10418000.0,-555000.0,-0.053273181
KRW-BTC,2018-03-11,2018-03-11 09:00:00,9863000.0,10636000.0,9552000.0,10520000.0,1520812803112,222910153569.97626,22131.28254155,9863000.0,657000.0,0.0666125925
KRW-BTC,2018-03-12,2018-03-12 09:00:00,10519000.0,10879000.0,9895000.0,10213000.0,1520899203134,243013316061.00055,23224.57971188,10520000.0,-307000.0,-0.0291825095
KRW-BTC,2018-03-13,2018-03-13 09:00:00,10213000.0,10355000.0,9900000.0,10168000.0,1520985603228,163563552693.13174,16134.0145346,10213000.0,-45000.0,-0.004406149
KRW-BTC,2018-03-14,2018-03-14 09:00:00,10167000.0,10265000.0,9000000.0,9153000.0,1521072000537,188527487356.7046,19491.85046288,10168000.0,-1015000.0,-0.099822974
KRW-BTC,2018-03-15,2018-03-15 09:00:00,9141000.0,9300000.0,8438000.0,9115000.0,1521158398414,249635075454.0921,28078.89544603,9153000.0,-38000.0,-0.0041516443
KRW-BTC,2018-03-16,2018-03-16 09:00:00,9115000.0,9310000.0,8763000.0,9095000.0,1521244804532,132742166404.73773,14610.88215893,9115000.0,-20000.0,-0.0021941854
KRW-BTC,2018-03-17,2018-03-17 09:00:00,9095000.0,9150000.0,8521000.0,8667000.0,1521331203641,85560272227.023,9640.05582315,9095000.0,-428000.0,-0.0470588235
KRW-BTC,2018-03-18,2018-03-18 09:00:00,8667000.0,9080000.0,8056000.0,9018000.0,1521417602589,177096093168.42688,20951.81009811,8667000.0,351000.0,0.0404984424
KRW-BTC,2018-03-19,2018-03-19 09:00:00,9018000.0,9755000.0,8870000.0,9718000.0,1521504003732,245419472243.3094,26470.16482589,9018000.0,700000.0,0.0776225327
KRW-BTC,2018-03-20,2018-03-20 09:00:00,9718000.0,9996000.0,9160000.0,9829000.0,1521590403360,196491719564.26718,20520.44702784,9718000.0,111000.0,0.0114221033
KRW-BTC,2018-03-21,2018-03-21 09:00:00,9826000.0,10165000.0,9738000.0,9919000.0,1521676803858,165715121214.27365,16611.83303474,9829000.0,90000.0,0.0091565775
KRW-BTC,2018-03-22,2018-03-22 09:00:00,9919000.0,10050000.0,9505000.0,9783000.0,1521763203582,127016149438.50511,12988.83698289,9919000.0,-136000.0,-0.0137110596
KRW-BTC,2018-03-23,2018-03-23 09:00:00,9779000.0,9850000.0,9253000.0,9847000.0,1521849603529,142667325470.46442,15006.67818287,9783000.0,64000.0,0.0065419605
KRW-BTC,2018-03-24,2018-03-24 09:00:00,9847000.0,10000000.0,9550000.0,9580000.0,1521936002531,165029218994.35327,16804.4057451,9847000.0,-267000.0,-0.0271148573
KRW-BTC,2018-03-25,2018-03-25 09:00:00,9580000.0,9649000.0,9408000.0,9477000.0,1522022401505,105095192622.35017,11031.07579798,9580000.0,-103000.0,-0.0107515658
KRW-BTC,2018-03-26,2018-03-26 09:00:00,9480000.0,9570000.0,8801000.0,9052000.0,1522108801885,127581011940.66682,13942.96366853,9477000.0,-425000.0,-0.0448454152
KRW-BTC,2018-03-27,2018-03-27 09:00:00,9054000.0,9141000.0,8520000.0,8651000.0,1522195202845,125080254901.64694,14209.6371507,9052000.0,-401000.0,-0.0442996023
KRW-BTC,2018-03-28,2018-03-28 09:00:00,8651000.0,8886000.0,8560000.0,8730000.0,1522281604169,86802477741.02734,9953.7299998,8651000.0,79000.0,0.0091318923
KRW-BTC,2018-03-29,2018-03-29 09:00:00,8730000.0,8766000.0,7780000.0,7915000.0,1522368003136,151238051477.14026,18276.83128802,8730000.0,-815000.0,-0.0933562428
KRW-BTC,2018-03-30,2018-03-30 09:00:00,7911000.0,8090000.0,7431000.0,7602000.0,1522454403865,164045187614.0903,21297.75214749,7915000.0,-313000.0,-0.0395451674
KRW-BTC,2018-03-31,2018-03-31 09:00:00,7602000.0,7934000.0,7540000.0,7697000.0,1522540804153,100867346789.22931,13024.44541947,7602000.0,95000.0,0.0124967114
KRW-BTC,2018-04-01,2018-04-01 09:00:00,7688000.0,7774000.0,7087000.0,7482000.0,1522627204113,122342431083.24059,16446.53644957,7697000.0,-215000.0,-0.0279329609
KRW-BTC,2018-04-02,2018-04-02 09:00:00,7486000.0,7851000.0,7390000.0,7710000.0,1522713602549,120687120257.72769,15765.52176574,7482000.0,228000.0,0.0304731355
KRW-BTC,2018-04-03,2018-04-03 09:00:00,7713000.0,8175000.0,7643000.0,8092000.0,1522800003226,167328191097.50308,21006.76635312,7710000.0,382000.0,0.0495460441
KRW-BTC,2018-04-04,2018-04-04 09:00:00,8091000.0,8120000.0,7403000.0,7492000.0,1522886404185,131238696808.84602,16809.36722484,8092000.0,-600000.0,-0.074147306
KRW-BTC,2018-04-05,2018-04-05 09:00:00,7492000.0,7834000.0,7188000.0,7408000.0,1522972804139,242670189046.2861,32381.00201758,7492000.0,-84000.0,-0.0112119594
KRW-BTC,2018-04-06,2018-04-06 09:00:00,7408000.0,7488000.0,7125000.0,7280000.0,1523059202461,68879512444.37962,9428.54399951,7408000.0,-128000.0,-0.0172786177
KRW-BTC,2018-04-07,2018-04-07 09:00:00,7277000.0,7673000.0,7232000.0,7533000.0,1523145601845,91234343725.51886,12182.3813802,7280000.0,253000.0,0.0347527473
KRW-BTC,2018-04-08,2018-04-08 09:00:00,7533000.0,7657000.0,7480000.0,7622000.0,1523232003148,88577530197.90446,11679.05867346,7533000.0,89000.0,0.0118146821
KRW-BTC,2018-04-09,2018-04-09 09:00:00,7621000.0,7752000.0,7290000.0,7450000.0,1523318404631,126574227027.07414,16765.03922053,7622000.0,-172000.0,-0.0225662556
KRW-BTC,2018-04-10,2018-04-10 09:00:00,7449000.0,7468000.0,7263000.0,7428000.0,1523404803114,90344438501.36398,12263.5228475,7450000.0,-22000.0,-0.0029530201
KRW-BTC,2018-04-11,2018-04-11 09:00:00,7428000.0,7483000.0,7351000.0,7429000.0,1523491204318,96697377105.59875,13067.55564243,7428000.0,1000.0,0.0001346257
KRW-BTC,2018-04-12,2018-04-12 09:00:00,7432000.0,8280000.0,7200000.0,8121000.0,1523577604223,316269494560.4542,40389.83330536,7429000.0,692000.0,0.0931484722
KRW-BTC,2018-04-13,2018-04-13 09:00:00,8125000.0,8625000.0,7925000.0,8375000.0,1523664004449,247054211917.69547,29730.02055218,8121000.0,254000.0,0.0312769363
KRW-BTC,2018-04-14,2018-04-14 09:00:00,8375000.0,8575000.0,8120000.0,8350000.0,1523750404190,156797203424.5986,18691.42301782,8375000.0,-25000.0,-0.0029850746
KRW-BTC,2018-04-15,2018-04-15 09:00:00,8349000.0,8710000.0,8250000.0,8663000.0,1523836802988,131664347777.28394,15472.99524881,8350000.0,313000.0,0.0374850299
KRW-BTC,2018-04-16,2018-04-16 09:00:00,8665000.0,8840000.0,8449000.0,8663000.0,1523923204766,148012520660.67407,17194.39323556,8663000.0,,0.0
KRW-BTC,2018-04-17,2018-04-17 09:00:00,8663000.0,8704000.0,8360000.0,8450000.0,1524009604922,211660883356.34955,24694.92021697,8663000.0,-213000.0,-0.0245873254
KRW-BTC,2018-04-18,2018-04-18 09:00:00,8450000.0,8679000.0,8445000.0,8652000.0,1524096005221,177084737091.46255,20637.8768936,8450000.0,202000.0,0.0239053254
KRW-BTC,2018-04-19,2018-04-19 09:00:00,8652000.0,8999000.0,8601000.0,8994000.0,1524182405060,253644393790.00677,28767.85905612,8652000.0,342000.0,0.0395284327
KRW-BTC,2018-04-20,2018-04-20 09:00:00,8994000.0,9666000.0,8710000.0,9552000.0,1524268804742,232623032866.6231,25528.47959504,8994000.0,558000.0,0.0620413609
KRW-BTC,2018-04-21,2018-04-21 09:00:00,9552000.0,9845000.0,9285000.0,9735000.0,1524355205371,177162045379.61438,18553.75599688,9552000.0,183000.0,0.0191582915
KRW-BTC,2018-04-22,2018-04-22 09:00:00,9735000.0,9757000.0,9500000.0,9602000.0,1524441605310,121047685659.1874,12583.32708627,9735000.0,-133000.0,-0.0136620442
KRW-BTC,2018-04-23,2018-04-23 09:00:00,9602000.0,9771000.0,9530000.0,9760000.0,1524528004979,124792552711.50038,12885.92089887,9602000.0,158000.0,0.0164549052
KRW-BTC,2018-04-24,2018-04-24 09:00:00,9758000.0,10670000.0,9730000.0,10505000.0,1524614405450,235821532415.81827,23344.4840328,9760000.0,745000.0,0.0763319672
KRW-BTC,2018-04-25,2018-04-25 09:00:00,10505000.0,10755000.0,9723000.0,9829000.0,1524700805614,262214242080.33646,25689.72597052,10505000.0,-676000.0,-0.0643503094
KRW-BTC,2018-04-26,2018-04-26 09:00:00,9829000.0,10508000.0,9510000.0,10130000.0,1524787205255,218685659196.67456,22295.30584657,9829000.0,301000.0,0.0306236647
KRW-BTC,2018-04-27,2018-04-27 09:00:00,10130000.0,10200000.0,9778000.0,9819000.0,1524873605421,176388411503.23834,17528.43197899,10130000.0,-311000.0,-0.0307008885
KRW-BTC,2018-04-28,2018-04-28 09:00:00,9821000.0,10118000.0,9750000.0,10043000.0,1524960005292,121743481137.66089,12164.64763884,9819000.0,224000.0,0.0228129137
KRW-BTC,2018-04-29,2018-04-29 09:00:00,10043000.0,10256000.0,9894000.0,10187000.0,1525046403000,150206350508.26474,14834.01522815,10043000.0,144000.0,0.0143383451
KRW-BTC,2018-04-30,2018-04-30 09:00:00,10187000.0,10292000.0,9934000.0,10138000.0,1525132804146,150445687889.79968,14851.10015753,10187000.0,-49000.0,-0.004810052
KRW-BTC,2018-05-01,2018-05-01 09:00:00,10135000.0,10144000.0,9740000.0,9896000.0,1525219198776,152795886765.37103,15399.91370228,10138000.0,-242000.0,-0.0238705859
KRW-BTC,2018-05-02,2018-05-02 09:00:00,9896000.0,10078000.0,9811000.0,10032000.0,1525305605739,117882417036.4124,11828.98111498,9896000.0,136000.0,0.0137429264
KRW-BTC,2018-05-03,2018-05-03 09:00:00,10032000.0,10785000.0,10010000.0,10683000.0,1525392004403,208675848181.56223,20391.11856627,10032000.0,651000.0,0.0648923445
KRW-BTC,2018-05-04,2018-05-04 09:00:00,10670000.0,10901000.0,10500000.0,10645000.0,1525478404448,133814513969.93172,12582.44048262,10683000.0,-38000.0,-0.0035570533
KRW-BTC,2018-05-05,2018-05-05 09:00:00,10645000.0,10907000.0,10621000.0,10820000.0,1525564804485,103069640740.38638,9581.87522246,10645000.0,175000.0,0.016439643
KRW-BTC,2018-05-06,2018-05-06 09:00:00,10820000.0,10963000.0,10500000.0,10684000.0,1525651205843,94436279577.79558,8806.00591903,10820000.0,-136000.0,-0.0125693161
KRW-BTC,2018-05-07,2018-05-07 09:00:00,10684000.0,10721000.0,10264000.0,10422000.0,1525737604866,84745378279.00043,8143.48490464,10684000.0,-262000.0,-0.0245226507
KRW-BTC,2018-05-08,2018-05-08 09:00:00,10439000.0,10499000.0,10130000.0,10233000.0,1525824006169,78939835695.70612,7651.23404175,10422000.0,-189000.0,-0.018134715
KRW-BTC,2018-05-09,2018-05-09 09:00:00,10230000.0,10433000.0,9917000.0,10405000.0,1525910406426,101378937934.76323,9955.39479461,10233000.0,172000.0,0.0168083651
KRW-BTC,2018-05-10,2018-05-10 09:00:00,10405000.0,10474000.0,9895000.0,9976000.0,1525996806325,93275451569.68932,9077.78269458,10405000.0,-429000.0,-0.0412301778
KRW-BTC,2018-05-11,2018-05-11 09:00:00,9976000.0,9985000.0,8788000.0,9256000.0,1526083205908,199207644320.68726,20997.66993227,9976000.0,-720000.0,-0.0721732157
KRW-BTC,2018-05-12,2018-05-12 09:00:00,9257000.0,9644000.0,9014000.0,9481000.0,1526169606411,102591046951.7613,10980.18990988,9256000.0,225000.0,0.0243085566
KRW-BTC,2018-05-13,2018-05-13 09:00:00,9480000.0,9851000.0,9360000.0,9803000.0,1526256004669,81838304671.07578,8513.44899868,9481000.0,322000.0,0.0339626622
KRW-BTC,2018-05-14,2018-05-14 09:00:00,9804000.0,9935000.0,9400000.0,9797000.0,1526342406131,124034606903.58357,12813.13382791,9803000.0,-6000.0,-0.0006120575
KRW-BTC,2018-05-15,2018-05-15 09:00:00,9802000.0,9879000.0,9458000.0,9500000.0,1526428806285,80714050266.3245,8325.82703617,9797000.0,-297000.0,-0.0303154027
KRW-BTC,2018-05-16,2018-05-16 09:00:00,9500000.0,9542000.0,9015000.0,9297000.0,1526515206097,113015017992.22574,12218.79341156,9500000.0,-203000.0,-0.0213684211
KRW-BTC,2018-05-17,2018-05-17 09:00:00,9297000.0,9390000.0,9020000.0,9090000.0,1526601605246,63909130322.47995,6921.98679007,9297000.0,-207000.0,-0.0222652469
KRW-BTC,2018-05-18,2018-05-18 09:00:00,9072000.0,9186000.0,8881000.0,9165000.0,1526688006777,53233771175.10834,5904.08097087,9090000.0,75000.0,0.0082508251
KRW-BTC,2018-05-19,2018-05-19 09:00:00,9165000.0,9299000.0,9068000.0,9112000.0,1526774404048,57548357609.8002,6285.06750236,9165000.0,-53000.0,-0.0057828696
KRW-BTC,2018-05-20,2018-05-20 09:00:00,9112000.0,9398000.0,9051000.0,9370000.0,1526860804898,45169962150.05477,4901.03255016,9112000.0,258000.0,0.0283143108
KRW-BTC,2018-05-21,2018-05-21 09:00:00,9370000.0,9439000.0,9279000.0,9345000.0,1526947189831,44399589675.22824,4741.95012493,9370000.0,-25000.0,-0.0026680896
KRW-BTC,2018-05-22,2018-05-22 09:00:00,9345000.0,9356000.0,8931000.0,8940000.0,1527033606115,45871812674.70519,4999.60324703,9345000.0,-405000.0,-0.0433386838
KRW-BTC,2018-05-23,2018-05-23 09:00:00,8940000.0,9020000.0,8433000.0,8483000.0,1527120005790,71269244524.02399,8085.0532098,8940000.0,-457000.0,-0.0511185682
KRW-BTC,2018-05-24,2018-05-24 09:00:00,8483000.0,8767000.0,8185000.0,8415000.0,1527206406397,73928834982.35529,8771.34270455,8483000.0,-68000.0,-0.0080160321
KRW-BTC,2018-05-25,2018-05-25 09:00:00,8415000.0,8480000.0,8180000.0,8317000.0,1527292804940,35876549723.33502,4317.19540355,8415000.0,-98000.0,-0.0116458705
KRW-BTC,2018-05-26,2018-05-26 09:00:00,8317000.0,8420000.0,8122000.0,8162000.0,1527379203064,25693093104.7013,3099.59149706,8317000.0,-155000.0,-0.0186365276
KRW-BTC,2018-05-27,2018-05-27 09:00:00,8162000.0,8216000.0,8040000.0,8182000.0,1527465603465,21410944206.51575,2635.09988761,8162000.0,20000.0,0.0024503798
KRW-BTC,2018-05-28,2018-05-28 09:00:00,8182000.0,8261000.0,7858000.0,7903000.0,1527552006168,47889340053.91693,5922.32658056,8182000.0,-279000.0,-0.0340992422
KRW-BTC,2018-05-29,2018-05-29 09:00:00,7903000.0,8360000.0,7813000.0,8299000.0,1527638404407,54079954310.94927,6682.61704253,7903000.0,396000.0,0.0501075541
KRW-BTC,2018-05-30,2018-05-30 09:00:00,8300000.0,8436000.0,8100000.0,8207000.0,1527724801437,56062998960.04118,6755.11057646,8299000.0,-92000.0,-0.011085673
KRW-BTC,2018-05-31,2018-05-31 09:00:00,8198000.0,8375000.0,8110000.0,8282000.0,1527811206423,41199561908.61046,4978.12880286,8207000.0,75000.0,0.0091385403
KRW-BTC,2018-06-01,2018-06-01 09:00:00,8278000.0,8370000.0,8139000.0,8282000.0,1527897602585,30985647855.544,3751.37371919,8282000.0,,0.0
KRW-BTC,2018-06-02,2018-06-02 09:00:00,8282000.0,8425000.0,8211000.0,8339000.0,1527984005184,29631281616.29864,3557.44198334,8282000.0,57000.0,0.0068823956
KRW-BTC,2018-06-03,2018-06-03 09:00:00,8338000.0,8443000.0,8297000.0,8419000.0,1528070405805,31491017081.69533,3755.93937776,8339000.0,80000.0,0.0095934764
KRW-BTC,2018-06-04,2018-06-04 09:00:00,8419000.0,8477000.0,8206000.0,8248000.0,1528156803977,30073576203.69768,3615.54200858,8419000.0,-171000.0,-0.0203112009
KRW-BTC,2018-06-05,2018-06-05 09:00:00,8241000.0,8400000.0,8130000.0,8360000.0,1528243202543,30574008152.5506,3715.39795807,8248000.0,112000.0,0.0135790495
KRW-BTC,2018-06-06,2018-06-06 09:00:00,8359000.0,8400000.0,8208000.0,8359000.0,1528329606482,27751918926.98776,3334.03058018,8360000.0,-1000.0,-0.0001196172
KRW-BTC,2018-06-07,2018-06-07 09:00:00,8358000.0,8490000.0,8330000.0,8375000.0,1528415997870,28772117046.82323,3432.43923415,8359000.0,16000.0,0.0019141046
KRW-BTC,2018-06-08,2018-06-08 09:00:00,8375000.0,8385000.0,8268000.0,8341000.0,1528502405960,22361068528.87662,2685.93901923,8375000.0,-34000.0,-0.0040597015
KRW-BTC,2018-06-09,2018-06-09 09:00:00,8341000.0,8370000.0,8205000.0,8233000.0,1528588803021,13807141637.38603,1658.39383848,8341000.0,-108000.0,-0.0129480878
KRW-BTC,2018-06-10,2018-06-10 09:00:00,8233000.0,8247000.0,7425000.0,7576000.0,1528675205979,58198185181.56478,7445.15112262,8233000.0,-657000.0,-0.0798008017
KRW-BTC,2018-06-11,2018-06-11 09:00:00,7576000.0,7662000.0,7362000.0,7635000.0,1528761605772,32342844908.58467,4309.230986,7576000.0,59000.0,0.0077877508
KRW-BTC,2018-06-12,2018-06-12 09:00:00,7635000.0,7685000.0,7270000.0,7350000.0,1528848005793,37952946026.02549,5044.24648135,7635000.0,-285000.0,-0.0373280943
KRW-BTC,2018-06-13,2018-06-13 09:00:00,7350000.0,7390000.0,6951000.0,7040000.0,1528934404786,35453527846.16827,4943.24050185,7350000.0,-310000.0,-0.0421768707
KRW-BTC,2018-06-14,2018-06-14 09:00:00,7039000.0,7380000.0,6977000.0,7355000.0,1529020804801,46891272332.02168,6511.9470463,7040000.0,315000.0,0.0447443182
KRW-BTC,2018-06-15,2018-06-15 09:00:00,7363000.0,7399000.0,7151000.0,7180000.0,1529107200867,24092415996.67304,3302.08916025,7355000.0,-175000.0,-0.0237933379
KRW-BTC,2018-06-16,2018-06-16 09:00:00,7180000.0,7336000.0,7116000.0,7277000.0,1529193603343,14662383632.77435,2031.22860933,7180000.0,97000.0,0.0135097493
KRW-BTC,2018-06-17,2018-06-17 09:00:00,7275000.0,7329000.0,7206000.0,7218000.0,1529279998160,10927666173.81766,1502.42292843,7277000.0,-59000.0,-0.0081077367
KRW-BTC,2018-06-18,2018-06-18 09:00:00,7231000.0,7550000.0,7135000.0,7461000.0,1529366405600,22285457937.4941,3050.85296824,7218000.0,243000.0,0.0336658354
KRW-BTC,2018-06-19,2018-06-19 09:00:00,7461000.0,7649000.0,7370000.0,7553000.0,1529452796384,28804682229.34449,3830.01250877,7461000.0,92000.0,0.0123307868
KRW-BTC,2018-06-20,2018-06-20 09:00:00,7553000.0,7594000.0,7110000.0,7538000.0,1529539203584,42569533207.24383,5808.17313215,7553000.0,-15000.0,-0.0019859658
KRW-BTC,2018-06-21,2018-06-21 09:00:00,7538000.0,7580000.0,7445000.0,7511000.0,1529625604638,23106255437.47773,3078.51433366,7538000.0,-27000.0,-0.003581852
KRW-BTC,2018-06-22,2018-06-22 09:00:00,7511000.0,7537000.0,6870000.0,6962000.0,1529712001168,49553362438.12265,6852.56894387,7511000.0,-549000.0,-0.0730927972
KRW-BTC,2018-06-23,2018-06-23 09:00:00,6965000.0,7100000.0,6845000.0,7030000.0,1529798404937,21493652923.16193,3078.68993934,6962000.0,68000.0,0.0097673082
KRW-BTC,2018-06-24,2018-06-24 09:00:00,7030000.0,7144000.0,6622000.0,6992000.0,1529884802507,36910107013.7823,5399.26649924,7030000.0,-38000.0,-0.0054054054
KRW-BTC,2018-06-25,2018-06-25 09:00:00,6985000.0,7129000.0,6861000.0,7036000.0,1529971204427,30892837730.05834,4418.75854986,6992000.0,44000.0,0.0062929062
KRW-BTC,2018-06-26,2018-06-26 09:00:00,7034000.0,7070000.0,6861000.0,6900000.0,1530057602744,21953994618.78506,3141.53841943,7036000.0,-136000.0,-0.0193291643
KRW-BTC,2018-06-27,2018-06-27 09:00:00,6894000.0,6970000.0,6830000.0,6925000.0,1530144004497,21055052322.02451,3051.01947771,6900000.0,25000.0,0.0036231884
KRW-BTC,2018-06-28,2018-06-28 09:00:00,6925000.0,6965000.0,6649000.0,6682000.0,1530230404899,18234794914.82239,2655.94861923,6925000.0,-243000.0,-0.0350902527
KRW-BTC,2018-06-29,2018-06-29 09:00:00,6671000.0,7078000.0,6590000.0,6958000.0,1530316800017,24293395792.72123,3607.75854253,6682000.0,276000.0,0.0413049985
KRW-BTC,2018-06-30,2018-06-30 09:00:00,6958000.0,7290000.0,6950000.0,7164000.0,1530403203921,37267746906.35908,5213.79828927,6958000.0,206000.0,0.0296062087
KRW-BTC,2018-07-01,2018-07-01 09:00:00,7164000.0,7212000.0,7002000.0,7109000.0,1530489604308,22440527345.26462,3151.10448153,7164000.0,-55000.0,-0.0076772753
KRW-BTC,2018-07-02,2018-07-02 09:00:00,7109000.0,7358000.0,7024000.0,7297000.0,1530576003697,42865998436.10013,5925.85399143,7109000.0,188000.0,0.026445351
KRW-BTC,2018-07-03,2018-07-03 09:00:00,7289000.0,7399000.0,7231000.0,7298000.0,1530662402963,38445121264.07016,5239.81753579,7297000.0,1000.0,0.0001370426
KRW-BTC,2018-07-04,2018-07-04 09:00:00,7298000.0,7500000.0,7104000.0,7329000.0,1530748804544,36427212533.30592,4984.70182867,7298000.0,31000.0,0.0042477391
KRW-BTC,2018-07-05,2018-07-05 09:00:00,7329000.0,7445000.0,7270000.0,7377000.0,1530835200516,31508927550.17927,4272.33855027,7329000.0,48000.0,0.0065493246
KRW-BTC,2018-07-06,2018-07-06 09:00:00,7377000.0,7488000.0,7282000.0,7480000.0,1530921604098,39581194328.88056,5355.98766532,7377000.0,103000.0,0.0139623153
KRW-BTC,2018-07-07,2018-07-07 09:00:00,7480000.0,7638000.0,7361000.0,7550000.0,1531008002576,15484116511.70392,2077.59204362,7480000.0,70000.0,0.0093582888
KRW-BTC,2018-07-08,2018-07-08 09:00:00,7564000.0,7585000.0,7450000.0,7516000.0,1531094376330,21068399561.74593,2801.16193621,7550000.0,-34000.0,-0.0045033113
KRW-BTC,2018-07-09,2018-07-09 09:00:00,7515000.0,7623000.0,7451000.0,7474000.0,1531180802682,27893238457.68735,3713.61975808,7516000.0,-42000.0,-0.0055880788
KRW-BTC,2018-07-10,2018-07-10 09:00:00,7474000.0,7518000.0,7127000.0,7140000.0,1531267198047,38071008837.18583,5199.60476183,7474000.0,-334000.0,-0.0446882526
KRW-BTC,2018-07-11,2018-07-11 09:00:00,7141000.0,7269000.0,7110000.0,7226000.0,1531353597308,28194990186.3081,3913.795349,7140000.0,86000.0,0.0120448179
KRW-BTC,2018-07-12,2018-07-12 09:00:00,7227000.0,7230000.0,6941000.0,7090000.0,1531440003068,26333567342.26757,3724.82852502,7226000.0,-136000.0,-0.0188209244
KRW-BTC,2018-07-13,2018-07-13 09:00:00,7094000.0,7165000.0,6973000.0,7054000.0,1531526404608,26379295130.73169,3729.95994294,7090000.0,-36000.0,-0.005077574
KRW-BTC,2018-07-14,2018-07-14 09:00:00,7054000.0,7160000.0,7036000.0,7109000.0,1531612797015,14008581891.6733,1978.79800196,7054000.0,55000.0,0.0077969946
KRW-BTC,2018-07-15,2018-07-15 09:00:00,7109000.0,7226000.0,7088000.0,7178000.0,1531699202703,17095281208.52791,2385.70929754,7109000.0,69000.0,0.0097060065
KRW-BTC,2018-07-16,2018-07-16 09:00:00,7179000.0,7468000.0,7140000.0,7454000.0,1531785604070,45460277464.92213,6215.79333942,7178000.0,276000.0,0.038450822
KRW-BTC,2018-07-17,2018-07-17 09:00:00,7454000.0,8140000.0,7419000.0,8080000.0,1531872003561,68446683083.69896,8866.81669526,7454000.0,626000.0,0.0839817548
KRW-BTC,2018-07-18,2018-07-18 09:00:00,8080000.0,8450000.0,8071000.0,8302000.0,1531958404129,76253964448.4235,9226.44969555,8080000.0,222000.0,0.0274752475
KRW-BTC,2018-07-19,2018-07-19 09:00:00,8292000.0,8512000.0,8157000.0,8443000.0,1532044804576,50624771672.0089,6091.92994513,8302000.0,141000.0,0.0169838593
KRW-BTC,2018-07-20,2018-07-20 09:00:00,8443000.0,8671000.0,8300000.0,8351000.0,1532131205347,63135854963.9677,7480.68995162,8443000.0,-92000.0,-0.0108966007
KRW-BTC,2018-07-21,2018-07-21 09:00:00,8351000.0,8387000.0,8185000.0,8367000.0,1532217603482,28298722219.61907,3409.02111567,8351000.0,16000.0,0.0019159382
KRW-BTC,2018-07-22,2018-07-22 09:00:00,8367000.0,8530000.0,8270000.0,8349000.0,1532304004894,32451010552.14465,3853.45997189,8367000.0,-18000.0,-0.0021513087
KRW-BTC,2018-07-23,2018-07-23 09:00:00,8347000.0,8844000.0,8275000.0,8752000.0,1532390405479,85355562871.49326,9851.82951569,8349000.0,403000.0,0.0482692538
KRW-BTC,2018-07-24,2018-07-24 09:00:00,8752000.0,9525000.0,8701000.0,9452000.0,1532476805448,150323681666.352,16483.79995859,8752000.0,700000.0,0.0799817185
KRW-BTC,2018-07-25,2018-07-25 09:00:00,9458000.0,9578000.0,9054000.0,9158000.0,1532563204892,104663557067.26813,11238.21728445,9452000.0,-294000.0,-0.0311045281
KRW-BTC,2018-07-26,2018-07-26 09:00:00,9158000.0,9299000.0,8815000.0,8950000.0,1532649604847,70520276838.66537,7716.0562582,9158000.0,-208000.0,-0.0227123826
KRW-BTC,2018-07-27,2018-07-27 09:00:00,8950000.0,9259000.0,8780000.0,9122000.0,1532736005108,90182962072.15744,10051.36343373,8950000.0,172000.0,0.0192178771
KRW-BTC,2018-07-28,2018-07-28 09:00:00,9138000.0,9229000.0,9064000.0,9225000.0,1532822405535,35925663624.52046,3917.2811502,9122000.0,103000.0,0.0112913835
KRW-BTC,2018-07-29,2018-07-29 09:00:00,9229000.0,9310000.0,9153000.0,9238000.0,1532908805150,38024462760.96575,4119.53145198,9225000.0,13000.0,0.0014092141
KRW-BTC,2018-07-30,2018-07-30 09:00:00,9238000.0,9280000.0,8955000.0,9270000.0,1532995205451,50449604575.65224,5498.91600049,9238000.0,32000.0,0.0034639532
KRW-BTC,2018-07-31,2018-07-31 09:00:00,9270000.0,9278000.0,8690000.0,8800000.0,1533081602111,80229043588.81412,8921.98646091,9270000.0,-470000.0,-0.0507011866
KRW-BTC,2018-08-01,2018-08-01 09:00:00,8807000.0,8844000.0,8548000.0,8726000.0,1533081600000,52212740816.23962,6033.26071739,8800000.0,-74000.0,-0.0084090909
KRW-BTC,2018-08-02,2018-08-02 09:00:00,8725000.0,8940000.0,8626000.0,8731000.0,1533254404709,55220834823.04908,6310.22735019,8726000.0,5000.0,0.0005730002
KRW-BTC,2018-08-03,2018-08-03 09:00:00,8730000.0,8730000.0,8372000.0,8508000.0,1533340805197,52194607453.1399,6142.54285504,8731000.0,-223000.0,-0.0255411751
KRW-BTC,2018-08-04,2018-08-04 09:00:00,8508000.0,8610000.0,8000000.0,8074000.0,1533427199470,43253413179.65695,5211.46198607,8508000.0,-434000.0,-0.0510108134
KRW-BTC,2018-08-05,2018-08-05 09:00:00,8074000.0,8181000.0,7915000.0,8077000.0,1533513604664,28833153215.93532,3578.83736395,8074000.0,3000.0,0.000371563
KRW-BTC,2018-08-06,2018-08-06 09:00:00,8075000.0,8200000.0,7900000.0,7982000.0,1533600002739,30597433154.32253,3802.49007138,8077000.0,-95000.0,-0.0117617927
KRW-BTC,2018-08-07,2018-08-07 09:00:00,7973000.0,8190000.0,7750000.0,7760000.0,1533686404540,47355068348.96838,5910.20815105,7982000.0,-222000.0,-0.0278125783
KRW-BTC,2018-08-08,2018-08-08 09:00:00,7760000.0,7766000.0,7217000.0,7308000.0,1533772805103,59847789627.6061,7975.33732224,7760000.0,-452000.0,-0.0582474227
KRW-BTC,2018-08-09,2018-08-09 09:00:00,7310000.0,7644000.0,7203000.0,7543000.0,1533859203699,47072146232.22284,6342.05809593,7308000.0,235000.0,0.0321565408
KRW-BTC,2018-08-10,2018-08-10 09:00:00,7546000.0,7608000.0,7100000.0,7230000.0,1533945603153,42724349302.02549,5780.775775,7543000.0,-313000.0,-0.0414954262
KRW-BTC,2018-08-11,2018-08-11 09:00:00,7227000.0,7590000.0,7127000.0,7325000.0,1534032002426,36885101190.69186,5066.85216567,7230000.0,95000.0,0.0131396957
KRW-BTC,2018-08-12,2018-08-12 09:00:00,7325000.0,7540000.0,7279000.0,7395000.0,1534118404228,19827538898.01326,2682.39145374,7325000.0,70000.0,0.009556314
KRW-BTC,2018-08-13,2018-08-13 09:00:00,7396000.0,7637000.0,7288000.0,7387000.0,1534118400000,42619588027.32103,5711.07392516,7395000.0,-8000.0,-0.001081812
KRW-BTC,2018-08-14,2018-08-14 09:00:00,7386000.0,7386000.0,6960000.0,7233000.0,1534291205092,57122910971.27044,8027.8392352,7387000.0,-154000.0,-0.0208474347
KRW-BTC,2018-08-15,2018-08-15 09:00:00,7233000.0,7600000.0,7206000.0,7332000.0,1534377599762,52927582230.33734,7158.7926917,7233000.0,99000.0,0.0136872667
KRW-BTC,2018-08-16,2018-08-16 09:00:00,7332000.0,7487000.0,7260000.0,7337000.0,1534464002890,39186068019.09694,5318.93470139,7332000.0,5000.0,0.0006819422
KRW-BTC,2018-08-17,2018-08-17 09:00:00,7338000.0,7526000.0,7306000.0,7496000.0,1534550405175,49515097451.1836,6653.00143771,7337000.0,159000.0,0.0216709827
KRW-BTC,2018-08-18,2018-08-18 09:00:00,7500000.0,7579000.0,7288000.0,7391000.0,1534636777868,34269405733.09717,4615.70442766,7496000.0,-105000.0,-0.0140074707
KRW-BTC,2018-08-19,2018-08-19 09:00:00,7393000.0,7498000.0,7310000.0,7431000.0,1534723202506,21644401605.22686,2928.96262117,7391000.0,40000.0,0.0054119876
KRW-BTC,2018-08-20,2018-08-20 09:00:00,7432000.0,7469000.0,7244000.0,7255000.0,1534809605114,30970843739.75834,4187.21791451,7431000.0,-176000.0,-0.0236845647
KRW-BTC,2018-08-21,2018-08-21 09:00:00,7255000.0,7430000.0,7240000.0,7375000.0,1534871313754,22288720074.33495,3037.60961801,7255000.0,120000.0,0.016540317
KRW-BTC,2018-08-22,2018-08-22 09:00:00,7375000.0,7751000.0,7187000.0,7289000.0,1534896000000,57175275723.90914,7591.8134609,7375000.0,-86000.0,-0.0116610169
KRW-BTC,2018-08-23,2018-08-23 09:00:00,7286000.0,7500000.0,7285000.0,7439000.0,1534982400000,26955047058.1944,3662.1835859,7289000.0,150000.0,0.0205789546
KRW-BTC,2018-08-24,2018-08-24 09:00:00,7440000.0,7593000.0,7368000.0,7561000.0,1535068800000,27968267658.12201,3754.38179566,7439000.0,122000.0,0.0164000538
KRW-BTC,2018-08-25,2018-08-25 09:00:00,7564000.0,7683000.0,7521000.0,7604000.0,1535241600079,26486222593.9864,3491.70337305,7561000.0,43000.0,0.0056870784
KRW-BTC,2018-08-26,2018-08-26 09:00:00,7604000.0,7637000.0,7450000.0,7547000.0,1535327969127,21280969843.32656,2824.38421929,7604000.0,-57000.0,-0.0074960547
KRW-BTC,2018-08-27,2018-08-27 09:00:00,7547000.0,7725000.0,7490000.0,7688000.0,1535414399590,31245125577.7761,4134.98191712,7547000.0,141000.0,0.0186829204
KRW-BTC,2018-08-28,2018-08-28 09:00:00,7688000.0,7886000.0,7654000.0,7839000.0,1535500797224,38693273429.00857,4988.81989282,7688000.0,151000.0,0.019640999
KRW-BTC,2018-08-29,2018-08-29 09:00:00,7838000.0,7938000.0,7723000.0,7825000.0,1535500800000,38559027707.80889,4912.14169962,7839000.0,-14000.0,-0.0017859421
KRW-BTC,2018-08-30,2018-08-30 09:00:00,7825000.0,7910000.0,7672000.0,7856000.0,1535673596460,37319319426.02783,4799.95478085,7825000.0,31000.0,0.0039616613
KRW-BTC,2018-08-31,2018-08-31 09:00:00,7844000.0,7915000.0,7749000.0,7865000.0,1535759997980,36718712180.54884,4687.30105795,7856000.0,9000.0,0.0011456212
KRW-BTC,2018-09-01,2018-09-01 09:00:00,7865000.0,8009000.0,7844000.0,8001000.0,1535760000000,34375386341.20901,4338.01207477,7865000.0,136000.0,0.0172917991
KRW-BTC,2018-09-02,2018-09-02 09:00:00,8000000.0,8169000.0,7932000.0,8113000.0,1535846400000,35986068849.0965,4460.52710093,8001000.0,112000.0,0.0139982502
KRW-BTC,2018-09-03,2018-09-03 09:00:00,8114000.0,8160000.0,8043000.0,8125000.0,1535932800000,25904388274.55882,3198.85155079,8113000.0,12000.0,0.0014791076
KRW-BTC,2018-09-04,2018-09-04 09:00:00,8116000.0,8279000.0,8111000.0,8271000.0,1536019200000,31253351748.15389,3811.85788263,8125000.0,146000.0,0.0179692308
KRW-BTC,2018-09-05,2018-09-05 09:00:00,8271000.0,8333000.0,7687000.0,7699000.0,1536105600000,62459759557.79113,7761.44133104,8271000.0,-572000.0,-0.0691572966
KRW-BTC,2018-09-06,2018-09-06 09:00:00,7698000.0,7718000.0,7264000.0,7523000.0,1536192000000,57708418700.40115,7776.42498652,7699000.0,-176000.0,-0.0228601117
KRW-BTC,2018-09-07,2018-09-07 09:00:00,7522000.0,7543000.0,7292000.0,7382000.0,1536278400000,31207926938.16083,4198.8008613,7523000.0,-141000.0,-0.0187425229
KRW-BTC,2018-09-08,2018-09-08 09:00:00,7391000.0,7439000.0,7110000.0,7206000.0,1536364800000,21083974349.89717,2881.52639575,7382000.0,-176000.0,-0.0238417773
KRW-BTC,2018-09-09,2018-09-09 09:00:00,7206000.0,7437000.0,7131000.0,7232000.0,1536451200000,24219366134.95087,3330.24379869,7206000.0,26000.0,0.0036081044
KRW-BTC,2018-09-10,2018-09-10 09:00:00,7232000.0,7348000.0,7198000.0,7274000.0,1536537600000,22419048457.83869,3089.33223454,7232000.0,42000.0,0.0058075221
KRW-BTC,2018-09-11,2018-09-11 09:00:00,7275000.0,7350000.0,7126000.0,7239000.0,1536624000000,24572480949.58474,3392.11803014,7274000.0,-35000.0,-0.004811658
KRW-BTC,2018-09-12,2018-09-12 09:00:00,7242000.0,7289000.0,7155000.0,7234000.0,1536710400000,28833461619.81044,3994.11931681,7239000.0,-5000.0,-0.0006907031
KRW-BTC,2018-09-13,2018-09-13 09:00:00,7238000.0,7399000.0,7233000.0,7355000.0,1536883197396,29538754836.37971,4029.70108465,7234000.0,121000.0,0.016726569
KRW-BTC,2018-09-14,2018-09-14 09:00:00,7355000.0,7504000.0,7261000.0,7359000.0,1536883200000,32402972263.27593,4397.95749188,7355000.0,4000.0,0.0005438477
KRW-BTC,2018-09-15,2018-09-15 09:00:00,7361000.0,7397000.0,7320000.0,7363000.0,1537055999613,16251306528.37896,2206.71646834,7359000.0,4000.0,0.0005435521
KRW-BTC,2018-09-16,2018-09-16 09:00:00,7365000.0,7386000.0,7250000.0,7356000.0,1537142399222,21546431123.47827,2939.07928986,7363000.0,-7000.0,-0.0009506994
KRW-BTC,2018-09-17,2018-09-17 09:00:00,7356000.0,7373000.0,7128000.0,7191000.0,1537142400000,32986348073.76501,4535.64958686,7356000.0,-165000.0,-0.0224306688
KRW-BTC,2018-09-18,2018-09-18 09:00:00,7192000.0,7283000.0,7134000.0,7234000.0,1537228800000,29178284487.21652,4053.11354921,7191000.0,43000.0,0.0059796968
KRW-BTC,2018-09-19,2018-09-19 09:00:00,7234000.0,7388000.0,7010000.0,7245000.0,1537401600089,31042943583.09574,4306.69728981,7234000.0,11000.0,0.0015205972
KRW-BTC,2018-09-20,2018-09-20 09:00:00,7250000.0,7364000.0,7190000.0,7311000.0,1537401600000,33174326631.62673,4570.14222037,7245000.0,66000.0,0.0091097308
KRW-BTC,2018-09-21,2018-09-21 09:00:00,7311000.0,7596000.0,7287000.0,7537000.0,1537488000000,71329466429.49927,9545.78162275,7311000.0,226000.0,0.0309123239
KRW-BTC,2018-09-22,2018-09-22 09:00:00,7537000.0,7636000.0,7425000.0,7540000.0,1537574400000,36611321982.49284,4866.23755949,7539000.0,1000.0,0.0001326436
KRW-BTC,2018-09-23,2018-09-23 09:00:00,7539000.0,7600000.0,7450000.0,7500000.0,1537747190563,31738538695.06925,4216.92509274,7540000.0,-40000.0,-0.0053050398
KRW-BTC,2018-09-24,2018-09-24 09:00:00,7500000.0,7547000.0,7407000.0,7430000.0,1537747200000,22738698842.47596,3046.33250681,7500000.0,-70000.0,-0.0093333333
KRW-BTC,2018-09-25,2018-09-25 09:00:00,7428000.0,7439000.0,7241000.0,7299000.0,1537833600000,34503898776.90172,4725.14731707,7430000.0,-131000.0,-0.0176312248
KRW-BTC,2018-09-26,2018-09-26 09:00:00,7299000.0,7392000.0,7259000.0,7300000.0,1537920000000,28697315885.20068,3921.98120692,7299000.0,1000.0,0.0001370051
KRW-BTC,2018-09-27,2018-09-27 09:00:00,7300000.0,7490000.0,7261000.0,7447000.0,1538092799947,29562427626.61729,4027.10107711,7300000.0,147000.0,0.0201369863
KRW-BTC,2018-09-28,2018-09-28 09:00:00,7447000.0,7551000.0,7339000.0,7408000.0,1538179198171,40311237728.94514,5408.47953602,7447000.0,-39000.0,-0.0052370082
KRW-BTC,2018-09-29,2018-09-29 09:00:00,7408000.0,7410000.0,7280000.0,7360000.0,1538265599760,23817952485.32884,3246.00594677,7408000.0,-48000.0,-0.0064794816
KRW-BTC,2018-09-30,2018-09-30 09:00:00,7360000.0,7418000.0,7327000.0,7393000.0,1538351998003,23299373206.16943,3162.07598214,7360000.0,33000.0,0.0044836957
KRW-BTC,2018-10-01,2018-10-01 09:00:00,7394000.0,7449000.0,7280000.0,7375000.0,1538438378231,31921258985.45116,4331.49181371,7393000.0,-18000.0,-0.0024347356
KRW-BTC,2018-10-02,2018-10-02 09:00:00,7374000.0,7414000.0,7337000.0,7369000.0,1538524800059,26011699053.6188,3525.16031441,7375000.0,-6000.0,-0.0008135593
KRW-BTC,2018-10-03,2018-10-03 09:00:00,7369000.0,7393000.0,7299000.0,7386000.0,1538611189224,22451100875.946,3057.96001967,7369000.0,17000.0,0.0023069616
KRW-BTC,2018-10-04,2018-10-04 09:00:00,7385000.0,7499000.0,7362000.0,7481000.0,1538697587034,25090339901.40923,3366.9757101,7386000.0,95000.0,0.0128621717
KRW-BTC,2018-10-05,2018-10-05 09:00:00,7481000.0,7545000.0,7410000.0,7503000.0,1538783997175,29024391002.34309,3891.95335424,7481000.0,22000.0,0.0029407833
KRW-BTC,2018-10-06,2018-10-06 09:00:00,7502000.0,7509000.0,7438000.0,7485000.0,1538870390792,16410447472.91659,2194.14874573,7503000.0,-18000.0,-0.0023990404
KRW-BTC,2018-10-07,2018-10-07 09:00:00,7484000.0,7513000.0,7424000.0,7482000.0,1538956799221,14211705821.2496,1904.00188064,7485000.0,-3000.0,-0.0004008016
KRW-BTC,2018-10-08,2018-10-08 09:00:00,7483000.0,7589000.0,7461000.0,7542000.0,1539043140000,25492080041.81498,3391.80918903,7482000.0,60000.0,0.0080192462
KRW-BTC,2018-10-09,2018-10-09 09:00:00,7541000.0,7550000.0,7484000.0,7527000.0,1539129598339,16145607713.03003,2147.42528494,7542000.0,-15000.0,-0.0019888624
KRW-BTC,2018-10-10,2018-10-10 09:00:00,7527000.0,7530000.0,7380000.0,7472000.0,1539216000294,32880503263.60822,4412.34394843,7527000.0,-55000.0,-0.007307028
KRW-BTC,2018-10-11,2018-10-11 09:00:00,7472000.0,7480000.0,7150000.0,7187000.0,1539302399091,54997705332.46352,7579.91610222,7472000.0,-285000.0,-0.0381423983
KRW-BTC,2018-10-12,2018-10-12 09:00:00,7195000.0,7300000.0,7155000.0,7183000.0,1539388740000,34953411427.05833,4836.81145319,7187000.0,-4000.0,-0.0005565605
KRW-BTC,2018-10-13,2018-10-13 09:00:00,7180000.0,7211000.0,7159000.0,7189000.0,1539475140000,13298596555.8646,1850.50448252,7183000.0,6000.0,0.0008353056
KRW-BTC,2018-10-14,2018-10-14 09:00:00,7190000.0,7263000.0,7182000.0,7198000.0,1539561590379,16669464824.60389,2310.3333017,7189000.0,9000.0,0.0012519126
KRW-BTC,2018-10-15,2018-10-15 09:00:00,7200000.0,7905000.0,7165000.0,7413000.0,1539648000304,90107430327.14738,11984.6857021,7198000.0,215000.0,0.0298694082
KRW-BTC,2018-10-16,2018-10-16 09:00:00,7416000.0,7465000.0,7312000.0,7352000.0,1539734399000,24763329152.45943,3356.42495081,7413000.0,-61000.0,-0.0082287873
KRW-BTC,2018-10-17,2018-10-17 09:00:00,7352000.0,7380000.0,7280000.0,7327000.0,1539820799922,21967509196.6327,2999.20011723,7352000.0,-25000.0,-0.0034004353
KRW-BTC,2018-10-18,2018-10-18 09:00:00,7327000.0,7390000.0,7311000.0,7343000.0,1539907198495,19859287539.32475,2703.41651159,7327000.0,16000.0,0.0021837041
KRW-BTC,2018-10-19,2018-10-19 09:00:00,7343000.0,7364000.0,7281000.0,7291000.0,1539993599314,20483702337.38526,2800.77612068,7343000.0,-52000.0,-0.0070815743
KRW-BTC,2018-10-20,2018-10-20 09:00:00,7291000.0,7317000.0,7265000.0,7302000.0,1540079998207,14358799866.93087,1970.0429939,7291000.0,11000.0,0.0015087094
KRW-BTC,2018-10-21,2018-10-21 09:00:00,7302000.0,7350000.0,7297000.0,7311000.0,1540166388634,13434970475.60574,1836.45337649,7302000.0,9000.0,0.001232539
KRW-BTC,2018-10-22,2018-10-22 09:00:00,7310000.0,7322000.0,7271000.0,7297000.0,1540252795506,21562049643.55865,2953.97307214,7311000.0,-14000.0,-0.0019149227
KRW-BTC,2018-10-23,2018-10-23 09:00:00,7297000.0,7318000.0,7251000.0,7270000.0,1540339199920,21946880516.14418,3011.57930571,7297000.0,-27000.0,-0.0037001507
KRW-BTC,2018-10-24,2018-10-24 09:00:00,7270000.0,7323000.0,7261000.0,7296000.0,1540425598404,26251383586.77942,3597.70170567,7270000.0,26000.0,0.0035763411
KRW-BTC,2018-10-25,2018-10-25 09:00:00,7296000.0,7300000.0,7229000.0,7272000.0,1540511997431,21305653482.14609,2934.43637646,7296000.0,-24000.0,-0.0032894737
KRW-BTC,2018-10-26,2018-10-26 09:00:00,7272000.0,7309000.0,7241000.0,7276000.0,1540598399042,17476211741.25722,2404.52146255,7272000.0,4000.0,0.000550055
KRW-BTC,2018-10-27,2018-10-27 09:00:00,7276000.0,7291000.0,7250000.0,7284000.0,1540684799823,11870598183.71014,1632.07550396,7276000.0,8000.0,0.0010995052
KRW-BTC,2018-10-28,2018-10-28 09:00:00,7284000.0,7290000.0,7241000.0,7258000.0,1540771184215,9933433252.79119,1367.83748212,7284000.0,-26000.0,-0.0035694673
KRW-BTC,2018-10-29,2018-10-29 09:00:00,7259000.0,7264000.0,7057000.0,7097000.0,1540857598159,26967898391.85129,3760.90731634,7258000.0,-161000.0,-0.0221824194
KRW-BTC,2018-10-30,2018-10-30 09:00:00,7097000.0,7162000.0,7094000.0,7140000.0,1540943985976,16632386526.8971,2329.37978247,7097000.0,43000.0,0.0060588981
KRW-BTC,2018-10-31,2018-10-31 09:00:00,7139000.0,7200000.0,7062000.0,7162000.0,1541030395761,20818160095.02155,2918.68446747,7140000.0,22000.0,0.0030812325
KRW-BTC,2018-11-01,2018-11-01 09:00:00,7162000.0,7200000.0,7141000.0,7186000.0,1541116800112,13757575371.45541,1920.59318498,7162000.0,24000.0,0.0033510193
KRW-BTC,2018-11-02,2018-11-02 09:00:00,7186000.0,7221000.0,7161000.0,7179000.0,1541203200035,19075966861.85672,2653.27837824,7186000.0,-7000.0,-0.0009741163
KRW-BTC,2018-11-03,2018-11-03 09:00:00,7179000.0,7185000.0,7100000.0,7150000.0,1541289592524,11320699649.12161,1584.16259136,7179000.0,-29000.0,-0.0040395598
KRW-BTC,2018-11-04,2018-11-04 09:00:00,7145000.0,7270000.0,7125000.0,7213000.0,1541375988821,19852502555.39935,2763.64095353,7150000.0,63000.0,0.0088111888
KRW-BTC,2018-11-05,2018-11-05 09:00:00,7214000.0,7246000.0,7187000.0,7198000.0,1541462398583,20074802894.18236,2781.27420558,7213000.0,-15000.0,-0.0020795785
KRW-BTC,2018-11-06,2018-11-06 09:00:00,7198000.0,7256000.0,7186000.0,7231000.0,1541548799004,25372867294.3267,3516.59860154,7198000.0,33000.0,0.0045846068
KRW-BTC,2018-11-07,2018-11-07 09:00:00,7237000.0,7348000.0,7219000.0,7310000.0,1541635199241,29774252935.91645,4075.20654325,7231000.0,79000.0,0.0109251832
KRW-BTC,2018-11-08,2018-11-08 09:00:00,7312000.0,7342000.0,7245000.0,7282000.0,1541721594642,24173143921.94452,3316.39523463,7310000.0,-28000.0,-0.0038303694
KRW-BTC,2018-11-09,2018-11-09 09:00:00,7282000.0,7307000.0,7203000.0,7243000.0,1541807996890,22810221463.54516,3141.94399954,7282000.0,-39000.0,-0.0053556715
KRW-BTC,2018-11-10,2018-11-10 09:00:00,7243000.0,7275000.0,7228000.0,7237000.0,1541894363926,11871056469.039,1636.97140048,7243000.0,-6000.0,-0.000828386
KRW-BTC,2018-11-11,2018-11-11 09:00:00,7237000.0,7260000.0,7180000.0,7253000.0,1541980796644,13153925980.66303,1818.84842381,7237000.0,16000.0,0.0022108609
KRW-BTC,2018-11-12,2018-11-12 09:00:00,7253000.0,7284000.0,7234000.0,7249000.0,1542067197238,18145683552.6984,2501.92493132,7253000.0,-4000.0,-0.0005514959
KRW-BTC,2018-11-13,2018-11-13 09:00:00,7249000.0,7270000.0,7203000.0,7248000.0,1542153599418,21358444564.34167,2949.09619474,7249000.0,-1000.0,-0.0001379501
KRW-BTC,2018-11-14,2018-11-14 09:00:00,7248000.0,7270000.0,6514000.0,6782000.0,1542239999724,64821926065.1521,9333.25109232,7248000.0,-466000.0,-0.0642935982
KRW-BTC,2018-11-15,2018-11-15 09:00:00,6782000.0,6811000.0,6253000.0,6529000.0,1542326399390,60814427908.219,9344.82551128,6782000.0,-253000.0,-0.0373046299
KRW-BTC,2018-11-16,2018-11-16 09:00:00,6529000.0,6580000.0,6350000.0,6425000.0,1542412788110,31772507435.98348,4920.30398166,6529000.0,-104000.0,-0.0159289325
KRW-BTC,2018-11-17,2018-11-17 09:00:00,6426000.0,6452000.0,6344000.0,6385000.0,1542499196773,18237270244.63476,2858.37777974,6425000.0,-40000.0,-0.0062256809
KRW-BTC,2018-11-18,2018-11-18 09:00:00,6383000.0,6494000.0,6363000.0,6431000.0,1542585594369,14958107586.57964,2331.37096303,6385000.0,46000.0,0.0072043853
KRW-BTC,2018-11-19,2018-11-19 09:00:00,6431000.0,6436000.0,5563000.0,5618000.0,1542672000313,60747307730.39638,10146.07679702,6431000.0,-813000.0,-0.1264189084
KRW-BTC,2018-11-20,2018-11-20 09:00:00,5618000.0,5762000.0,4935000.0,5177000.0,1542758399221,95754967134.07922,17978.21071906,5618000.0,-441000.0,-0.078497686
KRW-BTC,2018-11-21,2018-11-21 09:00:00,5177000.0,5414000.0,5016000.0,5274000.0,1542844710691,44497249129.77502,8532.49327465,5177000.0,97000.0,0.0187367201
KRW-BTC,2018-11-22,2018-11-22 09:00:00,5274000.0,5361000.0,4950000.0,4965000.0,1542931200082,25948518440.63089,5004.26901548,5274000.0,-309000.0,-0.058589306
KRW-BTC,2018-11-23,2018-11-23 09:00:00,4965000.0,5071000.0,4782000.0,5013000.0,1543017597649,45285118699.70518,9163.96074326,4965000.0,48000.0,0.0096676737
KRW-BTC,2018-11-24,2018-11-24 09:00:00,5013000.0,5112000.0,4411000.0,4492000.0,1543103999117,42650526651.76355,8851.92005334,5013000.0,-521000.0,-0.1039297826
KRW-BTC,2018-11-25,2018-11-25 09:00:00,4492000.0,4766000.0,4126000.0,4616000.0,1543190399519,65554014148.7015,14846.61807208,4492000.0,124000.0,0.0276046305
KRW-BTC,2018-11-26,2018-11-26 09:00:00,4616000.0,4747000.0,4177000.0,4371000.0,1543276798742,65903686544.80377,14659.13232924,4616000.0,-245000.0,-0.0530762565
KRW-BTC,2018-11-27,2018-11-27 09:00:00,4365000.0,4458000.0,4162000.0,4380000.0,1543363200139,43205370531.18933,10023.86956673,4371000.0,9000.0,0.0020590254
KRW-BTC,2018-11-28,2018-11-28 09:00:00,4380000.0,4932000.0,4369000.0,4800000.0,1543449597404,70403454469.41722,15135.99871579,4380000.0,420000.0,0.095890411
KRW-BTC,2018-11-29,2018-11-29 09:00:00,4795000.0,5030000.0,4661000.0,4840000.0,1543536000022,65577051421.08243,13588.75645203,4800000.0,40000.0,0.0083333333
KRW-BTC,2018-11-30,2018-11-30 09:00:00,4841000.0,4888000.0,4440000.0,4565000.0,1543622399999,53038246796.24296,11389.14325328,4840000.0,-275000.0,-0.0568181818
KRW-BTC,2018-12-01,2018-12-01 09:00:00,4565000.0,4834000.0,4476000.0,4721000.0,1543708798263,32588352828.91493,6990.42801181,4565000.0,156000.0,0.0341730559
KRW-BTC,2018-12-02,2018-12-02 09:00:00,4720000.0,4852000.0,4614000.0,4685000.0,1543795197901,32924426895.48919,6984.37158641,4721000.0,-36000.0,-0.0076255031
KRW-BTC,2018-12-03,2018-12-03 09:00:00,4699000.0,4728000.0,4330000.0,4387000.0,1543881598557,40003959996.6923,8886.50699993,4685000.0,-298000.0,-0.0636072572
KRW-BTC,2018-12-04,2018-12-04 09:00:00,4393000.0,4592000.0,4280000.0,4457000.0,1543967998403,43474749999.14644,9755.04505869,4387000.0,70000.0,0.0159562343
KRW-BTC,2018-12-05,2018-12-05 09:00:00,4456000.0,4472000.0,4232000.0,4262000.0,1544054399122,36235565227.07808,8325.80342723,4457000.0,-195000.0,-0.0437514023
KRW-BTC,2018-12-06,2018-12-06 09:00:00,4262000.0,4391000.0,3950000.0,3965000.0,1544140799358,59748180327.29378,14125.61843122,4262000.0,-297000.0,-0.0696855936
KRW-BTC,2018-12-07,2018-12-07 09:00:00,3962000.0,4005000.0,3666000.0,3868000.0,1544227196148,59708370844.57996,15549.85391268,3965000.0,-97000.0,-0.0244640605
KRW-BTC,2018-12-08,2018-12-08 09:00:00,3868000.0,3953000.0,3714000.0,3875000.0,1544313594259,29612071269.05155,7681.09933383,3868000.0,7000.0,0.0018097208
KRW-BTC,2018-12-09,2018-12-09 09:00:00,3877000.0,4120000.0,3832000.0,4013000.0,1544399999851,25604546302.7552,6483.95165173,3875000.0,138000.0,0.0356129032
KRW-BTC,2018-12-10,2018-12-10 09:00:00,4013000.0,4075000.0,3838000.0,3895000.0,1544486394403,23883074170.01762,6046.32716932,4013000.0,-118000.0,-0.0294044356
KRW-BTC,2018-12-11,2018-12-11 09:00:00,3893000.0,3924000.0,3764000.0,3822000.0,1544572799695,25692198381.7646,6669.04649885,3895000.0,-73000.0,-0.0187419769
KRW-BTC,2018-12-12,2018-12-12 09:00:00,3822000.0,3929000.0,3792000.0,3888000.0,1544659199447,21805254970.16061,5659.62569846,3822000.0,66000.0,0.0172684458
KRW-BTC,2018-12-13,2018-12-13 09:00:00,3889000.0,3900000.0,3693000.0,3721000.0,1544745592303,20265170914.68919,5314.52909104,3888000.0,-167000.0,-0.0429526749
KRW-BTC,2018-12-14,2018-12-14 09:00:00,3721000.0,3777000.0,3595000.0,3642000.0,1544831987350,21793982877.2374,5889.21194184,3721000.0,-79000.0,-0.0212308519
KRW-BTC,2018-12-15,2018-12-15 09:00:00,3641000.0,3685000.0,3562000.0,3619000.0,1544918398079,14632832607.60874,4034.72846031,3642000.0,-23000.0,-0.0063152114
KRW-BTC,2018-12-16,2018-12-16 09:00:00,3620000.0,3700000.0,3612000.0,3637000.0,1545004799812,12974785983.73166,3542.84499551,3619000.0,18000.0,0.0049737497
KRW-BTC,2018-12-17,2018-12-17 09:00:00,3636000.0,3973000.0,3625000.0,3923000.0,1545091192107,34536634668.69621,9103.62714974,3637000.0,286000.0,0.0786362387
KRW-BTC,2018-12-18,2018-12-18 09:00:00,3921000.0,4110000.0,3848000.0,4088000.0,1545177599320,30304504784.57611,7666.87337544,3923000.0,165000.0,0.0420596482
KRW-BTC,2018-12-19,2018-12-19 09:00:00,4092000.0,4400000.0,4054000.0,4124000.0,1545263999267,51926147648.98292,12333.94328952,4088000.0,36000.0,0.0088062622
KRW-BTC,2018-12-20,2018-12-20 09:00:00,4127000.0,4637000.0,4090000.0,4552000.0,1545350399913,72750405678.29314,16481.71245495,4124000.0,428000.0,0.1037827352
KRW-BTC,2018-12-21,2018-12-21 09:00:00,4552000.0,4733000.0,4243000.0,4333000.0,1545436800094,75652109472.71754,16822.18191833,4552000.0,-219000.0,-0.0481107206
KRW-BTC,2018-12-22,2018-12-22 09:00:00,4333000.0,4494000.0,4272000.0,4464000.0,1545523198226,30486695427.30693,7007.24216643,4333000.0,131000.0,0.0302330949
KRW-BTC,2018-12-23,2018-12-23 09:00:00,4465000.0,4549000.0,4369000.0,4439000.0,1545609599920,33389627461.62296,7458.50412788,4464000.0,-25000.0,-0.0056003584
KRW-BTC,2018-12-24,2018-12-24 09:00:00,4436000.0,4700000.0,4425000.0,4539000.0,1545695995050,50759889673.59508,11018.72955822,4439000.0,100000.0,0.0225275963
KRW-BTC,2018-12-25,2018-12-25 09:00:00,4537000.0,4553000.0,4138000.0,4243000.0,1545782399307,36742695644.63038,8603.02466497,4539000.0,-296000.0,-0.0652126019
KRW-BTC,2018-12-26,2018-12-26 09:00:00,4243000.0,4349000.0,4157000.0,4293000.0,1545868793176,33844677004.27892,7965.54551542,4243000.0,50000.0,0.011784115
KRW-BTC,2018-12-27,2018-12-27 09:00:00,4292000.0,4334000.0,4062000.0,4124000.0,1545955192787,26872111965.80108,6387.12492085,4293000.0,-169000.0,-0.0393664104
KRW-BTC,2018-12-28,2018-12-28 09:00:00,4127000.0,4380000.0,4043000.0,4338000.0,1546041596250,37782469290.68442,9044.90073346,4124000.0,214000.0,0.0518913676
KRW-BTC,2018-12-29,2018-12-29 09:00:00,4338000.0,4388000.0,4166000.0,4200000.0,1546127999742,22620577738.75656,5249.20699964,4338000.0,-138000.0,-0.0318118949
KRW-BTC,2018-12-30,2018-12-30 09:00:00,4190000.0,4335000.0,4153000.0,4291000.0,1546214399341,20494140204.29936,4820.06273912,4200000.0,91000.0,0.0216666667
KRW-BTC,2018-12-31,2018-12-31 09:00:00,4294000.0,4322000.0,4129000.0,4200000.0,1546300740000,18279938719.71038,4319.65438521,4291000.0,-91000.0,-0.0212071778
KRW-BTC,2019-01-01,2019-01-01 09:00:00,4200000.0,4297000.0,4130000.0,4288000.0,1546387199724,15997558882.95464,3806.56039475,4200000.0,88000.0,0.020952381
KRW-BTC,2019-01-02,2019-01-02 09:00:00,4288000.0,4366000.0,4241000.0,4347000.0,1546473599313,23238255655.4911,5413.33304643,4288000.0,59000.0,0.0137593284
KRW-BTC,2019-01-03,2019-01-03 09:00:00,4348000.0,4360000.0,4251000.0,4284000.0,1546559998946,20189326809.49272,4683.66209758,4347000.0,-63000.0,-0.0144927536
KRW-BTC,2019-01-04,2019-01-04 09:00:00,4285000.0,4328000.0,4231000.0,4303000.0,1546646400038,23365453641.52329,5455.72943421,4284000.0,19000.0,0.0044351074
KRW-BTC,2019-01-05,2019-01-05 09:00:00,4304000.0,4345000.0,4270000.0,4294000.0,1546732792326,14367611651.64076,3332.94892431,4303000.0,-9000.0,-0.002091564
KRW-BTC,2019-01-06,2019-01-06 09:00:00,4294000.0,4551000.0,4270000.0,4520000.0,1546819195285,21317313689.87248,4835.56400675,4294000.0,226000.0,0.0526315789
KRW-BTC,2019-01-07,2019-01-07 09:00:00,4519000.0,4550000.0,4450000.0,4499000.0,1546905590094,19378111847.85265,4307.10019813,4520000.0,-21000.0,-0.0046460177
KRW-BTC,2019-01-08,2019-01-08 09:00:00,4498000.0,4577000.0,4420000.0,4480000.0,1546991996896,22861221192.08012,5089.28053387,4499000.0,-19000.0,-0.0042231607
KRW-BTC,2019-01-09,2019-01-09 09:00:00,4481000.0,4510000.0,4431000.0,4458000.0,1547078394609,20054659109.5971,4477.80053429,4480000.0,-22000.0,-0.0049107143
KRW-BTC,2019-01-10,2019-01-10 09:00:00,4460000.0,4487000.0,4060000.0,4087000.0,1547164796628,43511837850.15597,10233.89728557,4458000.0,-371000.0,-0.0832211754
KRW-BTC,2019-01-11,2019-01-11 09:00:00,4086000.0,4149000.0,4029000.0,4101000.0,1547251187709,21762101414.1469,5325.27940583,4087000.0,14000.0,0.0034254955
KRW-BTC,2019-01-12,2019-01-12 09:00:00,4101000.0,4140000.0,4043000.0,4098000.0,1547337597850,13292760229.80835,3247.57216084,4101000.0,-3000.0,-0.0007315289
KRW-BTC,2019-01-13,2019-01-13 09:00:00,4098000.0,4102000.0,3940000.0,3963000.0,1547423991771,13362699539.05393,3318.31923108,4098000.0,-135000.0,-0.032942899
KRW-BTC,2019-01-14,2019-01-14 09:00:00,3966000.0,4141000.0,3951000.0,4098000.0,1547510395967,19919384100.2745,4950.8678849,3963000.0,135000.0,0.0340651022
KRW-BTC,2019-01-15,2019-01-15 09:00:00,4098000.0,4116000.0,4002000.0,4034000.0,1547596799388,19648524022.42221,4819.99157761,4098000.0,-64000.0,-0.0156173743
KRW-BTC,2019-01-16,2019-01-16 09:00:00,4034000.0,4100000.0,4014000.0,4052000.0,1547683198763,22826801255.10307,5635.84626852,4034000.0,18000.0,0.0044620724
KRW-BTC,2019-01-17,2019-01-17 09:00:00,4052000.0,4088000.0,4002000.0,4075000.0,1547769599310,23191974158.36697,5735.32175195,4052000.0,23000.0,0.0056762093
KRW-BTC,2019-01-18,2019-01-18 09:00:00,4075000.0,4080000.0,4022000.0,4046000.0,1547855995571,18090172100.93611,4470.59388512,4075000.0,-29000.0,-0.0071165644
KRW-BTC,2019-01-19,2019-01-19 09:00:00,4048000.0,4188000.0,4040000.0,4115000.0,1547942398596,17700041108.15115,4320.72451794,4046000.0,69000.0,0.0170538804
KRW-BTC,2019-01-20,2019-01-20 09:00:00,4115000.0,4135000.0,3913000.0,3984000.0,1548028799627,18700994621.40335,4635.17392144,4115000.0,-131000.0,-0.0318347509
KRW-BTC,2019-01-21,2019-01-21 09:00:00,3985000.0,4001000.0,3937000.0,3973000.0,1548115200056,18825781824.69013,4739.10320572,3984000.0,-11000.0,-0.0027610442
KRW-BTC,2019-01-22,2019-01-22 09:00:00,3973000.0,4045000.0,3886000.0,4013000.0,1548201593200,25320116140.98014,6366.1518058,3973000.0,40000.0,0.0100679587
KRW-BTC,2019-01-23,2019-01-23 09:00:00,4013000.0,4029000.0,3973000.0,3996000.0,1548287999148,17597685481.14387,4397.65303735,4013000.0,-17000.0,-0.0042362322
KRW-BTC,2019-01-24,2019-01-24 09:00:00,3997000.0,4000000.0,3941000.0,3983000.0,1548374392481,17515207475.08745,4413.84065077,3996000.0,-13000.0,-0.0032532533
KRW-BTC,2019-01-25,2019-01-25 09:00:00,3982000.0,3994000.0,3911000.0,3957000.0,1548460799618,18140518929.97525,4594.53577314,3983000.0,-26000.0,-0.0065277429
KRW-BTC,2019-01-26,2019-01-26 09:00:00,3957000.0,4039000.0,3934000.0,3963000.0,1548547199898,14985339129.6444,3770.71441776,3957000.0,6000.0,0.0015163002
KRW-BTC,2019-01-27,2019-01-27 09:00:00,3963000.0,3975000.0,3900000.0,3951000.0,1548633577934,11377067405.06837,2879.05223312,3963000.0,-12000.0,-0.0030280091
KRW-BTC,2019-01-28,2019-01-28 09:00:00,3950000.0,3952000.0,3775000.0,3828000.0,1548719966796,22304580301.43486,5807.39699502,3951000.0,-123000.0,-0.0311313591
KRW-BTC,2019-01-29,2019-01-29 09:00:00,3828000.0,3841000.0,3730000.0,3795000.0,1548806384158,15283094613.08661,4037.5905587,3828000.0,-33000.0,-0.0086206897
KRW-BTC,2019-01-30,2019-01-30 09:00:00,3796000.0,3855000.0,3769000.0,3810000.0,1548892799854,29038484073.73204,7619.50824424,3795000.0,15000.0,0.0039525692
KRW-BTC,2019-01-31,2019-01-31 09:00:00,3810000.0,3845000.0,3752000.0,3775000.0,1548979197516,22400435614.53945,5907.05089757,3810000.0,-35000.0,-0.0091863517
KRW-BTC,2019-02-01,2019-02-01 09:00:00,3775000.0,3825000.0,3735000.0,3816000.0,1549065599335,13357206471.55473,3535.66565154,3775000.0,41000.0,0.0108609272
KRW-BTC,2019-02-02,2019-02-02 09:00:00,3816000.0,3870000.0,3796000.0,3855000.0,1549151992859,8354523949.3495,2189.96461132,3816000.0,39000.0,0.0102201258
KRW-BTC,2019-02-03,2019-02-03 09:00:00,3853000.0,3861000.0,3794000.0,3821000.0,1549238363342,7982336758.72265,2089.51667463,3855000.0,-34000.0,-0.0088197147
KRW-BTC,2019-02-04,2019-02-04 09:00:00,3821000.0,3849000.0,3792000.0,3822000.0,1549324798872,10894599223.77978,2847.99607841,3821000.0,1000.0,0.0002617116
KRW-BTC,2019-02-05,2019-02-05 09:00:00,3822000.0,3845000.0,3814000.0,3835000.0,1549411199320,13549201597.04031,3536.64920363,3822000.0,13000.0,0.0034013605
KRW-BTC,2019-02-06,2019-02-06 09:00:00,3835000.0,3844000.0,3756000.0,3791000.0,1549497599555,17306495865.91493,4564.88792233,3835000.0,-44000.0,-0.0114732725
KRW-BTC,2019-02-07,2019-02-07 09:00:00,3791000.0,3800000.0,3776000.0,3783000.0,1549583999281,17538962572.03534,4630.81677589,3791000.0,-8000.0,-0.0021102611
KRW-BTC,2019-02-08,2019-02-08 09:00:00,3783000.0,4075000.0,3768000.0,4009000.0,1549670399984,33718485512.13377,8694.60592483,3783000.0,226000.0,0.0597409463
KRW-BTC,2019-02-09,2019-02-09 09:00:00,4007000.0,4038000.0,3968000.0,3998000.0,1549756799312,16392143507.56707,4099.33222543,4009000.0,-11000.0,-0.0027438264
KRW-BTC,2019-02-10,2019-02-10 09:00:00,3997000.0,4030000.0,3937000.0,4023000.0,1549843196423,19360278162.42653,4852.85159907,3998000.0,25000.0,0.0062531266
KRW-BTC,2019-02-11,2019-02-11 09:00:00,4023000.0,4035000.0,3962000.0,3986000.0,1549929599624,14716578441.15567,3690.35442515,4023000.0,-37000.0,-0.0091971166
KRW-BTC,2019-02-12,2019-02-12 09:00:00,3986000.0,4020000.0,3957000.0,3981000.0,1550015978689,15617366229.40254,3922.74039034,3986000.0,-5000.0,-0.0012543904
KRW-BTC,2019-02-13,2019-02-13 09:00:00,3980000.0,4017000.0,3962000.0,3983000.0,1550102398357,14645352763.34063,3675.48976826,3981000.0,2000.0,0.0005023863
KRW-BTC,2019-02-14,2019-02-14 09:00:00,3983000.0,3992000.0,3967000.0,3984000.0,1550188797041,11221918185.76723,2817.99053119,3983000.0,1000.0,0.000251067
KRW-BTC,2019-02-15,2019-02-15 09:00:00,3983000.0,4039000.0,3979000.0,3986000.0,1550275199744,16776642969.37476,4199.89299262,3984000.0,2000.0,0.000502008
KRW-BTC,2019-02-16,2019-02-16 09:00:00,3983000.0,4030000.0,3982000.0,4002000.0,1550361597158,19784605484.33983,4941.13288261,3986000.0,16000.0,0.0040140492
KRW-BTC,2019-02-17,2019-02-17 09:00:00,4002000.0,4094000.0,3986000.0,4040000.0,1550447998755,25958034938.27571,6462.47621724,4002000.0,38000.0,0.0094952524
KRW-BTC,2019-02-18,2019-02-18 09:00:00,4040000.0,4260000.0,4027000.0,4236000.0,1550534399359,40909656713.03983,9883.41843537,4040000.0,196000.0,0.0485148515
KRW-BTC,2019-02-19,2019-02-19 09:00:00,4236000.0,4338000.0,4150000.0,4259000.0,1550620799376,39212341501.56375,9217.25757906,4236000.0,23000.0,0.0054296506
KRW-BTC,2019-02-20,2019-02-20 09:00:00,4259000.0,4333000.0,4219000.0,4315000.0,1550707190319,21687354260.85121,5067.51108128,4259000.0,56000.0,0.0131486264
KRW-BTC,2019-02-21,2019-02-21 09:00:00,4315000.0,4398000.0,4291000.0,4328000.0,1550793595888,33107106122.26572,7641.80816629,4315000.0,13000.0,0.0030127462
KRW-BTC,2019-02-22,2019-02-22 09:00:00,4327000.0,4369000.0,4319000.0,4346000.0,1550879996334,17510528618.74552,4028.81050111,4328000.0,18000.0,0.0041589649
KRW-BTC,2019-02-23,2019-02-23 09:00:00,4344000.0,4494000.0,4319000.0,4479000.0,1550966399700,21730796181.66509,4954.50746453,4346000.0,133000.0,0.0306028532
KRW-BTC,2019-02-24,2019-02-24 09:00:00,4479000.0,4554000.0,4165000.0,4178000.0,1551052798490,47062182613.55633,10822.98110481,4479000.0,-301000.0,-0.0672025006
KRW-BTC,2019-02-25,2019-02-25 09:00:00,4178000.0,4265000.0,4177000.0,4255000.0,1551139196986,30222231652.80479,7140.02952849,4178000.0,77000.0,0.0184298708
KRW-BTC,2019-02-26,2019-02-26 09:00:00,4255000.0,4266000.0,4206000.0,4228000.0,1551225591534,26417834792.1386,6237.94973547,4255000.0,-27000.0,-0.0063454759
KRW-BTC,2019-02-27,2019-02-27 09:00:00,4229000.0,4271000.0,4145000.0,4259000.0,1551311999337,27760919570.09288,6561.25383115,4228000.0,31000.0,0.0073320719
KRW-BTC,2019-02-28,2019-02-28 09:00:00,4259000.0,4321000.0,4201000.0,4240000.0,1551398399461,30380644612.9683,7139.12200606,4259000.0,-19000.0,-0.0044611411
KRW-BTC,2019-03-01,2019-03-01 09:00:00,4240000.0,4265000.0,4230000.0,4248000.0,1551484798649,13729868788.67749,3231.98857514,4240000.0,8000.0,0.0018867925
KRW-BTC,2019-03-02,2019-03-02 09:00:00,4248000.0,4267000.0,4205000.0,4253000.0,1551571200147,12731408160.97834,2997.96422112,4248000.0,5000.0,0.0011770245
KRW-BTC,2019-03-03,2019-03-03 09:00:00,4253000.0,4262000.0,4215000.0,4239000.0,1551657595142,12142792526.5594,2857.93732777,4253000.0,-14000.0,-0.003291794
KRW-BTC,2019-03-04,2019-03-04 09:00:00,4239000.0,4257000.0,4120000.0,4155000.0,1551743997610,25683830681.12967,6152.05869422,4239000.0,-84000.0,-0.0198159943
KRW-BTC,2019-03-05,2019-03-05 09:00:00,4155000.0,4264000.0,4132000.0,4249000.0,1551830400114,32880069332.15294,7840.0875585,4155000.0,94000.0,0.0226233454
KRW-BTC,2019-03-06,2019-03-06 09:00:00,4248000.0,4297000.0,4210000.0,4260000.0,1551916798989,22448983963.91729,5280.01187718,4249000.0,11000.0,0.0025888444
KRW-BTC,2019-03-07,2019-03-07 09:00:00,4260000.0,4308000.0,4258000.0,4289000.0,1552003199477,21983491313.69089,5130.4641732,4260000.0,29000.0,0.0068075117
KRW-BTC,2019-03-08,2019-03-08 09:00:00,4289000.0,4358000.0,4234000.0,4310000.0,1552089599926,43201103063.97781,10012.80844409,4289000.0,21000.0,0.0048962462
KRW-BTC,2019-03-09,2019-03-09 09:00:00,4310000.0,4396000.0,4287000.0,4352000.0,1552175999801,42497619391.12233,9813.71927923,4310000.0,42000.0,0.0097447796
KRW-BTC,2019-03-10,2019-03-10 09:00:00,4350000.0,4353000.0,4306000.0,4336000.0,1552262399869,31368482427.96001,7251.47664633,4352000.0,-16000.0,-0.0036764706
KRW-BTC,2019-03-11,2019-03-11 09:00:00,4336000.0,4374000.0,4292000.0,4337000.0,1552348800115,47412154067.35976,10955.38444468,4336000.0,1000.0,0.0002306273
KRW-BTC,2019-03-12,2019-03-12 09:00:00,4336000.0,4362000.0,4269000.0,4326000.0,1552435199025,44481135455.55445,10293.99529849,4337000.0,-11000.0,-0.0025363154
KRW-BTC,2019-03-13,2019-03-13 09:00:00,4326000.0,4369000.0,4294000.0,4325000.0,1552521598549,35702571876.14274,8246.29814077,4326000.0,-1000.0,-0.0002311604
KRW-BTC,2019-03-14,2019-03-14 09:00:00,4325000.0,4388000.0,4285000.0,4337000.0,1552607999146,42093571520.17961,9702.14149201,4325000.0,12000.0,0.0027745665
KRW-BTC,2019-03-15,2019-03-15 09:00:00,4337000.0,4382000.0,4325000.0,4359000.0,1552694395001,30894150609.93698,7102.63937061,4337000.0,22000.0,0.0050726309
KRW-BTC,2019-03-16,2019-03-16 09:00:00,4360000.0,4492000.0,4354000.0,4445000.0,1552780795046,22792892102.79223,5146.01355993,4359000.0,86000.0,0.0197292957
KRW-BTC,2019-03-17,2019-03-17 09:00:00,4445000.0,4448000.0,4384000.0,4425000.0,1552867190054,17901106204.10674,4051.52761754,4445000.0,-20000.0,-0.0044994376
KRW-BTC,2019-03-18,2019-03-18 09:00:00,4425000.0,4484000.0,4415000.0,4458000.0,1552953597857,42231498335.58667,9501.14160892,4425000.0,33000.0,0.0074576271
KRW-BTC,2019-03-19,2019-03-19 09:00:00,4457000.0,4496000.0,4442000.0,4486000.0,1553039996596,29606984260.81934,6628.55821296,4458000.0,28000.0,0.0062808434
KRW-BTC,2019-03-20,2019-03-20 09:00:00,4486000.0,4535000.0,4457000.0,4533000.0,1553126399037,32206860697.74433,7162.39960891,4486000.0,47000.0,0.0104770397
KRW-BTC,2019-03-21,2019-03-21 09:00:00,4533000.0,4563000.0,4411000.0,4491000.0,1553212798814,40950501860.49251,9074.41770787,4533000.0,-42000.0,-0.0092653872
KRW-BTC,2019-03-22,2019-03-22 09:00:00,4491000.0,4514000.0,4471000.0,4490000.0,1553299196513,25922574998.34574,5767.56572806,4491000.0,-1000.0,-0.0002226676
KRW-BTC,2019-03-23,2019-03-23 09:00:00,4489000.0,4535000.0,4481000.0,4507000.0,1553385598216,18063802464.01028,4010.8007386,4490000.0,17000.0,0.0037861915
KRW-BTC,2019-03-24,2019-03-24 09:00:00,4505000.0,4539000.0,4492000.0,4525000.0,1553471994092,27750974254.64919,6141.26696193,4507000.0,18000.0,0.0039937874
KRW-BTC,2019-03-25,2019-03-25 09:00:00,4526000.0,4548000.0,4425000.0,4487000.0,1553558400015,43154854390.18012,9560.22460821,4525000.0,-38000.0,-0.0083977901
KRW-BTC,2019-03-26,2019-03-26 09:00:00,4487000.0,4494000.0,4420000.0,4493000.0,1553644799536,31882079601.84378,7150.76182259,4487000.0,6000.0,0.0013371963
KRW-BTC,2019-03-27,2019-03-27 09:00:00,4493000.0,4553000.0,4477000.0,4548000.0,1553731196221,30760863615.12335,6801.09104325,4493000.0,55000.0,0.0122412642
KRW-BTC,2019-03-28,2019-03-28 09:00:00,4548000.0,4592000.0,4525000.0,4550000.0,1553817583163,40721706397.41247,8955.6799217,4548000.0,2000.0,0.0004397537
KRW-BTC,2019-03-29,2019-03-29 09:00:00,4550000.0,4676000.0,4548000.0,4641000.0,1553903999976,39551042227.46028,8584.39564075,4550000.0,91000.0,0.02
KRW-BTC,2019-03-30,2019-03-30 09:00:00,4642000.0,4680000.0,4533000.0,4636000.0,1553990399874,32846205908.98962,7117.93320635,4641000.0,-5000.0,-0.001077354
KRW-BTC,2019-03-31,2019-03-31 09:00:00,4636000.0,4670000.0,4618000.0,4661000.0,1554076797634,35580484027.08325,7660.19035262,4636000.0,25000.0,0.0053925798
KRW-BTC,2019-04-01,2019-04-01 09:00:00,4661000.0,4760000.0,4621000.0,4711000.0,1554163199690,61367451587.99779,13066.44049624,4661000.0,50000.0,0.0107273117
KRW-BTC,2019-04-02,2019-04-02 09:00:00,4711000.0,5525000.0,4706000.0,5411000.0,1554249599143,187338761537.22052,35779.36962198,4711000.0,700000.0,0.1485884101
KRW-BTC,2019-04-03,2019-04-03 09:00:00,5411000.0,5864000.0,5367000.0,5594000.0,1554335995672,128311433264.78406,23006.90185268,5411000.0,183000.0,0.0338199963
KRW-BTC,2019-04-04,2019-04-04 09:00:00,5601000.0,5718000.0,5452000.0,5571000.0,1554422399550,67248751137.94293,11968.33556833,5594000.0,-23000.0,-0.0041115481
KRW-BTC,2019-04-05,2019-04-05 09:00:00,5567000.0,5722000.0,5559000.0,5685000.0,1554508798909,71837233046.14041,12728.86348074,5571000.0,114000.0,0.0204631125
KRW-BTC,2019-04-06,2019-04-06 09:00:00,5685000.0,5975000.0,5641000.0,5793000.0,1554595199967,58139843921.28878,10079.33500166,5685000.0,108000.0,0.0189973615
KRW-BTC,2019-04-07,2019-04-07 09:00:00,5793000.0,5950000.0,5757000.0,5910000.0,1554681600018,50404446877.12297,8606.56750049,5793000.0,117000.0,0.0201967892
KRW-BTC,2019-04-08,2019-04-08 09:00:00,5910000.0,6104000.0,5841000.0,6091000.0,1554767999679,67712465968.62198,11262.5617768,5910000.0,181000.0,0.0306260575
KRW-BTC,2019-04-09,2019-04-09 09:00:00,6091000.0,6092000.0,5939000.0,6000000.0,1554854398525,45341862456.00577,7547.51871099,6091000.0,-91000.0,-0.0149400755
KRW-BTC,2019-04-10,2019-04-10 09:00:00,6001000.0,6250000.0,5999000.0,6166000.0,1554940797434,50559893824.71343,8318.97682643,6000000.0,166000.0,0.0276666667
KRW-BTC,2019-04-11,2019-04-11 09:00:00,6166000.0,6196000.0,5800000.0,5860000.0,1555027199771,85597800453.13098,14323.59630125,6166000.0,-306000.0,-0.0496269867
KRW-BTC,2019-04-12,2019-04-12 09:00:00,5860000.0,5927000.0,5650000.0,5897000.0,1555113595535,48991693378.28947,8432.76271085,5860000.0,37000.0,0.0063139932
KRW-BTC,2019-04-13,2019-04-13 09:00:00,5896000.0,5932000.0,5822000.0,5889000.0,1555199999311,24898843330.87834,4226.05326009,5897000.0,-8000.0,-0.001356622
KRW-BTC,2019-04-14,2019-04-14 09:00:00,5889000.0,5998000.0,5828000.0,5958000.0,1555286399793,24845739740.97041,4218.82004407,5889000.0,69000.0,0.0117167601
KRW-BTC,2019-04-15,2019-04-15 09:00:00,5958000.0,6025000.0,5840000.0,5860000.0,1555372800036,48168775195.48494,8101.81650803,5958000.0,-98000.0,-0.0164484726
KRW-BTC,2019-04-16,2019-04-16 09:00:00,5860000.0,6034000.0,5772000.0,6024000.0,1555459199858,44243111241.56934,7498.73648699,5860000.0,164000.0,0.0279863481
KRW-BTC,2019-04-17,2019-04-17 09:00:00,6024000.0,6080000.0,5971000.0,6004000.0,1555545598902,35747851543.34135,5946.73096896,6024000.0,-20000.0,-0.0033200531
KRW-BTC,2019-04-18,2019-04-18 09:00:00,6004000.0,6094000.0,5998000.0,6070000.0,1555631980811,51265996377.65896,8489.43472618,6004000.0,66000.0,0.0109926716
KRW-BTC,2019-04-19,2019-04-19 09:00:00,6070000.0,6147000.0,5991000.0,6087000.0,1555718397842,38416852460.9841,6350.20410717,6070000.0,17000.0,0.002800659
KRW-BTC,2019-04-20,2019-04-20 09:00:00,6086000.0,6156000.0,6079000.0,6141000.0,1555804799607,24441198119.76691,3994.04389513,6087000.0,54000.0,0.0088713652
KRW-BTC,2019-04-21,2019-04-21 09:00:00,6138000.0,6177000.0,6047000.0,6145000.0,1555891197993,36591579568.45136,5971.98194427,6141000.0,4000.0,0.0006513597
KRW-BTC,2019-04-22,2019-04-22 09:00:00,6145000.0,6276000.0,6092000.0,6237000.0,1555977597353,40997651043.63394,6659.99298085,6145000.0,92000.0,0.0149715216
KRW-BTC,2019-04-23,2019-04-23 09:00:00,6237000.0,6549000.0,6219000.0,6450000.0,1556063996972,69682423128.0528,10869.22891599,6237000.0,213000.0,0.0341510342
KRW-BTC,2019-04-24,2019-04-24 09:00:00,6449000.0,6566000.0,6288000.0,6415000.0,1556150392633,76390522760.69325,11844.50070092,6450000.0,-35000.0,-0.0054263566
KRW-BTC,2019-04-25,2019-04-25 09:00:00,6415000.0,6448000.0,6082000.0,6120000.0,1556236800253,52042608548.29699,8244.90323779,6415000.0,-295000.0,-0.0459859704
KRW-BTC,2019-04-26,2019-04-26 09:00:00,6120000.0,6347000.0,6010000.0,6137000.0,1556323198657,65207804565.95224,10592.33130941,6120000.0,17000.0,0.0027777778
KRW-BTC,2019-04-27,2019-04-27 09:00:00,6139000.0,6164000.0,6080000.0,6114000.0,1556409591477,18921078813.3889,3095.99607482,6137000.0,-23000.0,-0.0037477595
KRW-BTC,2019-04-28,2019-04-28 09:00:00,6115000.0,6188000.0,6089000.0,6138000.0,1556495996493,24438479922.35286,3983.08641683,6114000.0,24000.0,0.0039254171
KRW-BTC,2019-04-29,2019-04-29 09:00:00,6138000.0,6159000.0,5963000.0,6029000.0,1556582395991,34634354993.66441,5702.959786,6138000.0,-109000.0,-0.0177582274
KRW-BTC,2019-04-30,2019-04-30 09:00:00,6030000.0,6160000.0,6007000.0,6117000.0,1556668799842,32305038599.63975,5325.66521626,6029000.0,88000.0,0.0145961188
KRW-BTC,2019-05-01,2019-05-01 09:00:00,6117000.0,6198000.0,6107000.0,6192000.0,1556755198786,24227450824.2018,3938.46440095,6117000.0,75000.0,0.0122609122
KRW-BTC,2019-05-02,2019-05-02 09:00:00,6193000.0,6378000.0,6165000.0,6327000.0,1556841597716,32802646308.6656,5239.96342431,6192000.0,135000.0,0.0218023256
KRW-BTC,2019-05-03,2019-05-03 09:00:00,6327000.0,6716000.0,6300000.0,6596000.0,1556927996000,72666545636.99371,11092.57495268,6327000.0,269000.0,0.0425162004
KRW-BTC,2019-05-04,2019-05-04 09:00:00,6596000.0,6759000.0,6452000.0,6719000.0,1557014399868,46445234090.60933,6998.19026783,6596000.0,123000.0,0.0186476653
KRW-BTC,2019-05-05,2019-05-05 09:00:00,6718000.0,6731000.0,6607000.0,6704000.0,1557100790578,21361033200.7164,3199.97736446,6719000.0,-15000.0,-0.0022324751
KRW-BTC,2019-05-06,2019-05-06 09:00:00,6703000.0,6712000.0,6573000.0,6620000.0,1557187191475,26220651770.71382,3956.9602345,6704000.0,-84000.0,-0.0125298329
KRW-BTC,2019-05-07,2019-05-07 09:00:00,6620000.0,6930000.0,6618000.0,6753000.0,1557273599733,50241575599.49264,7375.75047151,6620000.0,133000.0,0.0200906344
KRW-BTC,2019-05-08,2019-05-08 09:00:00,6752000.0,6959000.0,6670000.0,6959000.0,1557360000218,38562734631.63851,5646.19320357,6753000.0,206000.0,0.0305049608
KRW-BTC,2019-05-09,2019-05-09 09:00:00,6952000.0,7299000.0,6943000.0,7273000.0,1557446397255,67992076301.71716,9562.19350399,6959000.0,314000.0,0.0451214255
KRW-BTC,2019-05-10,2019-05-10 09:00:00,7272000.0,7588000.0,7228000.0,7495000.0,1557532796794,78450667830.04883,10597.21131677,7273000.0,222000.0,0.0305238554
KRW-BTC,2019-05-11,2019-05-11 09:00:00,7495000.0,8551000.0,7491000.0,8368000.0,1557619198511,192203171426.961,24016.23318105,7495000.0,873000.0,0.1164776518
KRW-BTC,2019-05-12,2019-05-12 09:00:00,8370000.0,8807000.0,7950000.0,8170000.0,1557705598449,176449916378.52832,21060.149816,8368000.0,-198000.0,-0.0236615679
KRW-BTC,2019-05-13,2019-05-13 09:00:00,8166000.0,9518000.0,8064000.0,9230000.0,1557791998984,235643959195.83844,26618.70635664,8170000.0,1060000.0,0.1297429621
KRW-BTC,2019-05-14,2019-05-14 09:00:00,9235000.0,9907000.0,9100000.0,9499000.0,1557878400215,238632664795.1941,25056.33445661,9230000.0,269000.0,0.0291440953
KRW-BTC,2019-05-15,2019-05-15 09:00:00,9499000.0,9757000.0,9220000.0,9606000.0,1557964799878,169852029142.36987,17857.0863588,9499000.0,107000.0,0.0112643436
KRW-BTC,2019-05-16,2019-05-16 09:00:00,9606000.0,9842000.0,9247000.0,9465000.0,1558051198031,163495312959.77344,17057.02756153,9606000.0,-141000.0,-0.014678326
KRW-BTC,2019-05-17,2019-05-17 09:00:00,9465000.0,9557000.0,8360000.0,8891000.0,1558137595802,193477025101.32385,22071.33565071,9465000.0,-574000.0,-0.0606444797
KRW-BTC,2019-05-18,2019-05-18 09:00:00,8891000.0,9232000.0,8684000.0,8823000.0,1558223997329,103532300329.37686,11615.27700105,8891000.0,-68000.0,-0.0076481836
KRW-BTC,2019-05-19,2019-05-19 09:00:00,8819000.0,9809000.0,8810000.0,9712000.0,1558310398905,154584732204.60852,16388.29983101,8823000.0,889000.0,0.1007593789
KRW-BTC,2019-05-20,2019-05-20 09:00:00,9712000.0,9713000.0,9200000.0,9581000.0,1558396799863,108765142547.01659,11458.02697678,9712000.0,-131000.0,-0.0134884679
KRW-BTC,2019-05-21,2019-05-21 09:00:00,9581000.0,9646000.0,9402000.0,9509000.0,1558483200312,93082551308.2664,9783.22266274,9581000.0,-72000.0,-0.0075148732
KRW-BTC,2019-05-22,2019-05-22 09:00:00,9509000.0,9611000.0,9220000.0,9309000.0,1558569599573,83848748948.01509,8874.09362343,9509000.0,-200000.0,-0.0210327059
KRW-BTC,2019-05-23,2019-05-23 09:00:00,9304000.0,9593000.0,9003000.0,9491000.0,1558655998745,89346955513.7917,9626.42743604,9309000.0,182000.0,0.0195509722
KRW-BTC,2019-05-24,2019-05-24 09:00:00,9491000.0,9700000.0,9346000.0,9580000.0,1558742397986,85093234544.19118,8929.98092211,9491000.0,89000.0,0.0093773048
KRW-BTC,2019-05-25,2019-05-25 09:00:00,9583000.0,9658000.0,9510000.0,9594000.0,1558828798842,42378085670.41194,4423.41467288,9580000.0,14000.0,0.0014613779
KRW-BTC,2019-05-26,2019-05-26 09:00:00,9594000.0,10470000.0,9386000.0,10299000.0,1558915199204,110060165300.10384,11097.02673955,9594000.0,705000.0,0.0734834271
KRW-BTC,2019-05-27,2019-05-27 09:00:00,10297000.0,10610000.0,10240000.0,10376000.0,1559001598929,125688042523.92781,12067.23805525,10299000.0,77000.0,0.007476454
KRW-BTC,2019-05-28,2019-05-28 09:00:00,10372000.0,10436000.0,10200000.0,10333000.0,1559087999525,69704616071.39137,6739.85220975,10376000.0,-43000.0,-0.0041441789
KRW-BTC,2019-05-29,2019-05-29 09:00:00,10332000.0,10500000.0,10060000.0,10325000.0,1559174400248,86431110832.90813,8371.07028924,10333000.0,-8000.0,-0.0007742185
KRW-BTC,2019-05-30,2019-05-30 09:00:00,10325000.0,10815000.0,9911000.0,10120000.0,1559260797061,146210320462.20615,14079.82620793,10325000.0,-205000.0,-0.0198547215
KRW-BTC,2019-05-31,2019-05-31 09:00:00,10113000.0,10394000.0,9881000.0,10383000.0,1559347198750,97698875582.27785,9590.30573478,10120000.0,263000.0,0.0259881423
KRW-BTC,2019-06-01,2019-06-01 09:00:00,10383000.0,10400000.0,10228000.0,10350000.0,1559433597928,56967244230.16546,5514.70590256,10383000.0,-33000.0,-0.0031782722
KRW-BTC,2019-06-02,2019-06-02 09:00:00,10350000.0,10599000.0,10340000.0,10505000.0,1559520000126,71775106042.42062,6868.79564903,10350000.0,155000.0,0.0149758454
KRW-BTC,2019-06-03,2019-06-03 09:00:00,10505000.0,10509000.0,9990000.0,9999000.0,1559606399663,91977369426.0219,8905.52487849,10505000.0,-506000.0,-0.0481675393
KRW-BTC,2019-06-04,2019-06-04 09:00:00,9999000.0,10017000.0,9230000.0,9486000.0,1559692799838,132329695814.5282,13615.31195031,9999000.0,-513000.0,-0.0513051305
KRW-BTC,2019-06-05,2019-06-05 09:00:00,9487000.0,9826000.0,9326000.0,9583000.0,1559779200121,112039455602.91898,11685.99256793,9486000.0,97000.0,0.0102255956
KRW-BTC,2019-06-06,2019-06-06 09:00:00,9583000.0,9644000.0,9172000.0,9495000.0,1559865599888,63107467787.63178,6689.69736357,9583000.0,-88000.0,-0.0091829281
KRW-BTC,2019-06-07,2019-06-07 09:00:00,9495000.0,9830000.0,9388000.0,9749000.0,1559951999921,75885457782.74586,7875.53016935,9495000.0,254000.0,0.0267509215
KRW-BTC,2019-06-08,2019-06-08 09:00:00,9751000.0,9825000.0,9601000.0,9733000.0,1560038400340,46407985537.31619,4779.91352376,9749000.0,-16000.0,-0.001641194
KRW-BTC,2019-06-09,2019-06-09 09:00:00,9745000.0,9784000.0,9381000.0,9474000.0,1560124799918,51556455040.76621,5372.7306867,9733000.0,-259000.0,-0.0266105004
KRW-BTC,2019-06-10,2019-06-10 09:00:00,9477000.0,9789000.0,9284000.0,9731000.0,1560211199209,64500944521.30874,6749.56912781,9474000.0,257000.0,0.0271268735
KRW-BTC,2019-06-11,2019-06-11 09:00:00,9732000.0,9789000.0,9470000.0,9587000.0,1560297599626,52889644583.61251,5510.10969543,9731000.0,-144000.0,-0.014798068
KRW-BTC,2019-06-12,2019-06-12 09:00:00,9587000.0,9869000.0,9505000.0,9803000.0,1560384000310,68220314616.50472,7049.16366521,9587000.0,216000.0,0.0225305101
KRW-BTC,2019-06-13,2019-06-13 09:00:00,9803000.0,10028000.0,9705000.0,9935000.0,1560470399793,56266834891.98749,5739.21112792,9803000.0,132000.0,0.0134652657
KRW-BTC,2019-06-14,2019-06-14 09:00:00,9935000.0,10514000.0,9859000.0,10462000.0,1560556800395,83757877925.20425,8254.26870027,9935000.0,527000.0,0.0530447911
KRW-BTC,2019-06-15,2019-06-15 09:00:00,10462000.0,10600000.0,10311000.0,10528000.0,1560643197988,67947460745.5441,6509.17413273,10462000.0,66000.0,0.0063085452
KRW-BTC,2019-06-16,2019-06-16 09:00:00,10523000.0,11150000.0,10451000.0,10710000.0,1560729599844,130851229039.5695,12029.90223717,10528000.0,182000.0,0.017287234
KRW-BTC,2019-06-17,2019-06-17 09:00:00,10710000.0,11187000.0,10694000.0,11055000.0,1560815997054,94342570974.46951,8591.80232045,10710000.0,345000.0,0.0322128852
KRW-BTC,2019-06-18,2019-06-18 09:00:00,11055000.0,11100000.0,10750000.0,10902000.0,1560902397776,78304323171.68437,7165.30905941,11055000.0,-153000.0,-0.0138398915
KRW-BTC,2019-06-19,2019-06-19 09:00:00,10901000.0,11100000.0,10845000.0,11063000.0,1560988799313,56430860180.42138,5153.06082226,10902000.0,161000.0,0.0147679325
KRW-BTC,2019-06-20,2019-06-20 09:00:00,11064000.0,11421000.0,10931000.0,11349000.0,1561075198666,97115613737.0133,8734.01302562,11063000.0,286000.0,0.0258519389
KRW-BTC,2019-06-21,2019-06-21 09:00:00,11350000.0,12000000.0,11338000.0,11994000.0,1561161599516,116266853991.58418,10040.27928899,11349000.0,645000.0,0.0568332012
KRW-BTC,2019-06-22,2019-06-22 09:00:00,11994000.0,13043000.0,11818000.0,12398000.0,1561247999402,301508909187.3494,24086.22072139,11994000.0,404000.0,0.0336835084
KRW-BTC,2019-06-23,2019-06-23 09:00:00,12398000.0,13036000.0,12200000.0,12681000.0,1561334399904,132979380765.79083,10604.85648318,12398000.0,283000.0,0.0228262623
KRW-BTC,2019-06-24,2019-06-24 09:00:00,12681000.0,12980000.0,12456000.0,12891000.0,1561420799852,107077794240.25623,8410.98247577,12681000.0,210000.0,0.0165602082
KRW-BTC,2019-06-25,2019-06-25 09:00:00,12896000.0,13999000.0,12850000.0,13941000.0,1561507199389,213791863606.87997,15996.640205,12891000.0,1050000.0,0.0814521759
KRW-BTC,2019-06-26,2019-06-26 09:00:00,13942000.0,16840000.0,13858000.0,15854000.0,1561593599795,750596227110.595,49346.44063007,13941000.0,1913000.0,0.1372211463
KRW-BTC,2019-06-27,2019-06-27 09:00:00,15854000.0,16451000.0,13088000.0,14028000.0,1561679999922,784340620564.0253,53630.66520719,15854000.0,-1826000.0,-0.1151759808
KRW-BTC,2019-06-28,2019-06-28 09:00:00,14021000.0,15400000.0,13597000.0,15307000.0,1561766400339,496347234579.13184,34255.78282605,14028000.0,1279000.0,0.0911747933
KRW-BTC,2019-06-29,2019-06-29 09:00:00,15306000.0,15446000.0,14246000.0,14576000.0,1561852799031,301336580523.4551,20528.56039002,15307000.0,-731000.0,-0.0477559287
KRW-BTC,2019-06-30,2019-06-30 09:00:00,14576000.0,14823000.0,13501000.0,13598000.0,1561939201202,224262126831.7942,15823.17086473,14576000.0,-978000.0,-0.0670965971
KRW-BTC,2019-07-01,2019-07-01 09:00:00,13599000.0,13846000.0,12330000.0,13026000.0,1562025599120,329524192946.7636,25148.22954355,13599000.0,-573000.0,-0.0421354511
KRW-BTC,2019-07-02,2019-07-02 09:00:00,13027000.0,13352000.0,11850000.0,13205000.0,1562111999269,420056886890.81635,33653.85372014,13026000.0,179000.0,0.0137417473
KRW-BTC,2019-07-03,2019-07-03 09:00:00,13205000.0,14450000.0,13205000.0,14419000.0,1562198400200,408707039821.3516,29701.05312366,13205000.0,1214000.0,0.0919348732
KRW-BTC,2019-07-04,2019-07-04 09:00:00,14424000.0,14543000.0,13446000.0,13535000.0,1562284800276,250066064432.3536,17777.00140039,14419000.0,-884000.0,-0.0613079964
KRW-BTC,2019-07-05,2019-07-05 09:00:00,13535000.0,13790000.0,13100000.0,13367000.0,1562371199855,210030655123.0837,15604.87414517,13535000.0,-168000.0,-0.0124122645
KRW-BTC,2019-07-06,2019-07-06 09:00:00,13352000.0,13980000.0,13337000.0,13607000.0,1562457600014,151147381308.83176,11029.65693401,13367000.0,240000.0,0.0179546645
KRW-BTC,2019-07-07,2019-07-07 09:00:00,13608000.0,13777000.0,13402000.0,13652000.0,1562543996617,82884148613.21906,6112.29934939,13607000.0,45000.0,0.0033071213
KRW-BTC,2019-07-08,2019-07-08 09:00:00,13658000.0,14712000.0,13504000.0,14570000.0,1562630399306,186721744809.7835,13219.12416828,13652000.0,918000.0,0.0672428948
KRW-BTC,2019-07-09,2019-07-09 09:00:00,14569000.0,15167000.0,14449000.0,14940000.0,1562716800013,272967560115.14102,18409.06927592,14570000.0,370000.0,0.0253946465
KRW-BTC,2019-07-10,2019-07-10 09:00:00,14940000.0,15537000.0,14010000.0,14595000.0,1562803199962,434277406079.4697,29004.84701858,14940000.0,-345000.0,-0.0230923695
KRW-BTC,2019-07-11,2019-07-11 09:00:00,14594000.0,14662000.0,13488000.0,13770000.0,1562889599978,355725403110.0496,25449.01584899,14595000.0,-825000.0,-0.0565262076
KRW-BTC,2019-07-12,2019-07-12 09:00:00,13770000.0,14300000.0,13240000.0,14199000.0,1562975999685,247018185031.88745,17827.61270592,13770000.0,429000.0,0.0311546841
KRW-BTC,2019-07-13,2019-07-13 09:00:00,14194000.0,14266000.0,13373000.0,13810000.0,1563062400015,145284309844.6349,10525.64945175,14199000.0,-389000.0,-0.0273962955
KRW-BTC,2019-07-14,2019-07-14 09:00:00,13810000.0,13857000.0,12393000.0,12425000.0,1563148800351,242509429976.46146,18601.5880795,13810000.0,-1385000.0,-0.1002896452
KRW-BTC,2019-07-15,2019-07-15 09:00:00,12425000.0,13440000.0,11858000.0,13166000.0,1563235200111,294881461928.9903,23622.08610276,12425000.0,741000.0,0.059637827
KRW-BTC,2019-07-16,2019-07-16 09:00:00,13162000.0,13388000.0,11325000.0,11448000.0,1563321600486,314936961328.8254,25524.42453999,13166000.0,-1718000.0,-0.1304876196
KRW-BTC,2019-07-17,2019-07-17 09:00:00,11448000.0,11993000.0,10880000.0,11648000.0,1563407999928,336410164581.6101,29435.3111246,11433000.0,215000.0,0.018805213
KRW-BTC,2019-07-18,2019-07-18 09:00:00,11642000.0,12800000.0,11082000.0,12659000.0,1563494399459,363450021670.8476,30361.56543744,11648000.0,1011000.0,0.0867960165
KRW-BTC,2019-07-19,2019-07-19 09:00:00,12656000.0,12805000.0,12210000.0,12549000.0,1563580799453,211800996611.0615,16966.26425103,12659000.0,-110000.0,-0.0086894699
KRW-BTC,2019-07-20,2019-07-20 09:00:00,12549000.0,13090000.0,12410000.0,12780000.0,1563667198443,161718406260.70175,12766.06610129,12549000.0,231000.0,0.0184078413
KRW-BTC,2019-07-21,2019-07-21 09:00:00,12780000.0,12843000.0,12300000.0,12565000.0,1563753597229,94378482422.30756,7503.34531353,12780000.0,-215000.0,-0.0168231612
KRW-BTC,2019-07-22,2019-07-22 09:00:00,12565000.0,12683000.0,12101000.0,12310000.0,1563839998358,94670693910.00761,7619.39808956,12565000.0,-255000.0,-0.0202944688
KRW-BTC,2019-07-23,2019-07-23 09:00:00,12311000.0,12337000.0,11770000.0,11797000.0,1563926398885,110719884759.42117,9196.95112987,12310000.0,-513000.0,-0.0416734362
KRW-BTC,2019-07-24,2019-07-24 09:00:00,11797000.0,11811000.0,11327000.0,11611000.0,1564012799386,101476361131.32648,8792.82200225,11797000.0,-186000.0,-0.0157667204
KRW-BTC,2019-07-25,2019-07-25 09:00:00,11611000.0,12103000.0,11556000.0,11743000.0,1564099199702,84081541940.41408,7073.00169757,11611000.0,132000.0,0.0113685298
KRW-BTC,2019-07-26,2019-07-26 09:00:00,11738000.0,11738000.0,11456000.0,11680000.0,1564185599386,64103081759.54955,5539.77501847,11743000.0,-63000.0,-0.0053648982
KRW-BTC,2019-07-27,2019-07-27 09:00:00,11680000.0,12011000.0,11121000.0,11310000.0,1564271998238,95456708174.75398,8266.20538641,11680000.0,-370000.0,-0.0316780822
KRW-BTC,2019-07-28,2019-07-28 09:00:00,11306000.0,11417000.0,11000000.0,11310000.0,1564358401232,52517787373.64076,4658.22707119,11310000.0,,0.0
KRW-BTC,2019-07-29,2019-07-29 09:00:00,11312000.0,11547000.0,11151000.0,11280000.0,1564444798780,56246405054.09359,4965.89960032,11310000.0,-30000.0,-0.0026525199
KRW-BTC,2019-07-30,2019-07-30 09:00:00,11280000.0,11500000.0,11146000.0,11323000.0,1564531198243,53928293023.59129,4773.20645331,11280000.0,43000.0,0.0038120567
KRW-BTC,2019-07-31,2019-07-31 09:00:00,11323000.0,11960000.0,11300000.0,11957000.0,1564617599890,93764411909.692,8042.51654364,11323000.0,634000.0,0.0559922282
KRW-BTC,2019-08-01,2019-08-01 09:00:00,11956000.0,12412000.0,11682000.0,12317000.0,1564703999670,87399133792.92517,7300.30830386,11957000.0,360000.0,0.0301078866
KRW-BTC,2019-08-02,2019-08-02 09:00:00,12317000.0,12768000.0,12213000.0,12563000.0,1564790398569,119089116597.80522,9548.01565542,12317000.0,246000.0,0.0199723959
KRW-BTC,2019-08-03,2019-08-03 09:00:00,12563000.0,12883000.0,12523000.0,12773000.0,1564876798597,95589607052.77835,7491.78097596,12563000.0,210000.0,0.0167157526
KRW-BTC,2019-08-04,2019-08-04 09:00:00,12772000.0,13036000.0,12475000.0,12958000.0,1564963199998,108274878887.12016,8484.58320479,12773000.0,185000.0,0.0144836765
KRW-BTC,2019-08-05,2019-08-05 09:00:00,12958000.0,14213000.0,12948000.0,14181000.0,1565049600086,256826360069.86636,18719.86010936,12958000.0,1223000.0,0.0943818491
KRW-BTC,2019-08-06,2019-08-06 09:00:00,14181000.0,14570000.0,13455000.0,13782000.0,1565136000313,315014494693.0396,22453.01941633,14181000.0,-399000.0,-0.0281362386
KRW-BTC,2019-08-07,2019-08-07 09:00:00,13782000.0,14408000.0,13570000.0,14219000.0,1565222400352,231909308100.32922,16557.39288205,13782000.0,437000.0,0.031708025
KRW-BTC,2019-08-08,2019-08-08 09:00:00,14197000.0,14310000.0,13841000.0,14241000.0,1565308799661,130357944365.48573,9231.75268362,14219000.0,22000.0,0.0015472255
KRW-BTC,2019-08-09,2019-08-09 09:00:00,14250000.0,14315000.0,13980000.0,14248000.0,1565395196833,107983995428.21399,7624.83526974,14241000.0,7000.0,0.0004915385
KRW-BTC,2019-08-10,2019-08-10 09:00:00,14246000.0,14331000.0,13582000.0,13699000.0,1565481596874,120388045219.07057,8664.21798351,14248000.0,-549000.0,-0.0385317238
KRW-BTC,2019-08-11,2019-08-11 09:00:00,13698000.0,13918000.0,13434000.0,13876000.0,1565568000391,78561546587.2456,5737.5360073,13699000.0,177000.0,0.0129206511
KRW-BTC,2019-08-12,2019-08-12 09:00:00,13876000.0,13893000.0,13535000.0,13696000.0,1565654400104,49090206115.44249,3581.48838483,13876000.0,-180000.0,-0.0129720381
KRW-BTC,2019-08-13,2019-08-13 09:00:00,13696000.0,13745000.0,13012000.0,13147000.0,1565740799334,99671230254.66484,7466.96099317,13696000.0,-549000.0,-0.0400846963
KRW-BTC,2019-08-14,2019-08-14 09:00:00,13147000.0,13152000.0,12109000.0,12202000.0,1565827199810,167381788906.1582,13208.81054594,13147000.0,-945000.0,-0.0718795162
KRW-BTC,2019-08-15,2019-08-15 09:00:00,12200000.0,12770000.0,11535000.0,12619000.0,1565913599993,254083433250.48477,20920.03379127,12202000.0,417000.0,0.0341747255
KRW-BTC,2019-08-16,2019-08-16 09:00:00,12620000.0,12847000.0,11930000.0,12575000.0,1565999992379,217247041267.09216,17519.15336984,12619000.0,-44000.0,-0.0034868056
KRW-BTC,2019-08-17,2019-08-17 09:00:00,12575000.0,12722000.0,12201000.0,12424000.0,1566086399354,80734967357.55618,6445.93547673,12575000.0,-151000.0,-0.0120079523
KRW-BTC,2019-08-18,2019-08-18 09:00:00,12422000.0,12729000.0,12230000.0,12509000.0,1566172797277,79575156884.12813,6357.87368969,12424000.0,85000.0,0.0068415969
KRW-BTC,2019-08-19,2019-08-19 09:00:00,12512000.0,13191000.0,12413000.0,13165000.0,1566259195800,131988062579.49509,10273.77158288,12509000.0,656000.0,0.0524422416
KRW-BTC,2019-08-20,2019-08-20 09:00:00,13166000.0,13211000.0,12746000.0,12952000.0,1566345594758,109739439060.3668,8459.48670027,13165000.0,-213000.0,-0.0161792632
KRW-BTC,2019-08-21,2019-08-21 09:00:00,12959000.0,13014000.0,12011000.0,12293000.0,1566431999733,141065350911.02307,11402.28623537,12952000.0,-659000.0,-0.0508801729
KRW-BTC,2019-08-22,2019-08-22 09:00:00,12293000.0,12383000.0,11870000.0,12210000.0,1566518399956,110232585492.08633,9088.12379505,12293000.0,-83000.0,-0.00675181
KRW-BTC,2019-08-23,2019-08-23 09:00:00,12210000.0,12523000.0,12138000.0,12443000.0,1566604799778,84725098861.38988,6873.32738549,12210000.0,233000.0,0.0190827191
KRW-BTC,2019-08-24,2019-08-24 09:00:00,12454000.0,12470000.0,11985000.0,12201000.0,1566691199852,57620101107.40069,4726.72264489,12443000.0,-242000.0,-0.019448686
KRW-BTC,2019-08-25,2019-08-25 09:00:00,12201000.0,12410000.0,12000000.0,12218000.0,1566777599021,57423735677.64393,4711.94391647,12201000.0,17000.0,0.0013933284
KRW-BTC,2019-08-26,2019-08-26 09:00:00,12218000.0,12680000.0,12209000.0,12421000.0,1566863999781,88655539497.4194,7128.12167165,12218000.0,203000.0,0.0166148306
KRW-BTC,2019-08-27,2019-08-27 09:00:00,12415000.0,12444000.0,12088000.0,12208000.0,1566950396268,47689175979.89643,3899.29018809,12421000.0,-213000.0,-0.0171483777
KRW-BTC,2019-08-28,2019-08-28 09:00:00,12208000.0,12319000.0,11684000.0,11787000.0,1567036799311,77931868159.07452,6489.41656104,12208000.0,-421000.0,-0.0344855832
KRW-BTC,2019-08-29,2019-08-29 09:00:00,11787000.0,11788000.0,11380000.0,11525000.0,1567123198462,72684959819.4439,6298.06439684,11787000.0,-262000.0,-0.0222278782
KRW-BTC,2019-08-30,2019-08-30 09:00:00,11525000.0,11768000.0,11384000.0,11632000.0,1567209599289,50382918699.21211,4350.76365002,11525000.0,107000.0,0.0092841649
KRW-BTC,2019-08-31,2019-08-31 09:00:00,11643000.0,11718000.0,11500000.0,11612000.0,1567295999820,31962253332.97265,2750.65389976,11632000.0,-20000.0,-0.0017193948
KRW-BTC,2019-09-01,2019-09-01 09:00:00,11612000.0,11860000.0,11544000.0,11768000.0,1567382399752,29924188377.9901,2564.52409767,11612000.0,156000.0,0.0134343782
KRW-BTC,2019-09-02,2019-09-02 09:00:00,11768000.0,12545000.0,11726000.0,12435000.0,1567468798555,76234083269.97522,6302.83112041,11768000.0,667000.0,0.0566791298
KRW-BTC,2019-09-03,2019-09-03 09:00:00,12435000.0,12959000.0,12310000.0,12703000.0,1567555197142,124030874069.93253,9806.45336225,12435000.0,268000.0,0.0215520708
KRW-BTC,2019-09-04,2019-09-04 09:00:00,12722000.0,12900000.0,12438000.0,12641000.0,1567641598252,84250038678.29063,6669.27583971,12703000.0,-62000.0,-0.0048807368
KRW-BTC,2019-09-05,2019-09-05 09:00:00,12636000.0,12752000.0,12533000.0,12644000.0,1567727989560,49529989107.0378,3920.57195261,12641000.0,3000.0,0.000237323
KRW-BTC,2019-09-06,2019-09-06 09:00:00,12644000.0,13014000.0,12306000.0,12341000.0,1567814400090,113421449490.96562,8927.34060442,12644000.0,-303000.0,-0.0239639355
KRW-BTC,2019-09-07,2019-09-07 09:00:00,12340000.0,12588000.0,12335000.0,12473000.0,1567900794713,41093245850.74858,3300.44318828,12341000.0,132000.0,0.0106960538
KRW-BTC,2019-09-08,2019-09-08 09:00:00,12475000.0,12579000.0,12271000.0,12370000.0,1567987195116,37241378038.45429,2998.75719124,12473000.0,-103000.0,-0.0082578369
KRW-BTC,2019-09-09,2019-09-09 09:00:00,12370000.0,12480000.0,12010000.0,12278000.0,1568073598697,66431799125.39599,5421.69210394,12370000.0,-92000.0,-0.0074373484
KRW-BTC,2019-09-10,2019-09-10 09:00:00,12270000.0,12330000.0,11962000.0,12078000.0,1568159998405,38089901706.28362,3132.17632188,12278000.0,-200000.0,-0.0162892979
KRW-BTC,2019-09-11,2019-09-11 09:00:00,12073000.0,12255000.0,11858000.0,12162000.0,1568246398324,45147419832.41659,3747.82512087,12078000.0,84000.0,0.0069547938
KRW-BTC,2019-09-12,2019-09-12 09:00:00,12163000.0,12466000.0,12038000.0,12427000.0,1568332799534,42070122634.02177,3436.84212336,12162000.0,265000.0,0.0217891794
KRW-BTC,2019-09-13,2019-09-13 09:00:00,12418000.0,12444000.0,12137000.0,12306000.0,1568419197644,30017708367.37842,2443.51292131,12427000.0,-121000.0,-0.0097368633
KRW-BTC,2019-09-14,2019-09-14 09:00:00,12306000.0,12330000.0,12147000.0,12253000.0,1568505593599,29727338744.49301,2424.39093154,12306000.0,-53000.0,-0.0043068422
KRW-BTC,2019-09-15,2019-09-15 09:00:00,12258000.0,12290000.0,12150000.0,12169000.0,1568591992963,24787619670.48587,2032.31464177,12253000.0,-84000.0,-0.006855464
KRW-BTC,2019-09-16,2019-09-16 09:00:00,12176000.0,12251000.0,11953000.0,12133000.0,1568678399588,47334758373.4437,3908.91952001,12169000.0,-36000.0,-0.0029583368
KRW-BTC,2019-09-17,2019-09-17 09:00:00,12133000.0,12136000.0,12001000.0,12061000.0,1568764792823,50717638290.33221,4203.17884704,12133000.0,-72000.0,-0.005934229
KRW-BTC,2019-09-18,2019-09-18 09:00:00,12060000.0,12154000.0,12010000.0,12050000.0,1568851199557,47420990225.98303,3927.0798215,12061000.0,-11000.0,-0.0009120305
KRW-BTC,2019-09-19,2019-09-19 09:00:00,12049000.0,12250000.0,11556000.0,12180000.0,1568937596938,81918464278.2582,6904.491687,12050000.0,130000.0,0.0107883817
KRW-BTC,2019-09-20,2019-09-20 09:00:00,12175000.0,12222000.0,12002000.0,12074000.0,1569023998502,37229747926.49026,3081.28623456,12180000.0,-106000.0,-0.0087027915
KRW-BTC,2019-09-21,2019-09-21 09:00:00,12074000.0,12080000.0,11808000.0,11891000.0,1569110395445,29757655305.17087,2493.56516351,12074000.0,-183000.0,-0.0151565347
KRW-BTC,2019-09-22,2019-09-22 09:00:00,11891000.0,11980000.0,11733000.0,11936000.0,1569196798251,37670180391.84503,3173.26096381,11891000.0,45000.0,0.0037843747
KRW-BTC,2019-09-23,2019-09-23 09:00:00,11943000.0,11960000.0,11490000.0,11545000.0,1569283198770,53889241967.49019,4597.23259343,11936000.0,-391000.0,-0.0327580429
KRW-BTC,2019-09-24,2019-09-24 09:00:00,11545000.0,11668000.0,9800000.0,10194000.0,1569369599416,131311857635.47179,12189.27183059,11545000.0,-1351000.0,-0.1170203551
KRW-BTC,2019-09-25,2019-09-25 09:00:00,10221000.0,10587000.0,9811000.0,10143000.0,1569455999999,100989681269.3399,9974.20045584,10194000.0,-51000.0,-0.0050029429
KRW-BTC,2019-09-26,2019-09-26 09:00:00,10146000.0,10200000.0,9375000.0,9700000.0,1569542399881,101046454349.3524,10322.36470948,10143000.0,-443000.0,-0.0436754412
KRW-BTC,2019-09-27,2019-09-27 09:00:00,9700000.0,9914000.0,9431000.0,9833000.0,1569628791068,52692807794.0339,5463.77470047,9700000.0,133000.0,0.0137113402
KRW-BTC,2019-09-28,2019-09-28 09:00:00,9833000.0,9972000.0,9633000.0,9874000.0,1569715198920,37895262101.74691,3868.14817646,9833000.0,41000.0,0.0041696329
KRW-BTC,2019-09-29,2019-09-29 09:00:00,9875000.0,9907000.0,9543000.0,9670000.0,1569801598392,28100774511.27242,2898.38841753,9874000.0,-204000.0,-0.02066032
KRW-BTC,2019-09-30,2019-09-30 09:00:00,9672000.0,9984000.0,9268000.0,9945000.0,1569887998676,78406425958.17792,8157.17697332,9670000.0,275000.0,0.0284384695
KRW-BTC,2019-10-01,2019-10-01 09:00:00,9945000.0,10234000.0,9797000.0,9987000.0,1569974398154,66732354859.10069,6643.78675421,9945000.0,42000.0,0.0042232278
KRW-BTC,2019-10-02,2019-10-02 09:00:00,9987000.0,10092000.0,9812000.0,10077000.0,1570060789369,36734263345.87575,3695.09916577,9987000.0,90000.0,0.0090117152
KRW-BTC,2019-10-03,2019-10-03 09:00:00,10089000.0,10130000.0,9786000.0,9937000.0,1570147199089,34948711657.90537,3518.31758295,10077000.0,-140000.0,-0.0138930237
KRW-BTC,2019-10-04,2019-10-04 09:00:00,9932000.0,9942000.0,9663000.0,9755000.0,1570233598394,32654323537.81212,3338.16773592,9937000.0,-182000.0,-0.0183153869
KRW-BTC,2019-10-05,2019-10-05 09:00:00,9755000.0,9791000.0,9570000.0,9720000.0,1570320000235,22255428095.67198,2297.85517253,9755000.0,-35000.0,-0.0035879036
KRW-BTC,2019-10-06,2019-10-06 09:00:00,9720000.0,9754000.0,9370000.0,9443000.0,1570406396704,30163362302.52708,3160.75687312,9720000.0,-277000.0,-0.0284979424
KRW-BTC,2019-10-07,2019-10-07 09:00:00,9441000.0,9893000.0,9295000.0,9749000.0,1570492798118,63216416819.01753,6586.42261914,9443000.0,306000.0,0.0324049561
KRW-BTC,2019-10-08,2019-10-08 09:00:00,9748000.0,9928000.0,9661000.0,9728000.0,1570579198223,37891242406.1716,3877.77878012,9749000.0,-21000.0,-0.0021540671
KRW-BTC,2019-10-09,2019-10-09 09:00:00,9729000.0,10300000.0,9670000.0,10182000.0,1570665597610,58031436648.87896,5787.8182771,9728000.0,454000.0,0.0466694079
KRW-BTC,2019-10-10,2019-10-10 09:00:00,10182000.0,10305000.0,10020000.0,10167000.0,1570751999288,46481165729.70021,4579.45123586,10182000.0,-15000.0,-0.001473188
KRW-BTC,2019-10-11,2019-10-11 09:00:00,10167000.0,10443000.0,9803000.0,9814000.0,1570838391431,63700438586.44717,6349.28685378,10167000.0,-353000.0,-0.0347201731
KRW-BTC,2019-10-12,2019-10-12 09:00:00,9813000.0,9978000.0,9805000.0,9867000.0,1570924762506,18505374391.42544,1870.88197695,9814000.0,53000.0,0.0054004483
KRW-BTC,2019-10-13,2019-10-13 09:00:00,9879000.0,9997000.0,9723000.0,9807000.0,1571011197733,22649118203.43795,2289.99944652,9867000.0,-60000.0,-0.0060808756
KRW-BTC,2019-10-14,2019-10-14 09:00:00,9804000.0,9907000.0,9735000.0,9871000.0,1571097598983,25139803400.44763,2561.96675963,9807000.0,64000.0,0.0065259509
KRW-BTC,2019-10-15,2019-10-15 09:00:00,9870000.0,9944000.0,9675000.0,9719000.0,1571183995850,27815987750.30002,2837.93058097,9871000.0,-152000.0,-0.0153986425
KRW-BTC,2019-10-16,2019-10-16 09:00:00,9715000.0,9733000.0,9441000.0,9525000.0,1571270390923,30204786517.2861,3148.02448435,9719000.0,-194000.0,-0.0199609013
KRW-BTC,2019-10-17,2019-10-17 09:00:00,9525000.0,9649000.0,9460000.0,9563000.0,1571356795189,22073646950.86906,2313.84172892,9525000.0,38000.0,0.0039895013
KRW-BTC,2019-10-18,2019-10-18 09:00:00,9563000.0,9626000.0,9350000.0,9434000.0,1571443199231,25556298238.66218,2708.5521542,9563000.0,-129000.0,-0.0134894907
KRW-BTC,2019-10-19,2019-10-19 09:00:00,9428000.0,9560000.0,9360000.0,9437000.0,1571529594605,17404523434.46427,1841.45389053,9434000.0,3000.0,0.0003179987
KRW-BTC,2019-10-20,2019-10-20 09:00:00,9446000.0,9814000.0,9373000.0,9710000.0,1571615997622,25077308418.71932,2624.45985664,9437000.0,273000.0,0.028928685
KRW-BTC,2019-10-21,2019-10-21 09:00:00,9698000.0,9801000.0,9610000.0,9663000.0,1571702399268,28666803818.89707,2955.21784118,9710000.0,-47000.0,-0.0048403708
KRW-BTC,2019-10-22,2019-10-22 09:00:00,9663000.0,9774000.0,9451000.0,9470000.0,1571788800086,25948459059.29083,2690.5030671,9663000.0,-193000.0,-0.0199730932
KRW-BTC,2019-10-23,2019-10-23 09:00:00,9469000.0,9525000.0,8689000.0,8826000.0,1571875200058,63440499259.29793,7029.06223189,9470000.0,-644000.0,-0.0680042239
KRW-BTC,2019-10-24,2019-10-24 09:00:00,8826000.0,8872000.0,8630000.0,8743000.0,1571961598168,27981734688.85916,3195.99332726,8826000.0,-83000.0,-0.0094040335
KRW-BTC,2019-10-25,2019-10-25 09:00:00,8743000.0,10128000.0,8706000.0,10063000.0,1572047994277,89080424731.90956,9376.12602054,8743000.0,1320000.0,0.1509779252
KRW-BTC,2019-10-26,2019-10-26 09:00:00,10063000.0,11899000.0,10015000.0,10730000.0,1572134398022,269128618858.57144,24630.11773568,10063000.0,667000.0,0.0662824207
KRW-BTC,2019-10-27,2019-10-27 09:00:00,10727000.0,11275000.0,10551000.0,10975000.0,1572220799411,148700608508.1477,13557.94011661,10730000.0,245000.0,0.022833178
KRW-BTC,2019-10-28,2019-10-28 09:00:00,10975000.0,11377000.0,10719000.0,10736000.0,1572307199860,84515204724.10098,7680.15692763,10975000.0,-239000.0,-0.0217767654
KRW-BTC,2019-10-29,2019-10-29 09:00:00,10731000.0,11056000.0,10630000.0,10894000.0,1572393596975,55967079373.82939,5143.49786317,10736000.0,158000.0,0.0147168405
KRW-BTC,2019-10-30,2019-10-30 09:00:00,10903000.0,10915000.0,10501000.0,10682000.0,1572480000589,49189378637.83092,4599.59655203,10894000.0,-212000.0,-0.0194602534
KRW-BTC,2019-10-31,2019-10-31 09:00:00,10682000.0,10990000.0,10488000.0,10692000.0,1572566396750,54875677152.97942,5113.48198377,10682000.0,10000.0,0.0009361543
KRW-BTC,2019-11-01,2019-11-01 09:00:00,10698000.0,10857000.0,10604000.0,10805000.0,1572652796267,34271914389.51104,3200.02664451,10692000.0,113000.0,0.0105686495
KRW-BTC,2019-11-02,2019-11-02 09:00:00,10805000.0,10970000.0,10754000.0,10851000.0,1572739193490,27596836698.10383,2544.98218191,10805000.0,46000.0,0.0042572883
KRW-BTC,2019-11-03,2019-11-03 09:00:00,10851000.0,10943000.0,10660000.0,10765000.0,1572825599352,23265123468.26498,2156.98902181,10851000.0,-86000.0,-0.0079255368
KRW-BTC,2019-11-04,2019-11-04 09:00:00,10765000.0,10996000.0,10645000.0,10846000.0,1572912000050,34979608606.58006,3242.36581783,10765000.0,81000.0,0.0075243846
KRW-BTC,2019-11-05,2019-11-05 09:00:00,10846000.0,10918000.0,10674000.0,10752000.0,1572998399313,36670695777.14769,3398.668628,10846000.0,-94000.0,-0.0086667896
KRW-BTC,2019-11-06,2019-11-06 09:00:00,10752000.0,10842000.0,10711000.0,10751000.0,1573084799386,25350992809.11917,2355.01125361,10752000.0,-1000.0,-9.3006e-05
KRW-BTC,2019-11-07,2019-11-07 09:00:00,10752000.0,10795000.0,10546000.0,10668000.0,1573171198372,30913317792.00885,2897.74288014,10751000.0,-83000.0,-0.0077202121
KRW-BTC,2019-11-08,2019-11-08 09:00:00,10668000.0,10724000.0,10103000.0,10212000.0,1573257586419,49511704409.46123,4766.43183569,10668000.0,-456000.0,-0.0427446569
KRW-BTC,2019-11-09,2019-11-09 09:00:00,10213000.0,10319000.0,10172000.0,10248000.0,1573343999390,18321019288.37803,1786.85694212,10212000.0,36000.0,0.0035252644
KRW-BTC,2019-11-10,2019-11-10 09:00:00,10248000.0,10589000.0,10160000.0,10496000.0,1573430398967,29429356440.00829,2837.97081756,10248000.0,248000.0,0.0241998439
KRW-BTC,2019-11-11,2019-11-11 09:00:00,10496000.0,10511000.0,10069000.0,10168000.0,1573516797736,38742001326.4286,3782.32118472,10496000.0,-328000.0,-0.03125
KRW-BTC,2019-11-12,2019-11-12 09:00:00,10168000.0,10320000.0,10000000.0,10257000.0,1573603200050,30792065011.85945,3027.28853194,10168000.0,89000.0,0.0087529504
KRW-BTC,2019-11-13,2019-11-13 09:00:00,10259000.0,10287000.0,10143000.0,10211000.0,1573689585658,19145546177.0855,1876.98070932,10257000.0,-46000.0,-0.0044847421
KRW-BTC,2019-11-14,2019-11-14 09:00:00,10212000.0,10232000.0,10039000.0,10075000.0,1573775998140,21801449664.22481,2156.61569204,10211000.0,-136000.0,-0.0133189697
KRW-BTC,2019-11-15,2019-11-15 09:00:00,10075000.0,10212000.0,9860000.0,9914000.0,1573862398140,41477801451.16277,4147.27478969,10075000.0,-161000.0,-0.0159801489
KRW-BTC,2019-11-16,2019-11-16 09:00:00,9909000.0,9992000.0,9880000.0,9926000.0,1573948714200,17474462137.19867,1761.1646507,9914000.0,12000.0,0.0012104095
KRW-BTC,2019-11-17,2019-11-17 09:00:00,9934000.0,10056000.0,9820000.0,9924000.0,1574035181373,18060048970.57991,1815.96429459,9926000.0,-2000.0,-0.000201491
KRW-BTC,2019-11-18,2019-11-18 09:00:00,9924000.0,9934000.0,9531000.0,9580000.0,1574121599787,32792043310.72097,3352.42119732,9924000.0,-344000.0,-0.0346634422
KRW-BTC,2019-11-19,2019-11-19 09:00:00,9580000.0,9615000.0,9361000.0,9503000.0,1574207996894,34452111122.49173,3631.799952,9580000.0,-77000.0,-0.0080375783
KRW-BTC,2019-11-20,2019-11-20 09:00:00,9509000.0,9553000.0,9410000.0,9486000.0,1574294397435,23058987144.27432,2431.5636425,9503000.0,-17000.0,-0.0017889088
KRW-BTC,2019-11-21,2019-11-21 09:00:00,9486000.0,9525000.0,8901000.0,9024000.0,1574380785887,55308644720.16394,6010.80668969,9486000.0,-462000.0,-0.0487033523
KRW-BTC,2019-11-22,2019-11-22 09:00:00,9024000.0,9123000.0,8202000.0,8651000.0,1574467184056,93391117685.63367,10814.24485621,9024000.0,-373000.0,-0.0413342199
KRW-BTC,2019-11-23,2019-11-23 09:00:00,8661000.0,8712000.0,8405000.0,8670000.0,1574553597069,33850080658.51349,3952.26249858,8651000.0,19000.0,0.0021962779
KRW-BTC,2019-11-24,2019-11-24 09:00:00,8675000.0,8693000.0,8164000.0,8218000.0,1574639999968,37940617155.55644,4506.87052334,8670000.0,-452000.0,-0.0521337947
KRW-BTC,2019-11-25,2019-11-25 09:00:00,8217000.0,8633000.0,7683000.0,8338000.0,1574726398442,111235431131.05804,13648.46006191,8218000.0,120000.0,0.014602093
KRW-BTC,2019-11-26,2019-11-26 09:00:00,8338000.0,8627000.0,8240000.0,8410000.0,1574812798586,49374020762.80759,5867.68876664,8338000.0,72000.0,0.0086351643
KRW-BTC,2019-11-27,2019-11-27 09:00:00,8413000.0,8900000.0,8041000.0,8702000.0,1574899199020,78036777970.6851,9265.75223133,8410000.0,292000.0,0.0347205707
KRW-BTC,2019-11-28,2019-11-28 09:00:00,8700000.0,8903000.0,8615000.0,8674000.0,1574985598122,35384894253.29519,4045.7239098,8702000.0,-28000.0,-0.0032176511
KRW-BTC,2019-11-29,2019-11-29 09:00:00,8672000.0,9200000.0,8658000.0,9037000.0,1575071993094,37638406443.31399,4210.80049996,8674000.0,363000.0,0.0418492045
KRW-BTC,2019-11-30,2019-11-30 09:00:00,9035000.0,9106000.0,8726000.0,8838000.0,1575158386426,22305240923.3703,2495.78793255,9037000.0,-199000.0,-0.0220205821
KRW-BTC,2019-12-01,2019-12-01 09:00:00,8838000.0,8840000.0,8480000.0,8630000.0,1575244794520,26066009346.83703,3023.698278,8838000.0,-208000.0,-0.0235347364
KRW-BTC,2019-12-02,2019-12-02 09:00:00,8630000.0,8705000.0,8415000.0,8585000.0,1575331198096,15714767986.39316,1837.43925831,8630000.0,-45000.0,-0.0052143685
KRW-BTC,2019-12-03,2019-12-03 09:00:00,8590000.0,8700000.0,8520000.0,8607000.0,1575417583252,14144230521.27084,1641.81595301,8585000.0,22000.0,0.0025626092
KRW-BTC,2019-12-04,2019-12-04 09:00:00,8607000.0,8996000.0,8432000.0,8515000.0,1575503999101,44778200122.78624,5171.38101548,8607000.0,-92000.0,-0.0106889741
KRW-BTC,2019-12-05,2019-12-05 09:00:00,8515000.0,8810000.0,8480000.0,8685000.0,1575590388703,34354288789.64471,3969.79229665,8515000.0,170000.0,0.0199647681
KRW-BTC,2019-12-06,2019-12-06 09:00:00,8685000.0,8852000.0,8614000.0,8813000.0,1575676796356,26463749586.85809,3039.17313756,8685000.0,128000.0,0.0147380541
KRW-BTC,2019-12-07,2019-12-07 09:00:00,8815000.0,8897000.0,8776000.0,8784000.0,1575763199966,16856577567.12357,1910.69581081,8813000.0,-29000.0,-0.0032905934
KRW-BTC,2019-12-08,2019-12-08 09:00:00,8784000.0,8857000.0,8670000.0,8807000.0,1575849588934,17561562887.79252,2000.92140277,8784000.0,23000.0,0.0026183971
KRW-BTC,2019-12-09,2019-12-09 09:00:00,8807000.0,8891000.0,8640000.0,8679000.0,1575935996702,27444900233.5498,3125.56191138,8807000.0,-128000.0,-0.0145338935
KRW-BTC,2019-12-10,2019-12-10 09:00:00,8679000.0,8749000.0,8480000.0,8537000.0,1576022398835,25451639641.20134,2949.17212834,8679000.0,-142000.0,-0.016361332
KRW-BTC,2019-12-11,2019-12-11 09:00:00,8539000.0,8592000.0,8419000.0,8490000.0,1576108759722,16156817415.65165,1897.01475656,8537000.0,-47000.0,-0.0055054469
KRW-BTC,2019-12-12,2019-12-12 09:00:00,8490000.0,8566000.0,8360000.0,8437000.0,1576195188494,20772768614.45036,2457.07047864,8490000.0,-53000.0,-0.0062426384
KRW-BTC,2019-12-13,2019-12-13 09:00:00,8438000.0,8577000.0,8430000.0,8490000.0,1576281599623,18349093540.30931,2163.02130941,8437000.0,53000.0,0.0062818537
KRW-BTC,2019-12-14,2019-12-14 09:00:00,8490000.0,8520000.0,8200000.0,8277000.0,1576368000070,20194039087.57045,2408.92097104,8490000.0,-213000.0,-0.0250883392
KRW-BTC,2019-12-15,2019-12-15 09:00:00,8277000.0,8440000.0,8190000.0,8319000.0,1576454397150,15864899581.16213,1911.20234202,8277000.0,42000.0,0.0050743023
KRW-BTC,2019-12-16,2019-12-16 09:00:00,8319000.0,8347000.0,8017000.0,8050000.0,1576540799004,19139495161.41346,2333.04536211,8319000.0,-269000.0,-0.0323356173
KRW-BTC,2019-12-17,2019-12-17 09:00:00,8058000.0,8108000.0,7700000.0,7742000.0,1576627198673,36267738374.63466,4587.86377499,8050000.0,-308000.0,-0.0382608696
KRW-BTC,2019-12-18,2019-12-18 09:00:00,7741000.0,8668000.0,7546000.0,8466000.0,1576713597437,58866546299.65807,7394.86247818,7742000.0,724000.0,0.0935158874
KRW-BTC,2019-12-19,2019-12-19 09:00:00,8466000.0,8590000.0,8210000.0,8328000.0,1576799988235,37094382370.39195,4444.33915592,8466000.0,-138000.0,-0.0163004961
KRW-BTC,2019-12-20,2019-12-20 09:00:00,8329000.0,8395000.0,8241000.0,8338000.0,1576886394380,19260477837.46148,2315.68010263,8328000.0,10000.0,0.0012007685
KRW-BTC,2019-12-21,2019-12-21 09:00:00,8342000.0,8342000.0,8260000.0,8295000.0,1576972767899,7904936683.07831,952.39697702,8338000.0,-43000.0,-0.005157112
KRW-BTC,2019-12-22,2019-12-22 09:00:00,8295000.0,8696000.0,8277000.0,8689000.0,1577059193531,23008097682.24533,2717.8458866,8295000.0,394000.0,0.0474984931
KRW-BTC,2019-12-23,2019-12-23 09:00:00,8688000.0,8890000.0,8456000.0,8520000.0,1577145597852,47475904169.37631,5451.7473576,8689000.0,-169000.0,-0.0194498792
KRW-BTC,2019-12-24,2019-12-24 09:00:00,8520000.0,8630000.0,8354000.0,8470000.0,1577231983353,30918612123.69409,3635.40093186,8520000.0,-50000.0,-0.0058685446
KRW-BTC,2019-12-25,2019-12-25 09:00:00,8460000.0,8471000.0,8317000.0,8370000.0,1577318393434,15603911383.43883,1857.22709208,8470000.0,-100000.0,-0.0118063754
KRW-BTC,2019-12-26,2019-12-26 09:00:00,8370000.0,8595000.0,8317000.0,8371000.0,1577404779810,23015609826.01268,2740.2112794,8370000.0,1000.0,0.0001194743
KRW-BTC,2019-12-27,2019-12-27 09:00:00,8367000.0,8424000.0,8195000.0,8385000.0,1577491199428,20006753451.82146,2402.06470551,8371000.0,14000.0,0.0016724406
KRW-BTC,2019-12-28,2019-12-28 09:00:00,8385000.0,8479000.0,8376000.0,8432000.0,1577577593132,14554673138.96279,1725.5127045,8385000.0,47000.0,0.0056052475
KRW-BTC,2019-12-29,2019-12-29 09:00:00,8428000.0,8639000.0,8388000.0,8486000.0,1577663995877,21095568479.77485,2486.01610538,8432000.0,54000.0,0.0064041746
KRW-BTC,2019-12-30,2019-12-30 09:00:00,8486000.0,8496000.0,8331000.0,8341000.0,1577750373055,19849732355.62998,2355.80361501,8486000.0,-145000.0,-0.0170869668
KRW-BTC,2019-12-31,2019-12-31 09:00:00,8343000.0,8439000.0,8260000.0,8312000.0,1577836799562,15395058519.21328,1846.5409191,8341000.0,-29000.0,-0.0034768013
KRW-BTC,2020-01-01,2020-01-01 09:00:00,8308000.0,8387000.0,8287000.0,8300000.0,1577923175832,8582255396.02558,1030.45814676,8312000.0,-12000.0,-0.0014436959
KRW-BTC,2020-01-02,2020-01-02 09:00:00,8300000.0,8310000.0,8026000.0,8037000.0,1578009598509,16790797168.07339,2054.03956598,8300000.0,-263000.0,-0.031686747
KRW-BTC,2020-01-03,2020-01-03 09:00:00,8038000.0,8525000.0,7910000.0,8474000.0,1578095999682,49021606425.72705,5887.00880804,8037000.0,437000.0,0.0543735225
KRW-BTC,2020-01-04,2020-01-04 09:00:00,8476000.0,8520000.0,8382000.0,8482000.0,1578182396210,16789801499.44245,1987.26688134,8474000.0,8000.0,0.0009440642
KRW-BTC,2020-01-05,2020-01-05 09:00:00,8483000.0,8645000.0,8436000.0,8454000.0,1578268788318,24039161184.35222,2807.832172,8482000.0,-28000.0,-0.0033011082
KRW-BTC,2020-01-06,2020-01-06 09:00:00,8451000.0,8890000.0,8446000.0,8866000.0,1578355200008,46379071124.21256,5340.14041587,8454000.0,412000.0,0.0487343269
KRW-BTC,2020-01-07,2020-01-07 09:00:00,8866000.0,9444000.0,8865000.0,9398000.0,1578441599226,80878156552.8778,8896.19194694,8866000.0,532000.0,0.0600045116
KRW-BTC,2020-01-08,2020-01-08 09:00:00,9386000.0,9736000.0,9030000.0,9085000.0,1578527998203,123019277437.88495,13024.51495279,9398000.0,-313000.0,-0.0333049585
KRW-BTC,2020-01-09,2020-01-09 09:00:00,9084000.0,9142000.0,8900000.0,8941000.0,1578614395853,46561753849.07573,5174.23891081,9085000.0,-144000.0,-0.0158503027
KRW-BTC,2020-01-10,2020-01-10 09:00:00,8940000.0,9250000.0,8750000.0,9233000.0,1578700788539,62925329692.41817,6980.82897357,8941000.0,292000.0,0.0326585393
KRW-BTC,2020-01-11,2020-01-11 09:00:00,9218000.0,9350000.0,9047000.0,9060000.0,1578787173495,38861047625.40993,4233.99262116,9233000.0,-173000.0,-0.0187371385
KRW-BTC,2020-01-12,2020-01-12 09:00:00,9066000.0,9250000.0,9014000.0,9213000.0,1578873598427,22101988619.26872,2412.74898932,9060000.0,153000.0,0.0168874172
KRW-BTC,2020-01-13,2020-01-13 09:00:00,9218000.0,9227000.0,9101000.0,9172000.0,1578959990979,18249005011.62269,1991.09310408,9213000.0,-41000.0,-0.0044502334
KRW-BTC,2020-01-14,2020-01-14 09:00:00,9179000.0,9859000.0,9162000.0,9716000.0,1579046400104,110231380420.97162,11554.39037004,9172000.0,544000.0,0.0593109464
KRW-BTC,2020-01-15,2020-01-15 09:00:00,9716000.0,9917000.0,9498000.0,9735000.0,1579132796469,79085766458.35992,8125.75207139,9716000.0,19000.0,0.0019555373
KRW-BTC,2020-01-16,2020-01-16 09:00:00,9735000.0,9855000.0,9561000.0,9785000.0,1579219192851,39665434450.60096,4081.48265366,9735000.0,50000.0,0.0051361068
KRW-BTC,2020-01-17,2020-01-17 09:00:00,9789000.0,10216000.0,9719000.0,9992000.0,1579305598505,83412175524.28444,8319.12836052,9785000.0,207000.0,0.0211548288
KRW-BTC,2020-01-18,2020-01-18 09:00:00,9997000.0,10167000.0,9900000.0,10085000.0,1579391996796,38838416041.82468,3865.42130063,9992000.0,93000.0,0.009307446
KRW-BTC,2020-01-19,2020-01-19 09:00:00,10085000.0,10484000.0,9734000.0,9887000.0,1579478399456,86262593734.9222,8567.01218693,10085000.0,-198000.0,-0.0196331185
KRW-BTC,2020-01-20,2020-01-20 09:00:00,9886000.0,9951000.0,9775000.0,9851000.0,1579564797912,32790031642.56386,3320.61609519,9887000.0,-36000.0,-0.0036411449
KRW-BTC,2020-01-21,2020-01-21 09:00:00,9856000.0,10014000.0,9800000.0,9958000.0,1579651199456,28124677203.53503,2842.75512757,9851000.0,107000.0,0.0108618414
KRW-BTC,2020-01-22,2020-01-22 09:00:00,9960000.0,10091000.0,9845000.0,9922000.0,1579737598625,29600935084.98802,2972.58459218,9958000.0,-36000.0,-0.0036151838
KRW-BTC,2020-01-23,2020-01-23 09:00:00,9922000.0,9930000.0,9623000.0,9750000.0,1579823998142,35440547073.00841,3630.5273721,9922000.0,-172000.0,-0.0173352147
KRW-BTC,2020-01-24,2020-01-24 09:00:00,9750000.0,9885000.0,9631000.0,9813000.0,1579910394112,28685136535.53574,2941.43472294,9750000.0,63000.0,0.0064615385
KRW-BTC,2020-01-25,2020-01-25 09:00:00,9816000.0,9816000.0,9669000.0,9745000.0,1579996800118,14030173932.57782,1443.81660204,9813000.0,-68000.0,-0.0069295832
KRW-BTC,2020-01-26,2020-01-26 09:00:00,9745000.0,9986000.0,9700000.0,9966000.0,1580083197782,21899391391.92468,2221.71968044,9745000.0,221000.0,0.0226782966
KRW-BTC,2020-01-27,2020-01-27 09:00:00,9966000.0,10277000.0,9948000.0,10132000.0,1580169597744,48415199217.52405,4801.26130294,9966000.0,166000.0,0.0166566326
KRW-BTC,2020-01-28,2020-01-28 09:00:00,10128000.0,10601000.0,10127000.0,10570000.0,1580256000058,68462839033.31838,6620.77416871,10132000.0,438000.0,0.0432293723
KRW-BTC,2020-01-29,2020-01-29 09:00:00,10570000.0,10780000.0,10500000.0,10670000.0,1580342395920,56351664844.84832,5305.29886421,10570000.0,100000.0,0.0094607379
KRW-BTC,2020-01-30,2020-01-30 09:00:00,10670000.0,10882000.0,10520000.0,10779000.0,1580428799969,53656097225.64684,5029.07029051,10670000.0,109000.0,0.0102155576
KRW-BTC,2020-01-31,2020-01-31 09:00:00,10778000.0,10841000.0,10642000.0,10781000.0,1580515200123,38857928207.28571,3618.06000067,10779000.0,2000.0,0.000185546
KRW-BTC,2020-02-01,2020-02-01 09:00:00,10781000.0,10918000.0,10770000.0,10820000.0,1580601590032,31294876435.39403,2886.0973791,10781000.0,39000.0,0.0036174752
KRW-BTC,2020-02-02,2020-02-02 09:00:00,10820000.0,10887000.0,10680000.0,10765000.0,1580687988525,35841614441.05652,3318.26175912,10820000.0,-55000.0,-0.0050831793
KRW-BTC,2020-02-03,2020-02-03 09:00:00,10765000.0,10975000.0,10715000.0,10750000.0,1580774394261,39872569783.4332,3683.40186368,10765000.0,-15000.0,-0.0013934046
KRW-BTC,2020-02-04,2020-02-04 09:00:00,10750000.0,10790000.0,10504000.0,10635000.0,1580860791346,45509665494.21313,4273.50735062,10750000.0,-115000.0,-0.0106976744
KRW-BTC,2020-02-05,2020-02-05 09:00:00,10636000.0,11116000.0,10589000.0,11054000.0,1580947199426,61300553914.19267,5644.68431028,10635000.0,419000.0,0.0393982134
KRW-BTC,2020-02-06,2020-02-06 09:00:00,11068000.0,11410000.0,10905000.0,11264000.0,1581033597457,64300123937.46006,5742.27238319,11054000.0,210000.0,0.0189976479
KRW-BTC,2020-02-07,2020-02-07 09:00:00,11269000.0,11610000.0,11256000.0,11490000.0,1581119999892,47385485847.47539,4139.85704717,11264000.0,226000.0,0.0200639205
KRW-BTC,2020-02-08,2020-02-08 09:00:00,11490000.0,11600000.0,11257000.0,11568000.0,1581206398347,49928407922.05405,4372.50942089,11490000.0,78000.0,0.0067885117
KRW-BTC,2020-02-09,2020-02-09 09:00:00,11568000.0,11863000.0,11567000.0,11821000.0,1581292799941,57924089180.77049,4936.95291749,11568000.0,253000.0,0.0218706777
KRW-BTC,2020-02-10,2020-02-10 09:00:00,11821000.0,11864000.0,11392000.0,11520000.0,1581379199299,60459892531.15172,5213.48423455,11821000.0,-301000.0,-0.0254631588
KRW-BTC,2020-02-11,2020-02-11 09:00:00,11520000.0,11950000.0,11269000.0,11819000.0,1581465600081,69984450456.1307,6034.79122331,11520000.0,299000.0,0.0259548611
KRW-BTC,2020-02-12,2020-02-12 09:00:00,11820000.0,11956000.0,11761000.0,11793000.0,1581551999835,78341582233.6628,6619.13819041,11819000.0,-26000.0,-0.0021998477
KRW-BTC,2020-02-13,2020-02-13 09:00:00,11793000.0,12044000.0,11580000.0,11793000.0,1581638395350,108560211308.22157,9190.66395973,11793000.0,,0.0
KRW-BTC,2020-02-14,2020-02-14 09:00:00,11793000.0,11899000.0,11717000.0,11845000.0,1581724798962,52247414483.7466,4420.81384236,11793000.0,52000.0,0.0044093954
KRW-BTC,2020-02-15,2020-02-15 09:00:00,11857000.0,11889000.0,11400000.0,11503000.0,1581811198214,56761104058.12535,4844.00618252,11845000.0,-342000.0,-0.0288729422
KRW-BTC,2020-02-16,2020-02-16 09:00:00,11513000.0,11766000.0,11320000.0,11659000.0,1581897599377,61959756344.30487,5377.24392055,11503000.0,156000.0,0.0135616796
KRW-BTC,2020-02-17,2020-02-17 09:00:00,11659000.0,11691000.0,11136000.0,11438000.0,1581983999287,67010421516.05557,5888.97179664,11659000.0,-221000.0,-0.0189553135
KRW-BTC,2020-02-18,2020-02-18 09:00:00,11438000.0,11900000.0,11308000.0,11838000.0,1582070399303,62996029296.63419,5450.8758839,11438000.0,400000.0,0.0349711488
KRW-BTC,2020-02-19,2020-02-19 09:00:00,11837000.0,11973000.0,11350000.0,11415000.0,1582156787770,67070310930.24622,5713.59402305,11838000.0,-423000.0,-0.0357323872
KRW-BTC,2020-02-20,2020-02-20 09:00:00,11419000.0,11580000.0,11350000.0,11520000.0,1582243197876,72234337182.59335,6303.71044042,11415000.0,105000.0,0.0091984231
KRW-BTC,2020-02-21,2020-02-21 09:00:00,11532000.0,11620000.0,11454000.0,11498000.0,1582329593954,49077437552.63174,4249.29863364,11520000.0,-22000.0,-0.0019097222
KRW-BTC,2020-02-22,2020-02-22 09:00:00,11498000.0,11529000.0,11395000.0,11496000.0,1582415999569,21067376074.52816,1836.08707185,11498000.0,-2000.0,-0.0001739433
KRW-BTC,2020-02-23,2020-02-23 09:00:00,11495000.0,11831000.0,11482000.0,11753000.0,1582502400102,38424742191.869,3288.45979643,11496000.0,257000.0,0.0223556019
KRW-BTC,2020-02-24,2020-02-24 09:00:00,11753000.0,11840000.0,11555000.0,11633000.0,1582588794039,36343856049.82913,3115.02855796,11753000.0,-120000.0,-0.0102101591
KRW-BTC,2020-02-25,2020-02-25 09:00:00,11635000.0,11639000.0,11280000.0,11330000.0,1582675199425,44619424372.32915,3895.25756826,11633000.0,-303000.0,-0.0260465916
KRW-BTC,2020-02-26,2020-02-26 09:00:00,11330000.0,11408000.0,10628000.0,10741000.0,1582761597275,82455216388.6713,7477.71264507,11330000.0,-589000.0,-0.0519858782
KRW-BTC,2020-02-27,2020-02-27 09:00:00,10742000.0,10888000.0,10313000.0,10699000.0,1582847997555,68530906781.28176,6437.73425905,10741000.0,-42000.0,-0.0039102504
KRW-BTC,2020-02-28,2020-02-28 09:00:00,10696000.0,10840000.0,10306000.0,10575000.0,1582934393990,54606619565.01113,5181.61535688,10699000.0,-124000.0,-0.0115898682
KRW-BTC,2020-02-29,2020-02-29 09:00:00,10575000.0,10631000.0,10371000.0,10374000.0,1583020800101,22523893822.66752,2145.36310753,10575000.0,-201000.0,-0.0190070922
KRW-BTC,2020-03-01,2020-03-01 09:00:00,10380000.0,10559000.0,10287000.0,10374000.0,1583107200097,34073229456.85715,3275.71519136,10374000.0,,0.0
KRW-BTC,2020-03-02,2020-03-02 09:00:00,10358000.0,10749000.0,10326000.0,10675000.0,1583193600020,31672027841.03262,3010.56353784,10374000.0,301000.0,0.0290148448
KRW-BTC,2020-03-03,2020-03-03 09:00:00,10675000.0,10689000.0,10405000.0,10502000.0,1583279999881,30119548760.45767,2858.43820794,10675000.0,-173000.0,-0.016206089
KRW-BTC,2020-03-04,2020-03-04 09:00:00,10502000.0,10588000.0,10420000.0,10503000.0,1583366396531,23622827783.23433,2250.68759875,10502000.0,1000.0,9.522e-05
KRW-BTC,2020-03-05,2020-03-05 09:00:00,10504000.0,10869000.0,10494000.0,10791000.0,1583452799537,38380097237.09234,3582.13634673,10503000.0,288000.0,0.0274207369
KRW-BTC,2020-03-06,2020-03-06 09:00:00,10791000.0,10890000.0,10720000.0,10840000.0,1583539182998,25470551278.05139,2353.86089792,10791000.0,49000.0,0.0045408211
KRW-BTC,2020-03-07,2020-03-07 09:00:00,10852000.0,10980000.0,10648000.0,10678000.0,1583625596264,25243997328.05842,2335.98366227,10840000.0,-162000.0,-0.0149446494
KRW-BTC,2020-03-08,2020-03-08 09:00:00,10678000.0,10699000.0,9820000.0,9876000.0,1583711999532,51846074009.69201,5043.98089229,10678000.0,-802000.0,-0.0751076981
KRW-BTC,2020-03-09,2020-03-09 09:00:00,9883000.0,10064000.0,9356000.0,9726000.0,1583798399949,74351398658.28822,7692.57580749,9876000.0,-150000.0,-0.0151883354
KRW-BTC,2020-03-10,2020-03-10 09:00:00,9726000.0,9849000.0,9413000.0,9574000.0,1583884800051,42778061109.16792,4439.33233281,9726000.0,-152000.0,-0.015628213
KRW-BTC,2020-03-11,2020-03-11 09:00:00,9574000.0,9637000.0,9163000.0,9510000.0,1583971200076,38718191633.9791,4110.01716377,9574000.0,-64000.0,-0.0066847713
KRW-BTC,2020-03-12,2020-03-12 09:00:00,9507000.0,9537000.0,5980000.0,6363000.0,1584057600154,235086071483.29202,29866.02509793,9510000.0,-3147000.0,-0.3309148265
KRW-BTC,2020-03-13,2020-03-13 09:00:00,6362000.0,7470000.0,5489000.0,7267000.0,1584143999212,338082041287.79266,50282.2630063,6363000.0,904000.0,0.14207135
KRW-BTC,2020-03-14,2020-03-14 09:00:00,7261000.0,7284000.0,6600000.0,6823000.0,1584230400065,89133217358.10507,12799.58220451,7267000.0,-444000.0,-0.0610981148
KRW-BTC,2020-03-15,2020-03-15 09:00:00,6823000.0,7298000.0,6660000.0,6909000.0,1584316799892,74519102976.46239,10779.97008444,6823000.0,86000.0,0.0126044262
KRW-BTC,2020-03-16,2020-03-16 09:00:00,6905000.0,6914000.0,6000000.0,6385000.0,1584403199981,123963673882.0257,19383.80784892,6909000.0,-524000.0,-0.0758431032
KRW-BTC,2020-03-17,2020-03-17 09:00:00,6385000.0,6885000.0,6280000.0,6774000.0,1584489599428,99557225303.8215,14938.32946615,6385000.0,389000.0,0.0609240407
KRW-BTC,2020-03-18,2020-03-18 09:00:00,6774000.0,6895000.0,6371000.0,6745000.0,1584575991601,90178224521.26544,13630.45744463,6774000.0,-29000.0,-0.0042810747
KRW-BTC,2020-03-19,2020-03-19 09:00:00,6747000.0,8111000.0,6613000.0,7679000.0,1584662399647,163162496920.4249,22522.27502999,6745000.0,934000.0,0.1384729429
KRW-BTC,2020-03-20,2020-03-20 09:00:00,7675000.0,8645000.0,7384000.0,7781000.0,1584748799703,193507467825.9072,24142.35878974,7679000.0,102000.0,0.0132829796
KRW-BTC,2020-03-21,2020-03-21 09:00:00,7788000.0,8093000.0,7415000.0,7740000.0,1584835199060,90568223997.41066,11663.73945474,7781000.0,-41000.0,-0.0052692456
KRW-BTC,2020-03-22,2020-03-22 09:00:00,7740000.0,7970000.0,7335000.0,7366000.0,1584921596897,67529265090.97894,8795.77503858,7740000.0,-374000.0,-0.0483204134
KRW-BTC,2020-03-23,2020-03-23 09:00:00,7379000.0,8189000.0,7219000.0,8047000.0,1585008000071,130578086382.88248,16867.52953401,7366000.0,681000.0,0.0924518056
KRW-BTC,2020-03-24,2020-03-24 09:00:00,8047000.0,8412000.0,7892000.0,8367000.0,1585094390394,124421564467.6691,15158.03958932,8047000.0,320000.0,0.0397663726
KRW-BTC,2020-03-25,2020-03-25 09:00:00,8362000.0,8538000.0,8080000.0,8271000.0,1585180799616,104387572650.63805,12629.11800824,8367000.0,-96000.0,-0.0114736465
KRW-BTC,2020-03-26,2020-03-26 09:00:00,8276000.0,8344000.0,8091000.0,8272000.0,1585267195964,50572458751.8524,6160.81327022,8271000.0,1000.0,0.0001209044
KRW-BTC,2020-03-27,2020-03-27 09:00:00,8281000.0,8365000.0,7820000.0,7880000.0,1585353598482,55144155849.46984,6749.55305514,8272000.0,-392000.0,-0.0473887814
KRW-BTC,2020-03-28,2020-03-28 09:00:00,7883000.0,7885000.0,7403000.0,7656000.0,1585440000078,58835916140.38488,7702.10233717,7880000.0,-224000.0,-0.0284263959
KRW-BTC,2020-03-29,2020-03-29 09:00:00,7658000.0,7679000.0,7215000.0,7218000.0,1585526399372,33144434809.19465,4443.49787898,7656000.0,-438000.0,-0.0572100313
KRW-BTC,2020-03-30,2020-03-30 09:00:00,7218000.0,8014000.0,7199000.0,7798000.0,1585612799705,70373556933.76357,9173.56085136,7218000.0,580000.0,0.0803546689
KRW-BTC,2020-03-31,2020-03-31 09:00:00,7794000.0,7989000.0,7735000.0,7799000.0,1585699199936,52283714552.81296,6667.69225968,7798000.0,1000.0,0.000128238
KRW-BTC,2020-04-01,2020-04-01 09:00:00,7799000.0,8096000.0,7529000.0,8074000.0,1585785597269,52150557186.0416,6726.18023048,7799000.0,275000.0,0.0352609309
KRW-BTC,2020-04-02,2020-04-02 09:00:00,8065000.0,8505000.0,7989000.0,8174000.0,1585871997620,100090375777.17305,12240.95376526,8074000.0,100000.0,0.0123854347
KRW-BTC,2020-04-03,2020-04-03 09:00:00,8160000.0,8434000.0,8041000.0,8156000.0,1585958394533,64473002955.66061,7822.87703206,8174000.0,-18000.0,-0.0022021042
KRW-BTC,2020-04-04,2020-04-04 09:00:00,8149000.0,8333000.0,8100000.0,8249000.0,1586044784820,32433052095.35902,3955.73334087,8156000.0,93000.0,0.0114026484
KRW-BTC,2020-04-05,2020-04-05 09:00:00,8248000.0,8280000.0,8100000.0,8198000.0,1586131197225,23644907828.99628,2884.40931408,8249000.0,-51000.0,-0.0061825676
KRW-BTC,2020-04-06,2020-04-06 09:00:00,8198000.0,8800000.0,8183000.0,8786000.0,1586217597930,72706844879.92377,8571.0711143,8198000.0,588000.0,0.0717248109
KRW-BTC,2020-04-07,2020-04-07 09:00:00,8777000.0,8957000.0,8544000.0,8660000.0,1586304000046,74538410402.35628,8498.13271433,8786000.0,-126000.0,-0.014340997
KRW-BTC,2020-04-08,2020-04-08 09:00:00,8652000.0,8913000.0,8621000.0,8821000.0,1586390399315,43997731887.30369,5003.68118787,8660000.0,161000.0,0.018591224
KRW-BTC,2020-04-09,2020-04-09 09:00:00,8821000.0,8853000.0,8648000.0,8804000.0,1586476794684,36987971406.59018,4206.92418803,8821000.0,-17000.0,-0.0019272191
KRW-BTC,2020-04-10,2020-04-10 09:00:00,8803000.0,8825000.0,8241000.0,8414000.0,1586563195365,55351728618.89104,6529.56215242,8804000.0,-390000.0,-0.0442980463
KRW-BTC,2020-04-11,2020-04-11 09:00:00,8413000.0,8535000.0,8318000.0,8463000.0,1586649598279,22368574096.73553,2654.49523735,8414000.0,49000.0,0.0058236273
KRW-BTC,2020-04-12,2020-04-12 09:00:00,8463000.0,8752000.0,8341000.0,8470000.0,1586735995946,35752626298.30619,4191.06001998,8463000.0,7000.0,0.0008271299
KRW-BTC,2020-04-13,2020-04-13 09:00:00,8464000.0,8472000.0,8162000.0,8379000.0,1586822399667,44627031065.6945,5377.6360057,8470000.0,-91000.0,-0.0107438017
KRW-BTC,2020-04-14,2020-04-14 09:00:00,8379000.0,8456000.0,8272000.0,8378000.0,1586908796981,30379576002.29706,3625.16088474,8379000.0,-1000.0,-0.000119346
KRW-BTC,2020-04-15,2020-04-15 09:00:00,8375000.0,8415000.0,8089000.0,8108000.0,1586995193883,25649898511.09893,3098.61249041,8378000.0,-270000.0,-0.0322272619
KRW-BTC,2020-04-16,2020-04-16 09:00:00,8107000.0,8621000.0,7929000.0,8562000.0,1587081594886,67629188061.75458,8091.89938013,8108000.0,454000.0,0.0559940799
KRW-BTC,2020-04-17,2020-04-17 09:00:00,8557000.0,8611000.0,8480000.0,8519000.0,1587167997646,33310417689.91315,3897.44973793,8562000.0,-43000.0,-0.0050221911
KRW-BTC,2020-04-18,2020-04-18 09:00:00,8519000.0,8752000.0,8510000.0,8712000.0,1587254363300,28862336552.48961,3336.68352877,8519000.0,193000.0,0.0226552412
KRW-BTC,2020-04-19,2020-04-19 09:00:00,8712000.0,8734000.0,8546000.0,8660000.0,1587340795956,24012550572.2958,2777.53215337,8712000.0,-52000.0,-0.0059687787
KRW-BTC,2020-04-20,2020-04-20 09:00:00,8660000.0,8720000.0,8366000.0,8387000.0,1587427199039,38092530426.45303,4451.04386799,8660000.0,-273000.0,-0.0315242494
KRW-BTC,2020-04-21,2020-04-21 09:00:00,8387000.0,8498000.0,8300000.0,8407000.0,1587513590815,28791068485.2382,3426.08047539,8387000.0,20000.0,0.0023846429
KRW-BTC,2020-04-22,2020-04-22 09:00:00,8407000.0,8675000.0,8384000.0,8636000.0,1587599995404,27659407696.30417,3244.89172282,8407000.0,229000.0,0.0272392054
KRW-BTC,2020-04-23,2020-04-23 09:00:00,8640000.0,9167000.0,8567000.0,9057000.0,1587686399564,65954842381.01504,7418.27381504,8636000.0,421000.0,0.048749421
KRW-BTC,2020-04-24,2020-04-24 09:00:00,9052000.0,9231000.0,8985000.0,9100000.0,1587772790861,47706101913.20312,5226.5308807,9057000.0,43000.0,0.004747709
KRW-BTC,2020-04-25,2020-04-25 09:00:00,9100000.0,9280000.0,9060000.0,9164000.0,1587859186331,28532180064.85698,3113.15926538,9100000.0,64000.0,0.007032967
KRW-BTC,2020-04-26,2020-04-26 09:00:00,9155000.0,9377000.0,9149000.0,9376000.0,1587945602506,34981047552.61548,3784.44629212,9164000.0,212000.0,0.0231340026
KRW-BTC,2020-04-27,2020-04-27 09:00:00,9376000.0,9495000.0,9313000.0,9490000.0,1588031995213,43330227689.96457,4609.29072228,9376000.0,114000.0,0.0121587031
KRW-BTC,2020-04-28,2020-04-28 09:00:00,9490000.0,9497000.0,9339000.0,9410000.0,1588118399738,34671169783.04715,3693.3169669,9490000.0,-80000.0,-0.0084299262
KRW-BTC,2020-04-29,2020-04-29 09:00:00,9410000.0,10681000.0,9376000.0,10530000.0,1588204799403,110444379579.33873,11013.08164828,9410000.0,1120000.0,0.1190223167
KRW-BTC,2020-04-30,2020-04-30 09:00:00,10530000.0,11435000.0,10279000.0,10477000.0,1588291200393,195179858446.4715,18049.43050523,10530000.0,-53000.0,-0.0050332384
KRW-BTC,2020-05-01,2020-05-01 09:00:00,10477000.0,11049000.0,10458000.0,10773000.0,1588377595579,78473555696.99442,7311.8450116,10477000.0,296000.0,0.0282523623
KRW-BTC,2020-05-02,2020-05-02 09:00:00,10773000.0,10938000.0,10640000.0,10882000.0,1588463998522,45342652581.14126,4199.29888037,10773000.0,109000.0,0.0101178873
KRW-BTC,2020-05-03,2020-05-03 09:00:00,10881000.0,11125000.0,10696000.0,10887000.0,1588550398482,59616651319.59256,5450.49595586,10882000.0,5000.0,0.0004594744
KRW-BTC,2020-05-04,2020-05-04 09:00:00,10882000.0,10955000.0,10451000.0,10850000.0,1588636799341,65617970194.4403,6138.50405855,10887000.0,-37000.0,-0.0033985487
KRW-BTC,2020-05-05,2020-05-05 09:00:00,10837000.0,11020000.0,10740000.0,10972000.0,1588723199464,56764303650.11487,5217.54069649,10850000.0,122000.0,0.0112442396
KRW-BTC,2020-05-06,2020-05-06 09:00:00,10967000.0,11445000.0,10879000.0,11269000.0,1588809594725,80958950441.74101,7257.03242322,10972000.0,297000.0,0.0270689027
KRW-BTC,2020-05-07,2020-05-07 09:00:00,11269000.0,12062000.0,11128000.0,11998000.0,1588896000145,123671894271.41872,10671.04670395,11269000.0,729000.0,0.0646907445
KRW-BTC,2020-05-08,2020-05-08 09:00:00,11988000.0,12163000.0,11810000.0,11881000.0,1588982400226,84166531533.30441,7019.78931565,11998000.0,-117000.0,-0.0097516253
KRW-BTC,2020-05-09,2020-05-09 09:00:00,11881000.0,11950000.0,11477000.0,11550000.0,1589068800167,77216475460.70932,6605.95307729,11881000.0,-331000.0,-0.0278596078
KRW-BTC,2020-05-10,2020-05-10 09:00:00,11553000.0,11600000.0,10220000.0,10671000.0,1589155198595,158191134175.9349,14835.99641846,11553000.0,-882000.0,-0.0763438068
KRW-BTC,2020-05-11,2020-05-11 09:00:00,10672000.0,11248000.0,10121000.0,10448000.0,1589241600116,147447309178.38083,13828.24763273,10671000.0,-223000.0,-0.0208977603
KRW-BTC,2020-05-12,2020-05-12 09:00:00,10441000.0,10866000.0,10400000.0,10677000.0,1589327994705,61999569614.48859,5819.8769528,10448000.0,229000.0,0.0219180704
KRW-BTC,2020-05-13,2020-05-13 09:00:00,10680000.0,11347000.0,10660000.0,11268000.0,1589414396333,65233296419.20462,5944.67623229,10677000.0,591000.0,0.0553526271
KRW-BTC,2020-05-14,2020-05-14 09:00:00,11265000.0,11945000.0,11215000.0,11776000.0,1589500794522,117382662080.18298,10116.56034255,11268000.0,508000.0,0.0450834221
KRW-BTC,2020-05-15,2020-05-15 09:00:00,11777000.0,11839000.0,11229000.0,11314000.0,1589587196700,93931677153.55693,8174.219288,11776000.0,-462000.0,-0.039232337
KRW-BTC,2020-05-16,2020-05-16 09:00:00,11314000.0,11570000.0,11175000.0,11325000.0,1589673598192,51370088939.91094,4514.14006125,11314000.0,11000.0,0.0009722468
KRW-BTC,2020-05-17,2020-05-17 09:00:00,11322000.0,11831000.0,11275000.0,11619000.0,1589759997090,60280951872.94652,5191.71177335,11325000.0,294000.0,0.0259602649
KRW-BTC,2020-05-18,2020-05-18 09:00:00,11619000.0,11899000.0,11380000.0,11705000.0,1589846397019,76636994385.49396,6557.54613956,11619000.0,86000.0,0.0074016697
KRW-BTC,2020-05-19,2020-05-19 09:00:00,11704000.0,11833000.0,11430000.0,11727000.0,1589932799392,75842909560.02188,6500.9196183,11705000.0,22000.0,0.0018795387
KRW-BTC,2020-05-20,2020-05-20 09:00:00,11727000.0,11800000.0,11350000.0,11532000.0,1590019196685,60920389156.02524,5246.78872844,11727000.0,-195000.0,-0.0166282937
KRW-BTC,2020-05-21,2020-05-21 09:00:00,11533000.0,11609000.0,10798000.0,11089000.0,1590105599946,82011331058.865,7323.04594878,11532000.0,-443000.0,-0.0384148456
KRW-BTC,2020-05-22,2020-05-22 09:00:00,11089000.0,11242000.0,10900000.0,11117000.0,1590191998121,46992384425.02881,4239.65573952,11089000.0,28000.0,0.0025250248
KRW-BTC,2020-05-23,2020-05-23 09:00:00,11117000.0,11299000.0,11048000.0,11140000.0,1590278399821,23533380573.82142,2106.46390938,11117000.0,23000.0,0.0020689035
KRW-BTC,2020-05-24,2020-05-24 09:00:00,11140000.0,11249000.0,10630000.0,10664000.0,1590364799423,39202816222.70366,3564.63324161,11140000.0,-476000.0,-0.0427289048
KRW-BTC,2020-05-25,2020-05-25 09:00:00,10663000.0,10886000.0,10507000.0,10825000.0,1590451195803,45994606185.37958,4299.98228167,10664000.0,161000.0,0.0150975244
KRW-BTC,2020-05-26,2020-05-26 09:00:00,10821000.0,10929000.0,10611000.0,10729000.0,1590537599582,34017141090.68883,3154.58974572,10825000.0,-96000.0,-0.0088683603
KRW-BTC,2020-05-27,2020-05-27 09:00:00,10724000.0,11187000.0,10722000.0,11163000.0,1590623998203,48719227591.04233,4433.78330122,10729000.0,434000.0,0.0404511138
KRW-BTC,2020-05-28,2020-05-28 09:00:00,11151000.0,11600000.0,11104000.0,11579000.0,1590710396239,50285107803.29857,4438.47314114,11163000.0,416000.0,0.0372659679
KRW-BTC,2020-05-29,2020-05-29 09:00:00,11579000.0,11603000.0,11276000.0,11398000.0,1590796792240,34168970855.99476,2986.57917583,11579000.0,-181000.0,-0.0156317471
KRW-BTC,2020-05-30,2020-05-30 09:00:00,11397000.0,11603000.0,11303000.0,11581000.0,1590883199222,34962042868.58011,3047.33666992,11398000.0,183000.0,0.0160554483
KRW-BTC,2020-05-31,2020-05-31 09:00:00,11583000.0,11585000.0,11363000.0,11432000.0,1590969594783,28986252421.63876,2525.31346136,11581000.0,-149000.0,-0.012865901
KRW-BTC,2020-06-01,2020-06-01 09:00:00,11432000.0,12230000.0,11402000.0,12112000.0,1591056000156,72340680825.97015,6160.91557592,11432000.0,680000.0,0.0594821554
KRW-BTC,2020-06-02,2020-06-02 09:00:00,12111000.0,12173000.0,11301000.0,11520000.0,1591142394279,102916956260.46538,8745.47328502,12112000.0,-592000.0,-0.0488771466
KRW-BTC,2020-06-03,2020-06-03 09:00:00,11520000.0,11661000.0,11401000.0,11648000.0,1591228800615,35062388672.07668,3039.98605262,11520000.0,128000.0,0.0111111111
KRW-BTC,2020-06-04,2020-06-04 09:00:00,11659000.0,11865000.0,11470000.0,11784000.0,1591315197232,48833048011.10401,4182.02295157,11659000.0,125000.0,0.0107213312
KRW-BTC,2020-06-05,2020-06-05 09:00:00,11785000.0,11855000.0,11561000.0,11597000.0,1591401574174,30417222202.8857,2593.82582445,11784000.0,-187000.0,-0.0158689749
KRW-BTC,2020-06-06,2020-06-06 09:00:00,11601000.0,11699000.0,11512000.0,11641000.0,1591487997286,16923944615.25668,1459.86807286,11597000.0,44000.0,0.0037940847
KRW-BTC,2020-06-07,2020-06-07 09:00:00,11641000.0,11786000.0,11373000.0,11687000.0,1591574399613,30687558395.58496,2655.73231992,11641000.0,46000.0,0.0039515506
KRW-BTC,2020-06-08,2020-06-08 09:00:00,11680000.0,11719000.0,11560000.0,11690000.0,1591660799173,20145057135.3058,1728.38288947,11687000.0,3000.0,0.0002566955
KRW-BTC,2020-06-09,2020-06-09 09:00:00,11690000.0,11777000.0,11550000.0,11688000.0,1591747198366,30362395603.98765,2610.12478709,11690000.0,-2000.0,-0.0001710864
KRW-BTC,2020-06-10,2020-06-10 09:00:00,11688000.0,11847000.0,11590000.0,11737000.0,1591833599603,26666609379.25478,2283.58557932,11688000.0,49000.0,0.004192334
KRW-BTC,2020-06-11,2020-06-11 09:00:00,11732000.0,11799000.0,11058000.0,11090000.0,1591919999557,52048827002.70474,4545.21507399,11737000.0,-647000.0,-0.0551248189
KRW-BTC,2020-06-12,2020-06-12 09:00:00,11090000.0,11449000.0,11062000.0,11380000.0,1592006400134,30023306034.86605,2651.81738048,11090000.0,290000.0,0.0261496844
KRW-BTC,2020-06-13,2020-06-13 09:00:00,11374000.0,11406000.0,11272000.0,11388000.0,1592092798420,13771682146.27066,1212.95040947,11380000.0,8000.0,0.0007029877
KRW-BTC,2020-06-14,2020-06-14 09:00:00,11382000.0,11395000.0,11156000.0,11246000.0,1592179187272,15908809805.70998,1408.07350246,11388000.0,-142000.0,-0.0124692659
KRW-BTC,2020-06-15,2020-06-15 09:00:00,11246000.0,11415000.0,10770000.0,11346000.0,1592265594755,52014354737.37485,4693.79393111,11246000.0,100000.0,0.0088920505
KRW-BTC,2020-06-16,2020-06-16 09:00:00,11339000.0,11492000.0,11267000.0,11453000.0,1592351998739,34502891643.72859,3026.56824254,11346000.0,107000.0,0.0094306363
KRW-BTC,2020-06-17,2020-06-17 09:00:00,11453000.0,11517000.0,11320000.0,11437000.0,1592438400070,31238353648.22276,2739.25545593,11453000.0,-16000.0,-0.0013970139
KRW-BTC,2020-06-18,2020-06-18 09:00:00,11437000.0,11445000.0,11224000.0,11341000.0,1592524792443,26381811751.81141,2323.41197278,11437000.0,-96000.0,-0.0083938096
KRW-BTC,2020-06-19,2020-06-19 09:00:00,11341000.0,11382000.0,11150000.0,11286000.0,1592611197602,26946529628.96914,2389.5177849,11341000.0,-55000.0,-0.0048496605
KRW-BTC,2020-06-20,2020-06-20 09:00:00,11285000.0,11351000.0,11155000.0,11325000.0,1592697592566,14231412199.29186,1263.73290014,11286000.0,39000.0,0.0034556087
KRW-BTC,2020-06-21,2020-06-21 09:00:00,11317000.0,11355000.0,11225000.0,11238000.0,1592783996269,10272158821.35106,909.55526989,11325000.0,-87000.0,-0.0076821192
KRW-BTC,2020-06-22,2020-06-22 09:00:00,11235000.0,11675000.0,11232000.0,11593000.0,1592870399859,30791755247.68615,2696.34450507,11238000.0,355000.0,0.0315892508
KRW-BTC,2020-06-23,2020-06-23 09:00:00,11593000.0,11649000.0,11488000.0,11509000.0,1592956779716,26891343457.95127,2329.40394614,11593000.0,-84000.0,-0.0072457517
KRW-BTC,2020-06-24,2020-06-24 09:00:00,11506000.0,11553000.0,11110000.0,11233000.0,1593043197259,36619784579.24557,3231.00130679,11509000.0,-276000.0,-0.0239812321
KRW-BTC,2020-06-25,2020-06-25 09:00:00,11232000.0,11232000.0,10842000.0,11147000.0,1593129597002,29988117921.97428,2709.1098932,11233000.0,-86000.0,-0.0076560135
KRW-BTC,2020-06-26,2020-06-26 09:00:00,11151000.0,11185000.0,10901000.0,11045000.0,1593215991362,23059816065.19254,2087.94129459,11147000.0,-102000.0,-0.0091504441
KRW-BTC,2020-06-27,2020-06-27 09:00:00,11045000.0,11051000.0,10791000.0,10913000.0,1593302400065,18748578163.86562,1712.14624703,11045000.0,-132000.0,-0.0119511091
KRW-BTC,2020-06-28,2020-06-28 09:00:00,10913000.0,11163000.0,10756000.0,10970000.0,1593388796966,21976597777.58106,2015.60242521,10913000.0,57000.0,0.0052231284
KRW-BTC,2020-06-29,2020-06-29 09:00:00,10970000.0,11033000.0,10814000.0,10972000.0,1593475192379,21264996335.17508,1945.52309302,10970000.0,2000.0,0.0001823154
KRW-BTC,2020-06-30,2020-06-30 09:00:00,10980000.0,11004000.0,10882000.0,10903000.0,1593561601838,16317539319.76393,1491.98629021,10972000.0,-69000.0,-0.006288735
KRW-BTC,2020-07-01,2020-07-01 09:00:00,10903000.0,11111000.0,10887000.0,11051000.0,1593647985353,19167980240.11128,1746.77991866,10903000.0,148000.0,0.0135742456
KRW-BTC,2020-07-02,2020-07-02 09:00:00,11041000.0,11077000.0,10772000.0,10888000.0,1593734390534,24728362589.51425,2255.06730644,11051000.0,-163000.0,-0.0147497964
KRW-BTC,2020-07-03,2020-07-03 09:00:00,10888000.0,10920000.0,10821000.0,10837000.0,1593820788484,15727116468.99827,1446.240884,10888000.0,-51000.0,-0.0046840558
KRW-BTC,2020-07-04,2020-07-04 09:00:00,10845000.0,10960000.0,10814000.0,10884000.0,1593907199207,11972124979.85412,1102.13769,10837000.0,47000.0,0.0043369936
KRW-BTC,2020-07-05,2020-07-05 09:00:00,10883000.0,10900000.0,10700000.0,10831000.0,1593993599797,13334433838.9294,1232.80955825,10884000.0,-53000.0,-0.0048695333
KRW-BTC,2020-07-06,2020-07-06 09:00:00,10831000.0,11102000.0,10796000.0,11065000.0,1594079998049,31078720052.75661,2834.35626338,10831000.0,234000.0,0.0216046533
KRW-BTC,2020-07-07,2020-07-07 09:00:00,11065000.0,11097000.0,10952000.0,10988000.0,1594166398403,20112615095.54035,1828.51713339,11065000.0,-77000.0,-0.0069588793
KRW-BTC,2020-07-08,2020-07-08 09:00:00,10988000.0,11208000.0,10968000.0,11138000.0,1594252797246,36222534300.68448,3274.76981902,10988000.0,150000.0,0.0136512559
KRW-BTC,2020-07-09,2020-07-09 09:00:00,11135000.0,11149000.0,10906000.0,10961000.0,1594339199345,29019864172.58648,2625.43221633,11138000.0,-177000.0,-0.0158915425
KRW-BTC,2020-07-10,2020-07-10 09:00:00,10961000.0,11062000.0,10880000.0,11043000.0,1594425584717,22365040789.62106,2044.03731083,10961000.0,82000.0,0.0074810692
KRW-BTC,2020-07-11,2020-07-11 09:00:00,11039000.0,11044000.0,10910000.0,10957000.0,1594511995374,11412149191.39162,1039.64848925,11043000.0,-86000.0,-0.0077877388
KRW-BTC,2020-07-12,2020-07-12 09:00:00,10968000.0,11061000.0,10915000.0,11036000.0,1594598398960,14475567008.02348,1317.60522056,10957000.0,79000.0,0.0072100027
KRW-BTC,2020-07-13,2020-07-13 09:00:00,11036000.0,11063000.0,10908000.0,11000000.0,1594684795341,28708587699.24053,2605.40348195,11036000.0,-36000.0,-0.0032620515
KRW-BTC,2020-07-14,2020-07-14 09:00:00,11011000.0,11040000.0,10925000.0,11010000.0,1594771198942,27426619157.0111,2495.54897178,11000000.0,10000.0,0.0009090909
KRW-BTC,2020-07-15,2020-07-15 09:00:00,11011000.0,11017000.0,10955000.0,10975000.0,1594857585655,18128428283.91464,1649.89414782,11010000.0,-35000.0,-0.0031789282
KRW-BTC,2020-07-16,2020-07-16 09:00:00,10975000.0,11003000.0,10835000.0,10934000.0,1594943998502,22590778578.36891,2068.3561921,10975000.0,-41000.0,-0.0037357631
KRW-BTC,2020-07-17,2020-07-17 09:00:00,10924000.0,10980000.0,10875000.0,10937000.0,1595030400071,17633051344.94775,1615.75315293,10934000.0,3000.0,0.0002743735
KRW-BTC,2020-07-18,2020-07-18 09:00:00,10949000.0,10990000.0,10894000.0,10905000.0,1595116756260,10364274365.33872,948.92757814,10937000.0,-32000.0,-0.002925848
KRW-BTC,2020-07-19,2020-07-19 09:00:00,10908000.0,10971000.0,10869000.0,10943000.0,1595203196028,10646124008.74412,976.01326268,10905000.0,38000.0,0.0034846401
KRW-BTC,2020-07-20,2020-07-20 09:00:00,10943000.0,10981000.0,10908000.0,10950000.0,1595289597116,18353972822.9372,1677.88924309,10943000.0,7000.0,0.0006396783
KRW-BTC,2020-07-21,2020-07-21 09:00:00,10940000.0,11220000.0,10930000.0,11123000.0,1595375995698,35838586966.12535,3235.46831323,10950000.0,173000.0,0.0157990868
KRW-BTC,2020-07-22,2020-07-22 09:00:00,11117000.0,11280000.0,11066000.0,11269000.0,1595462399493,27574564361.92806,2474.64316687,11123000.0,146000.0,0.0131259552
KRW-BTC,2020-07-23,2020-07-23 09:00:00,11258000.0,11418000.0,11183000.0,11331000.0,1595548799820,34844830670.65103,3090.33493086,11269000.0,62000.0,0.0055018191
KRW-BTC,2020-07-24,2020-07-24 09:00:00,11322000.0,11438000.0,11238000.0,11346000.0,1595635197925,24458186720.64186,2160.08749256,11331000.0,15000.0,0.001323802
KRW-BTC,2020-07-25,2020-07-25 09:00:00,11346000.0,11500000.0,11333000.0,11477000.0,1595721599611,18061315980.4953,1583.49670631,11346000.0,131000.0,0.0115459193
KRW-BTC,2020-07-26,2020-07-26 09:00:00,11477000.0,11909000.0,11416000.0,11715000.0,1595807988337,48415693383.71608,4143.37023378,11477000.0,238000.0,0.0207371264
KRW-BTC,2020-07-27,2020-07-27 09:00:00,11706000.0,13275000.0,11701000.0,12916000.0,1595894399613,130460072284.42549,10523.35454822,11715000.0,1201000.0,0.1025181391
KRW-BTC,2020-07-28,2020-07-28 09:00:00,12914000.0,13202000.0,12515000.0,12772000.0,1595980797381,97625728882.80054,7553.15293197,12916000.0,-144000.0,-0.0111489625
KRW-BTC,2020-07-29,2020-07-29 09:00:00,12774000.0,13368000.0,12701000.0,13124000.0,1596067197238,76329757196.03754,5839.53216975,12772000.0,352000.0,0.0275602881
KRW-BTC,2020-07-30,2020-07-30 09:00:00,13123000.0,13170000.0,12800000.0,13098000.0,1596153596080,61951212852.32407,4755.53271504,13124000.0,-26000.0,-0.0019811033
KRW-BTC,2020-07-31,2020-07-31 09:00:00,13097000.0,13580000.0,12961000.0,13416000.0,1596239998663,61115626279.73356,4608.2997854,13098000.0,318000.0,0.0242785158
KRW-BTC,2020-08-01,2020-08-01 09:00:00,13404000.0,13969000.0,13271000.0,13922000.0,1596326387666,75023194211.60835,5463.18173849,13416000.0,506000.0,0.0377161598
KRW-BTC,2020-08-02,2020-08-02 09:00:00,13922000.0,14380000.0,12871000.0,13030000.0,1596412799129,144622415973.50195,10730.69157929,13922000.0,-892000.0,-0.0640712541
KRW-BTC,2020-08-03,2020-08-03 09:00:00,13030000.0,13573000.0,12945000.0,13272000.0,1596499200190,58620021046.76539,4402.74282417,13030000.0,242000.0,0.0185725249
KRW-BTC,2020-08-04,2020-08-04 09:00:00,13273000.0,13488000.0,13130000.0,13319000.0,1596585596323,57720109204.97258,4322.71665983,13272000.0,47000.0,0.0035412899
KRW-BTC,2020-08-05,2020-08-05 09:00:00,13322000.0,13881000.0,13229000.0,13843000.0,1596671998568,96484982554.87483,7147.3390046,13319000.0,524000.0,0.039342293
KRW-BTC,2020-08-06,2020-08-06 09:00:00,13843000.0,14036000.0,13666000.0,13884000.0,1596758399549,79503792786.72746,5736.95470128,13843000.0,41000.0,0.0029617857
KRW-BTC,2020-08-07,2020-08-07 09:00:00,13883000.0,14064000.0,13551000.0,13777000.0,1596844799435,61891807766.65191,4462.32806533,13884000.0,-107000.0,-0.0077067128
KRW-BTC,2020-08-08,2020-08-08 09:00:00,13777000.0,13960000.0,13710000.0,13887000.0,1596931196746,36002526305.62443,2600.97888267,13777000.0,110000.0,0.0079843217
KRW-BTC,2020-08-09,2020-08-09 09:00:00,13884000.0,13905000.0,13652000.0,13820000.0,1597017599080,39378187572.07279,2856.75718036,13887000.0,-67000.0,-0.0048246562
KRW-BTC,2020-08-10,2020-08-10 09:00:00,13814000.0,14280000.0,13746000.0,13990000.0,1597103999989,85460645789.7747,6087.49693672,13820000.0,170000.0,0.012301013
KRW-BTC,2020-08-11,2020-08-11 09:00:00,13994000.0,14042000.0,13337000.0,13619000.0,1597190399327,97125046629.61996,7038.42556936,13990000.0,-371000.0,-0.0265189421
KRW-BTC,2020-08-12,2020-08-12 09:00:00,13619000.0,13745000.0,13306000.0,13709000.0,1597276795392,60893951822.17933,4491.1064638,13619000.0,90000.0,0.0066084147
KRW-BTC,2020-08-13,2020-08-13 09:00:00,13708000.0,13890000.0,13398000.0,13810000.0,1597363200099,88906429409.5377,6509.12009099,13709000.0,101000.0,0.0073674229
KRW-BTC,2020-08-14,2020-08-14 09:00:00,13810000.0,13939000.0,13706000.0,13846000.0,1597449592366,74921142332.9244,5427.79561059,13810000.0,36000.0,0.0026068067
KRW-BTC,2020-08-15,2020-08-15 09:00:00,13845000.0,14051000.0,13796000.0,13878000.0,1597535999448,52743660027.41968,3784.70679521,13846000.0,32000.0,0.0023111368
KRW-BTC,2020-08-16,2020-08-16 09:00:00,13867000.0,13962000.0,13751000.0,13889000.0,1597622398807,36320366073.8914,2621.22026284,13878000.0,11000.0,0.0007926214
KRW-BTC,2020-08-17,2020-08-17 09:00:00,13889000.0,14382000.0,13809000.0,14204000.0,1597708799588,99435021020.21393,7068.79872423,13889000.0,315000.0,0.0226798186
KRW-BTC,2020-08-18,2020-08-18 09:00:00,14202000.0,14339000.0,13811000.0,14000000.0,1597795199012,84322639567.739,5958.55361166,14204000.0,-204000.0,-0.0143621515
KRW-BTC,2020-08-19,2020-08-19 09:00:00,14002000.0,14084000.0,13666000.0,13878000.0,1597881596657,75853613513.93965,5471.16152561,14000000.0,-122000.0,-0.0087142857
KRW-BTC,2020-08-20,2020-08-20 09:00:00,13884000.0,14050000.0,13750000.0,13967000.0,1597967995849,42298639750.02728,3049.38761238,13878000.0,89000.0,0.0064130278
KRW-BTC,2020-08-21,2020-08-21 09:00:00,13951000.0,14012000.0,13761000.0,13781000.0,1598054399868,63620712174.25728,4571.55575689,13967000.0,-186000.0,-0.0133171046
KRW-BTC,2020-08-22,2020-08-22 09:00:00,13781000.0,13850000.0,13500000.0,13840000.0,1598140799374,45598030757.90414,3325.65334899,13781000.0,59000.0,0.0042812568
KRW-BTC,2020-08-23,2020-08-23 09:00:00,13850000.0,13856000.0,13700000.0,13802000.0,1598227189073,29214566204.36932,2120.58334002,13840000.0,-38000.0,-0.0027456647
KRW-BTC,2020-08-24,2020-08-24 09:00:00,13816000.0,13940000.0,13745000.0,13876000.0,1598313599965,47140930422.03655,3402.10119459,13802000.0,74000.0,0.0053615418
KRW-BTC,2020-08-25,2020-08-25 09:00:00,13876000.0,13884000.0,13341000.0,13476000.0,1598399999690,76682467827.37836,5630.21938515,13876000.0,-400000.0,-0.0288267512
KRW-BTC,2020-08-26,2020-08-26 09:00:00,13473000.0,13633000.0,13350000.0,13561000.0,1598486398766,99215044386.99374,7348.77505862,13476000.0,85000.0,0.0063075096
KRW-BTC,2020-08-27,2020-08-27 09:00:00,13561000.0,13675000.0,13245000.0,13401000.0,1598572798795,73372727045.9605,5462.36370808,13561000.0,-160000.0,-0.0117985399
KRW-BTC,2020-08-28,2020-08-28 09:00:00,13401000.0,13550000.0,13332000.0,13549000.0,1598659199518,40954465327.99302,3043.46766106,13401000.0,148000.0,0.0110439519
KRW-BTC,2020-08-29,2020-08-29 09:00:00,13546000.0,13568000.0,13416000.0,13470000.0,1598745599312,30771087827.8604,2279.26269577,13549000.0,-79000.0,-0.0058306886
KRW-BTC,2020-08-30,2020-08-30 09:00:00,13470000.0,13687000.0,13465000.0,13671000.0,1598831999148,32728750262.89069,2403.72039078,13470000.0,201000.0,0.014922049
KRW-BTC,2020-08-31,2020-08-31 09:00:00,13671000.0,13840000.0,13580000.0,13739000.0,1598918401350,43398359512.28786,3166.15837477,13671000.0,68000.0,0.0049740326
KRW-BTC,2020-09-01,2020-09-01 09:00:00,13733000.0,14097000.0,13630000.0,13974000.0,1599004799044,67380057022.36142,4847.35215036,13740000.0,234000.0,0.0170305677
KRW-BTC,2020-09-02,2020-09-02 09:00:00,13972000.0,14010000.0,13282000.0,13571000.0,1599091194614,79532170806.15791,5822.80229095,13974000.0,-403000.0,-0.0288392729
KRW-BTC,2020-09-03,2020-09-03 09:00:00,13572000.0,13670000.0,12265000.0,12303000.0,1599177600028,94143401975.79472,7225.31854832,13571000.0,-1268000.0,-0.0934345295
KRW-BTC,2020-09-04,2020-09-04 09:00:00,12301000.0,12773000.0,12160000.0,12636000.0,1599263999650,81665296367.04335,6538.45024846,12303000.0,333000.0,0.0270665691
KRW-BTC,2020-09-05,2020-09-05 09:00:00,12630000.0,12762000.0,12120000.0,12382000.0,1599350396868,51491560855.52754,4161.03925299,12636000.0,-254000.0,-0.0201012979
KRW-BTC,2020-09-06,2020-09-06 09:00:00,12383000.0,12493000.0,12123000.0,12353000.0,1599436799053,34671546521.63906,2820.7889017,12382000.0,-29000.0,-0.0023421095
KRW-BTC,2020-09-07,2020-09-07 09:00:00,12353000.0,12450000.0,11860000.0,12388000.0,1599523199702,41612849961.02479,3422.90378853,12353000.0,35000.0,0.0028333198
KRW-BTC,2020-09-08,2020-09-08 09:00:00,12388000.0,12448000.0,11900000.0,12131000.0,1599609586569,40567225704.3812,3338.50255302,12388000.0,-257000.0,-0.0207458831
KRW-BTC,2020-09-09,2020-09-09 09:00:00,12130000.0,12290000.0,11939000.0,12177000.0,1599695993615,34669073725.69816,2860.20370963,12131000.0,46000.0,0.003791938
KRW-BTC,2020-09-10,2020-09-10 09:00:00,12189000.0,12435000.0,12050000.0,12328000.0,1599782397069,51049389671.81547,4150.91846302,12177000.0,151000.0,0.012400427
KRW-BTC,2020-09-11,2020-09-11 09:00:00,12328000.0,12388000.0,12170000.0,12336000.0,1599868792463,31705458794.74347,2587.41812303,12328000.0,8000.0,0.0006489293
KRW-BTC,2020-09-12,2020-09-12 09:00:00,12336000.0,12455000.0,12228000.0,12379000.0,1599955185454,20862828213.06052,1692.15503798,12336000.0,43000.0,0.0034857328
KRW-BTC,2020-09-13,2020-09-13 09:00:00,12379000.0,12571000.0,12147000.0,12377000.0,1600041598969,31758933651.91053,2563.92519505,12379000.0,-2000.0,-0.0001615639
KRW-BTC,2020-09-14,2020-09-14 09:00:00,12377000.0,12736000.0,12285000.0,12659000.0,1600127989254,35084126335.51942,2810.17551441,12377000.0,282000.0,0.0227841965
KRW-BTC,2020-09-15,2020-09-15 09:00:00,12657000.0,12913000.0,12555000.0,12814000.0,1600214395546,46872140520.19776,3676.58663151,12659000.0,155000.0,0.0122442531
KRW-BTC,2020-09-16,2020-09-16 09:00:00,12801000.0,13050000.0,12652000.0,12913000.0,1600300798207,49511485549.11448,3856.19429687,12814000.0,99000.0,0.0077259248
KRW-BTC,2020-09-17,2020-09-17 09:00:00,12908000.0,13050000.0,12623000.0,12811000.0,1600387199257,41324682570.24944,3228.03704907,12913000.0,-102000.0,-0.0078990165
KRW-BTC,2020-09-18,2020-09-18 09:00:00,12811000.0,12837000.0,12672000.0,12777000.0,1600473599440,29032522100.50628,2277.28537656,12811000.0,-34000.0,-0.0026539692
KRW-BTC,2020-09-19,2020-09-19 09:00:00,12781000.0,13036000.0,12741000.0,12940000.0,1600559992093,26749956363.58219,2078.8147631,12777000.0,163000.0,0.0127572983
KRW-BTC,2020-09-20,2020-09-20 09:00:00,12928000.0,12942000.0,12652000.0,12819000.0,1600646391454,22899489576.19746,1791.11312251,12940000.0,-121000.0,-0.0093508501
KRW-BTC,2020-09-21,2020-09-21 09:00:00,12828000.0,12828000.0,12160000.0,12290000.0,1600732799866,47710106092.18037,3820.68161169,12819000.0,-529000.0,-0.0412668695
KRW-BTC,2020-09-22,2020-09-22 09:00:00,12290000.0,12380000.0,12090000.0,12344000.0,1600819194823,30619634723.66583,2500.06075534,12290000.0,54000.0,0.0043938161
KRW-BTC,2020-09-23,2020-09-23 09:00:00,12346000.0,12348000.0,11913000.0,11943000.0,1600905599749,30573620247.24699,2511.56811414,12344000.0,-401000.0,-0.032485418
KRW-BTC,2020-09-24,2020-09-24 09:00:00,11943000.0,12695000.0,11912000.0,12500000.0,1600991994941,37921834531.83651,3114.32253267,11943000.0,557000.0,0.0466381981
KRW-BTC,2020-09-25,2020-09-25 09:00:00,12495000.0,12550000.0,12311000.0,12455000.0,1601078397972,35979016376.99834,2895.53433005,12500000.0,-45000.0,-0.0036
KRW-BTC,2020-09-26,2020-09-26 09:00:00,12456000.0,12550000.0,12431000.0,12506000.0,1601164795144,15807213914.28946,1266.60001845,12455000.0,51000.0,0.0040947411
KRW-BTC,2020-09-27,2020-09-27 09:00:00,12506000.0,12597000.0,12320000.0,12515000.0,1601251198226,17648475955.42035,1415.11836015,12506000.0,9000.0,0.0007196546
KRW-BTC,2020-09-28,2020-09-28 09:00:00,12515000.0,12795000.0,12425000.0,12468000.0,1601337598552,36934110900.46463,2919.95626941,12515000.0,-47000.0,-0.0037554934
KRW-BTC,2020-09-29,2020-09-29 09:00:00,12468000.0,12688000.0,12399000.0,12601000.0,1601423999790,30943561529.41518,2479.36577398,12468000.0,133000.0,0.0106673083
KRW-BTC,2020-09-30,2020-09-30 09:00:00,12603000.0,12615000.0,12469000.0,12558000.0,1601510377883,16465381225.61567,1314.25857931,12601000.0,-43000.0,-0.0034124276
KRW-BTC,2020-10-01,2020-10-01 09:00:00,12562000.0,12678000.0,12249000.0,12440000.0,1601596800062,22374753564.9098,1790.8551381,12558000.0,-118000.0,-0.0093964007
KRW-BTC,2020-10-02,2020-10-02 09:00:00,12440000.0,12470000.0,12205000.0,12423000.0,1601683196226,28506045880.8428,2312.40743338,12440000.0,-17000.0,-0.0013665595
KRW-BTC,2020-10-03,2020-10-03 09:00:00,12423000.0,12434000.0,12326000.0,12393000.0,1601769598630,9938723633.48864,802.7589499,12423000.0,-30000.0,-0.0024148756
KRW-BTC,2020-10-04,2020-10-04 09:00:00,12393000.0,12496000.0,12348000.0,12447000.0,1601855990821,10796257983.07942,869.82727895,12393000.0,54000.0,0.0043572985
KRW-BTC,2020-10-05,2020-10-05 09:00:00,12446000.0,12545000.0,12385000.0,12536000.0,1601942399223,19657622736.38049,1578.02783002,12447000.0,89000.0,0.0071503173
KRW-BTC,2020-10-06,2020-10-06 09:00:00,12536000.0,12600000.0,12330000.0,12418000.0,1602028786204,21755259037.61206,1745.87532903,12536000.0,-118000.0,-0.0094128909
KRW-BTC,2020-10-07,2020-10-07 09:00:00,12408000.0,12435000.0,12337000.0,12423000.0,1602115192282,16795131307.66865,1357.3582234,12418000.0,5000.0,0.0004026413
KRW-BTC,2020-10-08,2020-10-08 09:00:00,12422000.0,12680000.0,12280000.0,12582000.0,1602201597343,30146096329.57559,2422.11926188,12423000.0,159000.0,0.0127988409
KRW-BTC,2020-10-09,2020-10-09 09:00:00,12582000.0,12750000.0,12503000.0,12638000.0,1602287996942,28342240433.15135,2245.60747516,12582000.0,56000.0,0.0044508027
KRW-BTC,2020-10-10,2020-10-10 09:00:00,12637000.0,13007000.0,12628000.0,12864000.0,1602374397417,31147460670.67601,2416.64148094,12638000.0,226000.0,0.0178825764
KRW-BTC,2020-10-11,2020-10-11 09:00:00,12858000.0,12994000.0,12817000.0,12934000.0,1602460784597,17276197165.82384,1337.68788409,12864000.0,70000.0,0.0054415423
KRW-BTC,2020-10-12,2020-10-12 09:00:00,12934000.0,13330000.0,12855000.0,13172000.0,1602547195749,36531375817.04888,2796.54586265,12934000.0,238000.0,0.0184011133
KRW-BTC,2020-10-13,2020-10-13 09:00:00,13176000.0,13217000.0,12999000.0,13134000.0,1602633595470,34238417635.07639,2608.35364561,13172000.0,-38000.0,-0.0028849074
KRW-BTC,2020-10-14,2020-10-14 09:00:00,13134000.0,13278000.0,13040000.0,13150000.0,1602719997115,32441374330.52814,2472.02732154,13134000.0,16000.0,0.0012182123
KRW-BTC,2020-10-15,2020-10-15 09:00:00,13150000.0,13300000.0,12993000.0,13226000.0,1602806397045,31357389741.0706,2393.89692128,13150000.0,76000.0,0.0057794677
KRW-BTC,2020-10-16,2020-10-16 09:00:00,13230000.0,13275000.0,12893000.0,13054000.0,1602892797904,40793097708.95239,3130.6739236,13226000.0,-172000.0,-0.0130046877
KRW-BTC,2020-10-17,2020-10-17 09:00:00,13054000.0,13097000.0,12970000.0,13078000.0,1602979193044,13649081271.80747,1046.28496844,13054000.0,24000.0,0.0018385169
KRW-BTC,2020-10-18,2020-10-18 09:00:00,13078000.0,13208000.0,13050000.0,13207000.0,1603065595974,14296380358.93317,1089.07241064,13078000.0,129000.0,0.0098638936
KRW-BTC,2020-10-19,2020-10-19 09:00:00,13207000.0,13480000.0,13095000.0,13415000.0,1603151996010,31330928714.58417,2364.3907116,13207000.0,208000.0,0.0157492239
KRW-BTC,2020-10-20,2020-10-20 09:00:00,13420000.0,13746000.0,13339000.0,13646000.0,1603238399336,44585873153.38422,3296.40571857,13415000.0,231000.0,0.0172195304
KRW-BTC,2020-10-21,2020-10-21 09:00:00,13645000.0,14812000.0,13615000.0,14423000.0,1603324799301,90515014083.93057,6403.53223854,13646000.0,777000.0,0.0569397626
KRW-BTC,2020-10-22,2020-10-22 09:00:00,14420000.0,14769000.0,14320000.0,14558000.0,1603411192137,61887193783.83324,4262.74670726,14423000.0,135000.0,0.0093600499
KRW-BTC,2020-10-23,2020-10-23 09:00:00,14558000.0,14623000.0,14340000.0,14584000.0,1603497586307,42479103231.98717,2925.46548654,14558000.0,26000.0,0.0017859596
KRW-BTC,2020-10-24,2020-10-24 09:00:00,14579000.0,14800000.0,14514000.0,14760000.0,1603583998841,27394992009.06993,1868.37910888,14584000.0,176000.0,0.0120680197
KRW-BTC,2020-10-25,2020-10-25 09:00:00,14760000.0,15000000.0,14556000.0,14690000.0,1603670398631,34126819042.74478,2314.36946658,14760000.0,-70000.0,-0.0047425474
KRW-BTC,2020-10-26,2020-10-26 09:00:00,14687000.0,14920000.0,14358000.0,14764000.0,1603756795866,44615941981.38006,3031.75880427,14690000.0,74000.0,0.0050374404
KRW-BTC,2020-10-27,2020-10-27 09:00:00,14772000.0,15457000.0,14683000.0,15312000.0,1603843196300,59577301257.64167,3964.12531994,14764000.0,548000.0,0.0371173124
KRW-BTC,2020-10-28,2020-10-28 09:00:00,15300000.0,15557000.0,14635000.0,15060000.0,1603929596762,87155753224.67662,5752.66984652,15312000.0,-252000.0,-0.0164576803
KRW-BTC,2020-10-29,2020-10-29 09:00:00,15060000.0,15379000.0,14703000.0,15207000.0,1604015999883,52840743145.17352,3516.50474491,15060000.0,147000.0,0.0097609562
KRW-BTC,2020-10-30,2020-10-30 09:00:00,15207000.0,15460000.0,14899000.0,15340000.0,1604102392696,56891439161.84115,3753.48812746,15207000.0,133000.0,0.0087459722
KRW-BTC,2020-10-31,2020-10-31 09:00:00,15340000.0,15800000.0,15205000.0,15606000.0,1604188798238,63229851057.68679,4066.29244901,15340000.0,266000.0,0.0173402868
KRW-BTC,2020-11-01,2020-11-01 09:00:00,15606000.0,15710000.0,15461000.0,15574000.0,1604275199414,28140915522.60095,1806.62122615,15606000.0,-32000.0,-0.0020504934
KRW-BTC,2020-11-02,2020-11-02 09:00:00,15574000.0,15641000.0,15011000.0,15397000.0,1604361598907,55967421350.63518,3643.76554264,15574000.0,-177000.0,-0.0113650957
KRW-BTC,2020-11-03,2020-11-03 09:00:00,15396000.0,15900000.0,15150000.0,15881000.0,1604448000066,60156003001.22734,3888.00412551,15397000.0,484000.0,0.0314346951
KRW-BTC,2020-11-04,2020-11-04 09:00:00,15881000.0,16020000.0,15431000.0,15959000.0,1604534398649,73601397517.4738,4673.77532383,15881000.0,78000.0,0.0049115295
KRW-BTC,2020-11-05,2020-11-05 09:00:00,15959000.0,17540000.0,15900000.0,17352000.0,1604620799688,159571298663.6492,9583.12761365,15959000.0,1393000.0,0.0872861708
KRW-BTC,2020-11-06,2020-11-06 09:00:00,17352000.0,17789000.0,17060000.0,17397000.0,1604707197354,135754882068.23746,7786.57496665,17352000.0,45000.0,0.002593361
KRW-BTC,2020-11-07,2020-11-07 09:00:00,17397000.0,17613000.0,16252000.0,16647000.0,1604793596569,87428894446.45905,5131.6042485,17397000.0,-750000.0,-0.0431108812
KRW-BTC,2020-11-08,2020-11-08 09:00:00,16650000.0,17388000.0,16520000.0,17297000.0,1604879998000,57830395158.19685,3402.96894151,16647000.0,650000.0,0.0390460744
KRW-BTC,2020-11-09,2020-11-09 09:00:00,17276000.0,17550000.0,16695000.0,17106000.0,1604966399437,87553016404.25432,5112.23251786,17297000.0,-191000.0,-0.0110423773
KRW-BTC,2020-11-10,2020-11-10 09:00:00,17106000.0,17190000.0,16872000.0,17035000.0,1605052799595,45280472573.94203,2656.01996837,17106000.0,-71000.0,-0.0041505904
KRW-BTC,2020-11-11,2020-11-11 09:00:00,17035000.0,17600000.0,17009000.0,17439000.0,1605139199639,68527517495.23057,3969.12107234,17035000.0,404000.0,0.0237158791
KRW-BTC,2020-11-12,2020-11-12 09:00:00,17439000.0,17979000.0,17200000.0,17954000.0,1605225599247,94788178120.64919,5384.62747384,17439000.0,515000.0,0.0295315098
KRW-BTC,2020-11-13,2020-11-13 09:00:00,17952000.0,18225000.0,17640000.0,17988000.0,1605311997549,79121871826.65977,4395.69660087,17954000.0,34000.0,0.0018937284
KRW-BTC,2020-11-14,2020-11-14 09:00:00,17988000.0,18000000.0,17455000.0,17796000.0,1605398397746,49270818684.79876,2786.76875718,17988000.0,-192000.0,-0.0106737825
KRW-BTC,2020-11-15,2020-11-15 09:00:00,17796000.0,17831000.0,17545000.0,17670000.0,1605484800015,32614011526.12462,1842.97832877,17796000.0,-126000.0,-0.0070802428
KRW-BTC,2020-11-16,2020-11-16 09:00:00,17670000.0,18450000.0,17555000.0,18275000.0,1605571198084,75525657705.52017,4191.31590965,17670000.0,605000.0,0.0342388229
KRW-BTC,2020-11-17,2020-11-17 09:00:00,18275000.0,19417000.0,18207000.0,19332000.0,1605657595639,113734368641.08484,6075.98259617,18275000.0,1057000.0,0.0578385773
KRW-BTC,2020-11-18,2020-11-18 09:00:00,19344000.0,20280000.0,18865000.0,19714000.0,1605743993519,225797611063.95428,11453.54478504,19332000.0,382000.0,0.0197599834
KRW-BTC,2020-11-19,2020-11-19 09:00:00,19714000.0,20080000.0,19385000.0,19802000.0,1605830396313,118358151162.6491,5978.14259544,19714000.0,88000.0,0.0044638328
KRW-BTC,2020-11-20,2020-11-20 09:00:00,19800000.0,20795000.0,19771000.0,20627000.0,1605916797316,124819498909.01587,6145.38998316,19802000.0,825000.0,0.0416624583
KRW-BTC,2020-11-21,2020-11-21 09:00:00,20627000.0,21025000.0,20200000.0,20351000.0,1606003199916,126672349508.78004,6136.9331409,20627000.0,-276000.0,-0.0133805207
KRW-BTC,2020-11-22,2020-11-22 09:00:00,20348000.0,20595000.0,19525000.0,20307000.0,1606089597144,158315547609.63712,7886.90108585,20351000.0,-44000.0,-0.0021620559
KRW-BTC,2020-11-23,2020-11-23 09:00:00,20307000.0,20528000.0,19901000.0,20100000.0,1606175999959,115543451726.93422,5709.9596315,20307000.0,-207000.0,-0.0101935293
KRW-BTC,2020-11-24,2020-11-24 09:00:00,20100000.0,21390000.0,19937000.0,20957000.0,1606262399552,319379426930.73944,15373.88018285,20100000.0,857000.0,0.0426368159
KRW-BTC,2020-11-25,2020-11-25 09:00:00,20957000.0,21459000.0,20600000.0,20840000.0,1606348799853,173491019382.23004,8276.71453936,20957000.0,-117000.0,-0.0055828601
KRW-BTC,2020-11-26,2020-11-26 09:00:00,20840000.0,20989000.0,18569000.0,19225000.0,1606435199401,269354592366.972,13803.48683498,20840000.0,-1615000.0,-0.0774952015
KRW-BTC,2020-11-27,2020-11-27 09:00:00,19226000.0,19654000.0,18500000.0,19129000.0,1606521599980,143555633279.7904,7568.74614729,19225000.0,-96000.0,-0.004993498
KRW-BTC,2020-11-28,2020-11-28 09:00:00,19129000.0,19556000.0,18858000.0,19484000.0,1606607999245,97143751648.02975,5060.39091148,19129000.0,355000.0,0.01855821
KRW-BTC,2020-11-29,2020-11-29 09:00:00,19486000.0,20110000.0,19196000.0,19991000.0,1606694392683,82428018284.31364,4169.39684223,19484000.0,507000.0,0.0260213509
KRW-BTC,2020-11-30,2020-11-30 09:00:00,19990000.0,21368000.0,19971000.0,21315000.0,1606780799969,200258275155.60483,9685.83045213,19991000.0,1324000.0,0.0662298034
KRW-BTC,2020-12-01,2020-12-01 09:00:00,21313000.0,21651000.0,20202000.0,20867000.0,1606867199405,203657880369.76447,9671.68687865,21315000.0,-448000.0,-0.0210180624
KRW-BTC,2020-12-02,2020-12-02 09:00:00,20867000.0,21315000.0,20346000.0,21097000.0,1606953597475,130282596642.99802,6264.7470004,20867000.0,230000.0,0.0110221881
KRW-BTC,2020-12-03,2020-12-03 09:00:00,21091000.0,21310000.0,20797000.0,21179000.0,1607040000147,92940270747.30804,4414.07642834,21097000.0,82000.0,0.0038868086
KRW-BTC,2020-12-04,2020-12-04 09:00:00,21183000.0,21266000.0,20428000.0,20569000.0,1607126399990,88420392541.16098,4243.74247899,21179000.0,-610000.0,-0.0288021153
KRW-BTC,2020-12-05,2020-12-05 09:00:00,20569000.0,20956000.0,20390000.0,20781000.0,1607212787765,46545830824.89997,2247.52046083,20569000.0,212000.0,0.0103067723
KRW-BTC,2020-12-06,2020-12-06 09:00:00,20778000.0,20999000.0,20574000.0,20976000.0,1607299198809,46777620055.97697,2247.74868124,20781000.0,195000.0,0.0093835715
KRW-BTC,2020-12-07,2020-12-07 09:00:00,20976000.0,21053000.0,20666000.0,20834000.0,1607385600100,67740825735.42393,3241.98487955,20976000.0,-142000.0,-0.0067696415
KRW-BTC,2020-12-08,2020-12-08 09:00:00,20834000.0,20931000.0,19942000.0,20010000.0,1607471997751,93026290555.83319,4532.53738937,20834000.0,-824000.0,-0.0395507344
KRW-BTC,2020-12-09,2020-12-09 09:00:00,20025000.0,20345000.0,19216000.0,20267000.0,1607558396779,115582281169.10057,5827.20490273,20010000.0,257000.0,0.0128435782
KRW-BTC,2020-12-10,2020-12-10 09:00:00,20252000.0,20275000.0,19647000.0,19950000.0,1607644800107,62967828692.92066,3151.82648997,20267000.0,-317000.0,-0.0156411901
KRW-BTC,2020-12-11,2020-12-11 09:00:00,19950000.0,19996000.0,19404000.0,19658000.0,1607731197192,88716810984.45741,4508.12989508,19950000.0,-292000.0,-0.0146365915
KRW-BTC,2020-12-12,2020-12-12 09:00:00,19658000.0,20650000.0,19654000.0,20585000.0,1607817599894,76030600791.45126,3773.48824847,19658000.0,927000.0,0.047156374
KRW-BTC,2020-12-13,2020-12-13 09:00:00,20585000.0,21075000.0,20459000.0,20793000.0,1607904000120,85593423379.19643,4108.95528161,20585000.0,208000.0,0.010104445
KRW-BTC,2020-12-14,2020-12-14 09:00:00,20786000.0,21000000.0,20610000.0,20939000.0,1607990396464,64751393567.55739,3105.38941519,20793000.0,146000.0,0.0070215938
KRW-BTC,2020-12-15,2020-12-15 09:00:00,20927000.0,21267000.0,20805000.0,21103000.0,1608076799778,81781907198.0657,3886.60330202,20939000.0,164000.0,0.0078322747
KRW-BTC,2020-12-16,2020-12-16 09:00:00,21103000.0,23033000.0,20900000.0,22888000.0,1608163199327,237852578745.6528,10828.41456524,21103000.0,1785000.0,0.0845851301
KRW-BTC,2020-12-17,2020-12-17 09:00:00,22881000.0,25768000.0,22473000.0,24743000.0,1608249598358,440082127172.3546,18025.94451036,22888000.0,1855000.0,0.0810468368
KRW-BTC,2020-12-18,2020-12-18 09:00:00,24737000.0,25247000.0,24360000.0,25151000.0,1608335997266,156580705559.25696,6288.93892328,24743000.0,408000.0,0.0164895122
KRW-BTC,2020-12-19,2020-12-19 09:00:00,25151000.0,26410000.0,24947000.0,26169000.0,1608422400099,184847935435.66138,7210.72919997,25151000.0,1018000.0,0.0404755278
KRW-BTC,2020-12-20,2020-12-20 09:00:00,26169000.0,26562000.0,25422000.0,25880000.0,1608508800093,163658128225.0485,6316.48585428,26169000.0,-289000.0,-0.0110436012
KRW-BTC,2020-12-21,2020-12-21 09:00:00,25890000.0,26588000.0,24600000.0,25387000.0,1608595199944,350219024281.6897,13640.52345922,25880000.0,-493000.0,-0.019049459
KRW-BTC,2020-12-22,2020-12-22 09:00:00,25387000.0,26828000.0,24925000.0,26776000.0,1608681598949,206133222375.10733,7994.07358308,25387000.0,1389000.0,0.0547130421
KRW-BTC,2020-12-23,2020-12-23 09:00:00,26776000.0,27070000.0,25600000.0,26380000.0,1608767999745,328304569556.6462,12398.44760587,26776000.0,-396000.0,-0.0147893636
KRW-BTC,2020-12-24,2020-12-24 09:00:00,26380000.0,26608000.0,25774000.0,26503000.0,1608854398869,174570316756.61267,6661.23736488,26380000.0,123000.0,0.0046626232
KRW-BTC,2020-12-25,2020-12-25 09:00:00,26503000.0,27271000.0,26171000.0,27122000.0,1608940792252,213500002583.28278,7979.82741205,26503000.0,619000.0,0.0233558465
KRW-BTC,2020-12-26,2020-12-26 09:00:00,27122000.0,29524000.0,26983000.0,29378000.0,1609027200621,271145727803.063,9647.7742254,27122000.0,2256000.0,0.0831797065
KRW-BTC,2020-12-27,2020-12-27 09:00:00,29378000.0,31800000.0,28802000.0,29319000.0,1609113598322,601524151729.3121,19899.62591421,29378000.0,-59000.0,-0.0020083055
KRW-BTC,2020-12-28,2020-12-28 09:00:00,29347000.0,30587000.0,29167000.0,30249000.0,1609199999142,245505778004.4002,8175.15992343,29319000.0,930000.0,0.031720045
KRW-BTC,2020-12-29,2020-12-29 09:00:00,30219000.0,30520000.0,29028000.0,30498000.0,1609286398625,218091132502.8258,7302.22061609,30249000.0,249000.0,0.0082316771
KRW-BTC,2020-12-30,2020-12-30 09:00:00,30498000.0,31999000.0,30333000.0,31891000.0,1609372797376,320940853563.8111,10282.82280481,30498000.0,1393000.0,0.0456751262
KRW-BTC,2020-12-31,2020-12-31 09:00:00,31923000.0,32386000.0,31300000.0,32042000.0,1609459197349,256765288247.4506,8041.24807411,31891000.0,151000.0,0.0047348782
KRW-BTC,2021-01-01,2021-01-01 09:00:00,32037000.0,32599000.0,31800000.0,32296000.0,1609545599888,185613910085.62503,5752.49421559,32042000.0,254000.0,0.0079270957
KRW-BTC,2021-01-02,2021-01-02 09:00:00,32295000.0,36600000.0,31920000.0,35700000.0,1609631998883,602335536311.2162,17451.16767774,32296000.0,3404000.0,0.1054000495
KRW-BTC,2021-01-03,2021-01-03 09:00:00,35700000.0,39453000.0,35500000.0,37537000.0,1609718399604,958875074120.6221,25381.50662267,35700000.0,1837000.0,0.0514565826
KRW-BTC,2021-01-04,2021-01-04 09:00:00,37537000.0,38476000.0,33000000.0,36460000.0,1609804800146,847277026758.2367,23598.19458956,37537000.0,-1077000.0,-0.0286916909
KRW-BTC,2021-01-05,2021-01-05 09:00:00,36478000.0,38590000.0,34357000.0,38093000.0,1609891199603,491554005818.2553,13461.98168136,36460000.0,1633000.0,0.0447888097
KRW-BTC,2021-01-06,2021-01-06 09:00:00,38107000.0,41000000.0,37380000.0,40762000.0,1609977600135,591564311252.9448,15168.98069733,38093000.0,2669000.0,0.0700653663
KRW-BTC,2021-01-07,2021-01-07 09:00:00,40764000.0,44990000.0,40250000.0,44698000.0,1610063999733,733603313977.1866,17201.05518572,40762000.0,3936000.0,0.0965605221
KRW-BTC,2021-01-08,2021-01-08 09:00:00,44698000.0,48550000.0,42271000.0,47215000.0,1610150399676,1006426839026.3547,21891.12558504,44698000.0,2517000.0,0.0563112444
KRW-BTC,2021-01-09,2021-01-09 09:00:00,47201000.0,47650000.0,45171000.0,45718000.0,1610236799928,625675347724.774,13453.12656524,47215000.0,-1497000.0,-0.0317060256
KRW-BTC,2021-01-10,2021-01-10 09:00:00,45716000.0,47000000.0,39500000.0,43404000.0,1610323200087,1017005173324.4323,23031.00699245,45718000.0,-2314000.0,-0.0506146376
KRW-BTC,2021-01-11,2021-01-11 09:00:00,43400000.0,43570000.0,35010000.0,40094000.0,1610409600389,1951978237852.5813,50543.88221565,43404000.0,-3310000.0,-0.0762602525
KRW-BTC,2021-01-12,2021-01-12 09:00:00,40094000.0,40888000.0,36654000.0,38577000.0,1610496000298,877051814766.2422,22472.57575829,40094000.0,-1517000.0,-0.0378360852
KRW-BTC,2021-01-13,2021-01-13 09:00:00,38496000.0,41900000.0,37001000.0,41380000.0,1610582400565,609115848779.7548,15632.80207437,38577000.0,2803000.0,0.0726598751
KRW-BTC,2021-01-14,2021-01-14 09:00:00,41380000.0,43998000.0,40510000.0,42735000.0,1610668799558,675452929053.0894,15952.88892706,41385000.0,1350000.0,0.0326205147
KRW-BTC,2021-01-15,2021-01-15 09:00:00,42787000.0,43199000.0,38690000.0,40952000.0,1610755199943,665644973950.4895,16278.02915655,42735000.0,-1783000.0,-0.0417222417
KRW-BTC,2021-01-16,2021-01-16 09:00:00,40951000.0,41800000.0,39689000.0,40086000.0,1610841599539,423473040868.5699,10393.3501519,40952000.0,-866000.0,-0.0211467083
KRW-BTC,2021-01-17,2021-01-17 09:00:00,40070000.0,40722000.0,38102000.0,39536000.0,1610928000121,385287094530.9616,9785.46995151,40086000.0,-550000.0,-0.0137205009
KRW-BTC,2021-01-18,2021-01-18 09:00:00,39536000.0,40999000.0,38699000.0,40008000.0,1611014399366,334192601195.97144,8374.53524546,39536000.0,472000.0,0.0119384864
KRW-BTC,2021-01-19,2021-01-19 09:00:00,40008000.0,41251000.0,39580000.0,39586000.0,1611100802249,399356017928.5196,9913.18947901,40008000.0,-422000.0,-0.0105478904
KRW-BTC,2021-01-20,2021-01-20 09:00:00,39580000.0,39998000.0,37579000.0,39253000.0,1611187200106,399570977196.11475,10290.52813623,39591000.0,-338000.0,-0.0085372938
KRW-BTC,2021-01-21,2021-01-21 09:00:00,39253000.0,39329000.0,33867000.0,34519000.0,1611273600182,684409148890.5065,18816.54602062,39253000.0,-4734000.0,-0.120602247
KRW-BTC,2021-01-22,2021-01-22 09:00:00,34525000.0,37342000.0,31662000.0,36345000.0,1611360000168,755562232830.8065,21883.00423781,34519000.0,1826000.0,0.0528984038
KRW-BTC,2021-01-23,2021-01-23 09:00:00,36345000.0,37018000.0,34678000.0,35493000.0,1611446398274,312190277118.3817,8710.02859837,36345000.0,-852000.0,-0.023442014
KRW-BTC,2021-01-24,2021-01-24 09:00:00,35494000.0,36283000.0,34250000.0,35539000.0,1611532800086,270814389370.82205,7625.87646731,35493000.0,46000.0,0.0012960302
KRW-BTC,2021-01-25,2021-01-25 09:00:00,35539000.0,38388000.0,35394000.0,36054000.0,1611619199580,539926824512.526,14596.35519525,35539000.0,515000.0,0.0144911224
KRW-BTC,2021-01-26,2021-01-26 09:00:00,36054000.0,36594000.0,34808000.0,35923000.0,1611705599127,302640635687.53064,8489.58317688,36054000.0,-131000.0,-0.0036334387
KRW-BTC,2021-01-27,2021-01-27 09:00:00,35929000.0,36026000.0,33235000.0,34300000.0,1611791999737,323528868123.36993,9356.77161322,35923000.0,-1623000.0,-0.0451799683
KRW-BTC,2021-01-28,2021-01-28 09:00:00,34293000.0,37186000.0,33726000.0,36624000.0,1611878399577,334665939752.40533,9452.48550052,34300000.0,2324000.0,0.067755102
KRW-BTC,2021-01-29,2021-01-29 09:00:00,36631000.0,41072000.0,35514000.0,37523000.0,1611964799950,1297496987642.681,33565.7380079,36624000.0,899000.0,0.0245467453
KRW-BTC,2021-01-30,2021-01-30 09:00:00,37523000.0,38201000.0,36230000.0,37087000.0,1612051199480,465140379089.1798,12481.60663701,37523000.0,-436000.0,-0.01161954
KRW-BTC,2021-01-31,2021-01-31 09:00:00,37039000.0,37633000.0,35800000.0,36408000.0,1612137599674,419202590707.55334,11396.06446876,37087000.0,-679000.0,-0.0183083021
KRW-BTC,2021-02-01,2021-02-01 09:00:00,36408000.0,38161000.0,35907000.0,36618000.0,1612223998540,508488087014.651,13783.13636302,36408000.0,210000.0,0.0057679631
KRW-BTC,2021-02-02,2021-02-02 09:00:00,36618000.0,38300000.0,36323000.0,37910000.0,1612310400180,360085633669.60834,9650.44220482,36618000.0,1292000.0,0.0352831941
KRW-BTC,2021-02-03,2021-02-03 09:00:00,37910000.0,39371000.0,37909000.0,39357000.0,1612396800110,378423679093.87573,9775.50002187,37910000.0,1447000.0,0.0381693485
KRW-BTC,2021-02-04,2021-02-04 09:00:00,39345000.0,41426000.0,38059000.0,39810000.0,1612483200144,580257360614.1648,14561.2346281,39357000.0,453000.0,0.0115100236
KRW-BTC,2021-02-05,2021-02-05 09:00:00,39809000.0,40770000.0,39492000.0,40424000.0,1612569600143,311721581917.0025,7783.09793814,39810000.0,614000.0,0.0154232605
KRW-BTC,2021-02-06,2021-02-06 09:00:00,40421000.0,43622000.0,40345000.0,41725000.0,1612656000139,541579707561.50244,12812.7646179,40424000.0,1301000.0,0.0321838512
KRW-BTC,2021-02-07,2021-02-07 09:00:00,41725000.0,42630000.0,40501000.0,41921000.0,1612742400136,351594756731.219,8432.55974197,41725000.0,196000.0,0.0046974236
KRW-BTC,2021-02-08,2021-02-08 09:00:00,41921000.0,49583000.0,41562000.0,49070000.0,1612828800233,1160414889225.8345,25472.07405559,41921000.0,7149000.0,0.170535054
KRW-BTC,2021-02-09,2021-02-09 09:00:00,49070000.0,51200000.0,48350000.0,48779000.0,1612915200113,906198790950.7434,18283.67538104,49070000.0,-291000.0,-0.0059303036
KRW-BTC,2021-02-10,2021-02-10 09:00:00,48788000.0,49781000.0,47350000.0,48550000.0,1613001599680,564587285610.8918,11588.86499783,48779000.0,-229000.0,-0.0046946432
KRW-BTC,2021-02-11,2021-02-11 09:00:00,48550000.0,51800000.0,48074000.0,51370000.0,1613088000038,614626823383.8568,12305.59267737,48550000.0,2820000.0,0.058084449
KRW-BTC,2021-02-12,2021-02-12 09:00:00,51370000.0,52280000.0,50237000.0,50836000.0,1613174400026,457759881372.2499,8911.89830701,51370000.0,-534000.0,-0.0103951723
KRW-BTC,2021-02-13,2021-02-13 09:00:00,50836000.0,51757000.0,50258000.0,50626000.0,1613260800558,359313371476.3223,7055.12345471,50836000.0,-210000.0,-0.0041309308
KRW-BTC,2021-02-14,2021-02-14 09:00:00,50625000.0,53380000.0,50403000.0,52706000.0,1613347200099,593644181692.7349,11364.08401913,50640000.0,2066000.0,0.0407977883
KRW-BTC,2021-02-15,2021-02-15 09:00:00,52711000.0,53086000.0,50313000.0,52532000.0,1613433600133,455752925782.6853,8789.30693061,52706000.0,-174000.0,-0.0033013319
KRW-BTC,2021-02-16,2021-02-16 09:00:00,52518000.0,55500000.0,51773000.0,54760000.0,1613519999426,638508875693.8157,11825.60488227,52532000.0,2228000.0,0.042412244
KRW-BTC,2021-02-17,2021-02-17 09:00:00,54760000.0,58120000.0,54431000.0,57484000.0,1613606400167,651597859684.1505,11559.3277709,54760000.0,2724000.0,0.0497443389
KRW-BTC,2021-02-18,2021-02-18 09:00:00,57458000.0,58426000.0,56405000.0,57852000.0,1613692799753,522910045578.9327,9072.44556036,57484000.0,368000.0,0.0064017814
KRW-BTC,2021-02-19,2021-02-19 09:00:00,57852000.0,63680000.0,57038000.0,63649000.0,1613779199991,746564403828.4509,12496.05048257,57852000.0,5797000.0,0.1002039687
KRW-BTC,2021-02-20,2021-02-20 09:00:00,63649000.0,65985000.0,62399000.0,64251000.0,1613865599815,1054772072828.4443,16375.10552345,63649000.0,602000.0,0.0094581219
KRW-BTC,2021-02-21,2021-02-21 09:00:00,64260000.0,65846000.0,63381000.0,65417000.0,1613952000194,583973649413.1989,9000.18989441,64251000.0,1166000.0,0.0181475775
KRW-BTC,2021-02-22,2021-02-22 09:00:00,65416000.0,65488000.0,56562000.0,61744000.0,1614038400189,1741571505118.145,28418.51482526,65417000.0,-3673000.0,-0.0561474846
KRW-BTC,2021-02-23,2021-02-23 09:00:00,61688000.0,61760000.0,50900000.0,55105000.0,1614124800043,1977283341843.513,36042.688609,61744000.0,-6639000.0,-0.1075246178
KRW-BTC,2021-02-24,2021-02-24 09:00:00,55106000.0,58150000.0,52875000.0,56500000.0,1614211200589,1068405693746.8777,19006.41112523,55105000.0,1395000.0,0.0253153071
KRW-BTC,2021-02-25,2021-02-25 09:00:00,56501000.0,58890000.0,53800000.0,54168000.0,1614297600184,904483830986.3303,15921.35058705,56500000.0,-2332000.0,-0.0412743363
KRW-BTC,2021-02-26,2021-02-26 09:00:00,54128000.0,55226000.0,51809000.0,53804000.0,1614384000043,714875044792.8104,13302.34742969,54168000.0,-364000.0,-0.0067198346
KRW-BTC,2021-02-27,2021-02-27 09:00:00,53835000.0,55579000.0,52780000.0,53494000.0,1614470400027,401670920788.6792,7402.62844823,53804000.0,-310000.0,-0.0057616534
KRW-BTC,2021-02-28,2021-02-28 09:00:00,53494000.0,54098000.0,49755000.0,51798000.0,1614556800388,595382249258.3556,11516.37106968,53494000.0,-1696000.0,-0.0317044902
KRW-BTC,2021-03-01,2021-03-01 09:00:00,51798000.0,56992000.0,51560000.0,56426000.0,1614643199455,611898215824.3323,11303.17672368,51798000.0,4628000.0,0.089347079
KRW-BTC,2021-03-02,2021-03-02 09:00:00,56438000.0,57405000.0,54657000.0,56000000.0,1614729600152,517511439687.4315,9266.67821695,56426000.0,-426000.0,-0.0075497111
KRW-BTC,2021-03-03,2021-03-03 09:00:00,56007000.0,59640000.0,55662000.0,57933000.0,1614816000172,620693341600.4905,10755.94573144,56000000.0,1933000.0,0.0345178571
KRW-BTC,2021-03-04,2021-03-04 09:00:00,57933000.0,59159000.0,55600000.0,56426000.0,1614902400329,675976078490.5261,11821.02543883,57933000.0,-1507000.0,-0.0260128079
KRW-BTC,2021-03-05,2021-03-05 09:00:00,56410000.0,57225000.0,54500000.0,56654000.0,1614988799635,463636943894.4126,8355.34731928,56426000.0,228000.0,0.0040406905
KRW-BTC,2021-03-06,2021-03-06 09:00:00,56636000.0,57000000.0,54754000.0,56225000.0,1615075200265,313545205261.5337,5608.84388997,56654000.0,-429000.0,-0.0075722809
KRW-BTC,2021-03-07,2021-03-07 09:00:00,56225000.0,58722000.0,56218000.0,58155000.0,1615161600143,412272713396.774,7153.68431896,56225000.0,1930000.0,0.0343263673
KRW-BTC,2021-03-08,2021-03-08 09:00:00,58155000.0,59837000.0,57187000.0,59821000.0,1615247999599,468702946505.3823,8033.07628692,58155000.0,1666000.0,0.0286475797
KRW-BTC,2021-03-09,2021-03-09 09:00:00,59800000.0,62950000.0,59335000.0,62949000.0,1615334399895,588956891401.3066,9564.08801541,59821000.0,3128000.0,0.0522893298
KRW-BTC,2021-03-10,2021-03-10 09:00:00,62950000.0,65500000.0,60870000.0,64350000.0,1615420799850,745407761445.2146,11752.57016641,62949000.0,1401000.0,0.0222561121
KRW-BTC,2021-03-11,2021-03-11 09:00:00,64354000.0,66800000.0,62946000.0,66208000.0,1615507200245,666448962170.9562,10294.73535161,64350000.0,1858000.0,0.0288733489
KRW-BTC,2021-03-12,2021-03-12 09:00:00,66208000.0,66999000.0,64700000.0,66607000.0,1615593599420,594110807446.5757,9023.99736202,66208000.0,399000.0,0.0060264621
KRW-BTC,2021-03-13,2021-03-13 09:00:00,66607000.0,71000000.0,65416000.0,70615000.0,1615680000084,761624654743.5193,11160.19223624,66607000.0,4008000.0,0.0601738556
KRW-BTC,2021-03-14,2021-03-14 09:00:00,70615000.0,71450000.0,68570000.0,68587000.0,1615766400358,504592749495.43555,7208.31928034,70615000.0,-2028000.0,-0.0287191107
KRW-BTC,2021-03-15,2021-03-15 09:00:00,68587000.0,70155000.0,63500000.0,64487000.0,1615852800500,1237649402414.0312,18721.85915843,68587000.0,-4100000.0,-0.0597780921
KRW-BTC,2021-03-16,2021-03-16 09:00:00,64490000.0,66020000.0,62000000.0,66020000.0,1615939200253,864983298369.8112,13522.70847173,64487000.0,1533000.0,0.0237722332
KRW-BTC,2021-03-17,2021-03-17 09:00:00,66020000.0,68800000.0,62500000.0,68494000.0,1616025600120,931960698119.3486,14319.54868263,66020000.0,2474000.0,0.0374734929
KRW-BTC,2021-03-18,2021-03-18 09:00:00,68494000.0,70204000.0,66846000.0,67139000.0,1616111999933,779786032387.5685,11432.45517689,68494000.0,-1355000.0,-0.0197827547
KRW-BTC,2021-03-19,2021-03-19 09:00:00,67139000.0,69746000.0,65567000.0,67974000.0,1616198400195,590367276903.1332,8681.15691734,67139000.0,835000.0,0.0124368847
KRW-BTC,2021-03-20,2021-03-20 09:00:00,67911000.0,69980000.0,67700000.0,67849000.0,1616284800245,552550569261.2806,8023.60837109,67974000.0,-125000.0,-0.0018389384
KRW-BTC,2021-03-21,2021-03-21 09:00:00,67849000.0,68715000.0,65451000.0,67120000.0,1616371199872,542453816471.21484,8097.42887785,67849000.0,-729000.0,-0.0107444472
KRW-BTC,2021-03-22,2021-03-22 09:00:00,67064000.0,68380000.0,64345000.0,64725000.0,1616457600251,559156264269.7894,8366.41055146,67120000.0,-2395000.0,-0.03568236
KRW-BTC,2021-03-23,2021-03-23 09:00:00,64728000.0,66279000.0,63000000.0,65458000.0,1616544000160,646925848575.1053,9961.04059631,64725000.0,733000.0,0.0113248358
KRW-BTC,2021-03-24,2021-03-24 09:00:00,65458000.0,68370000.0,64500000.0,64777000.0,1616630400109,755344723795.7848,11366.40452396,65458000.0,-681000.0,-0.0104036176
KRW-BTC,2021-03-25,2021-03-25 09:00:00,64777000.0,65305000.0,62500000.0,63328000.0,1616716800179,668715530158.5852,10463.20781465,64777000.0,-1449000.0,-0.0223690507
KRW-BTC,2021-03-26,2021-03-26 09:00:00,63334000.0,65723000.0,63265000.0,65675000.0,1616803200070,521090274255.3525,8081.6698713,63328000.0,2347000.0,0.0370610157
KRW-BTC,2021-03-27,2021-03-27 09:00:00,65660000.0,67304000.0,65111000.0,66591000.0,1616889600381,393443346043.08246,5963.9246348,65675000.0,916000.0,0.0139474686
KRW-BTC,2021-03-28,2021-03-28 09:00:00,66648000.0,67500000.0,66238000.0,67133000.0,1616976000331,311223027254.6034,4650.42503973,66591000.0,542000.0,0.008139238
KRW-BTC,2021-03-29,2021-03-29 09:00:00,67133000.0,69435000.0,66500000.0,68701000.0,1617062399630,549369958802.0707,8060.78382844,67133000.0,1568000.0,0.0233566204
KRW-BTC,2021-03-30,2021-03-30 09:00:00,68693000.0,70979000.0,68500000.0,70800000.0,1617148800073,538935952810.0456,7699.70796273,68701000.0,2099000.0,0.0305526848
KRW-BTC,2021-03-31,2021-03-31 09:00:00,70800000.0,72000000.0,69194000.0,71513000.0,1617235200416,696661673610.4032,9836.87568844,70800000.0,713000.0,0.0100706215
KRW-BTC,2021-04-01,2021-04-01 09:00:00,71480000.0,73325000.0,71032000.0,72749000.0,1617321600246,663054408604.5876,9170.38195837,71513000.0,1236000.0,0.0172835708
KRW-BTC,2021-04-02,2021-04-02 09:00:00,72749000.0,74400000.0,71841000.0,73855000.0,1617408000101,641390934277.5391,8712.29408175,72749000.0,1106000.0,0.0152029581
KRW-BTC,2021-04-03,2021-04-03 09:00:00,73934000.0,75703000.0,71783000.0,72187000.0,1617494400180,689271747852.9937,9274.31810933,73855000.0,-1668000.0,-0.0225847945
KRW-BTC,2021-04-04,2021-04-04 09:00:00,72187000.0,74240000.0,71570000.0,73974000.0,1617580799782,482192015991.4917,6583.4382034,72187000.0,1787000.0,0.0247551498
KRW-BTC,2021-04-05,2021-04-05 09:00:00,73908000.0,78780000.0,73890000.0,78770000.0,1617667200190,1019472232792.4523,13425.68167755,73974000.0,4796000.0,0.0648335902
KRW-BTC,2021-04-06,2021-04-06 09:00:00,78770000.0,79500000.0,76210000.0,77944000.0,1617753600139,844274109848.908,10824.67205698,78770000.0,-826000.0,-0.0104862257
KRW-BTC,2021-04-07,2021-04-07 09:00:00,77919000.0,79422000.0,68500000.0,72850000.0,1617840000254,1416206002268.3818,19134.03657346,77944000.0,-5094000.0,-0.0653546136
KRW-BTC,2021-04-08,2021-04-08 09:00:00,72850000.0,75325000.0,70432000.0,75316000.0,1617926400105,664197613928.4746,9100.78753643,72850000.0,2466000.0,0.0338503775
KRW-BTC,2021-04-09,2021-04-09 09:00:00,75315000.0,76435000.0,73369000.0,76066000.0,1618012799912,687900622194.2562,9146.07028224,75316000.0,750000.0,0.0099580434
KRW-BTC,2021-04-10,2021-04-10 09:00:00,76072000.0,79600000.0,75643000.0,78530000.0,1618099200241,721810506821.3654,9218.16259215,76066000.0,2464000.0,0.0323929219
KRW-BTC,2021-04-11,2021-04-11 09:00:00,78531000.0,79389000.0,76500000.0,78743000.0,1618185600267,574860463432.6642,7344.85268323,78530000.0,213000.0,0.0027123392
KRW-BTC,2021-04-12,2021-04-12 09:00:00,78835000.0,79006000.0,77500000.0,78178000.0,1618272000095,494437344223.4092,6311.01494764,78743000.0,-565000.0,-0.007175241
KRW-BTC,2021-04-13,2021-04-13 09:00:00,78178000.0,81987000.0,78000000.0,80736000.0,1618358400102,895503939739.843,11167.52534366,78178000.0,2558000.0,0.0327202026
KRW-BTC,2021-04-14,2021-04-14 09:00:00,80736000.0,81994000.0,79500000.0,80401000.0,1618444799745,863552647119.8365,10657.91834295,80736000.0,-335000.0,-0.0041493262
KRW-BTC,2021-04-15,2021-04-15 09:00:00,80401000.0,80798000.0,78576000.0,79670000.0,1618531200079,585331712495.1007,7368.13856612,80401000.0,-731000.0,-0.0090919267
KRW-BTC,2021-04-16,2021-04-16 09:00:00,79670000.0,81200000.0,77530000.0,79351000.0,1618617599986,797161458861.951,10053.30952396,79670000.0,-319000.0,-0.0040040166
KRW-BTC,2021-04-17,2021-04-17 09:00:00,79322000.0,79950000.0,77500000.0,77905000.0,1618703999716,502212590371.08325,6395.62622905,79351000.0,-1446000.0,-0.0182228327
KRW-BTC,2021-04-18,2021-04-18 09:00:00,77909000.0,78365000.0,70924000.0,75643000.0,1618790400580,1194869098599.075,16046.04765964,77905000.0,-2262000.0,-0.0290353636
KRW-BTC,2021-04-19,2021-04-19 09:00:00,75692000.0,76829000.0,70780000.0,71456000.0,1618876800181,872092007452.5381,11873.87050755,75643000.0,-4187000.0,-0.0553521145
KRW-BTC,2021-04-20,2021-04-20 09:00:00,71448000.0,72077000.0,66001000.0,70402000.0,1618963200434,1086831484455.7179,15744.7357605,71456000.0,-1054000.0,-0.0147503359
KRW-BTC,2021-04-21,2021-04-21 09:00:00,70400000.0,71490000.0,67601000.0,68198000.0,1619049599330,594846550503.2,8571.53433839,70402000.0,-2204000.0,-0.0313059288
KRW-BTC,2021-04-22,2021-04-22 09:00:00,68193000.0,69000000.0,59111000.0,59962000.0,1619136000563,1334058457400.9302,20651.79027598,68198000.0,-8236000.0,-0.1207660049
KRW-BTC,2021-04-23,2021-04-23 09:00:00,59950000.0,61900000.0,54964000.0,60900000.0,1619222400222,1272480601805.9895,21936.27526798,59962000.0,938000.0,0.0156432407
KRW-BTC,2021-04-24,2021-04-24 09:00:00,60901000.0,62519000.0,58500000.0,60853000.0,1619308800087,550328937893.7369,9176.44810744,60900000.0,-47000.0,-0.000771757
KRW-BTC,2021-04-25,2021-04-25 09:00:00,60853000.0,62050000.0,57327000.0,59859000.0,1619395200199,530491425858.0994,8791.28712271,60853000.0,-994000.0,-0.0163344453
KRW-BTC,2021-04-26,2021-04-26 09:00:00,59850000.0,64300000.0,59075000.0,64198000.0,1619481600404,639281238505.2628,10198.12024134,59859000.0,4339000.0,0.0724870111
KRW-BTC,2021-04-27,2021-04-27 09:00:00,64198000.0,65000000.0,63375000.0,64767000.0,1619567999946,514080643019.6775,8003.35594526,64198000.0,569000.0,0.0088632045
KRW-BTC,2021-04-28,2021-04-28 09:00:00,64759000.0,65899000.0,62608000.0,64100000.0,1619654400362,531483203577.5495,8304.37721754,64767000.0,-667000.0,-0.0102984545
KRW-BTC,2021-04-29,2021-04-29 09:00:00,64060000.0,64900000.0,63000000.0,63814000.0,1619740800409,591412571144.7734,9270.47473273,64100000.0,-286000.0,-0.0044617785
KRW-BTC,2021-04-30,2021-04-30 09:00:00,63816000.0,68540000.0,63500000.0,67939000.0,1619827200332,1197640896050.342,18322.27981277,63814000.0,4125000.0,0.0646409879
KRW-BTC,2021-05-01,2021-05-01 09:00:00,67956000.0,69386000.0,67557000.0,69049000.0,1619913601081,678036571369.5531,9860.60752162,67939000.0,1110000.0,0.0163381857
KRW-BTC,2021-05-02,2021-05-02 09:00:00,69041000.0,69297000.0,66803000.0,68452000.0,1620000000267,543840573039.7181,7970.05903976,69049000.0,-597000.0,-0.008646034
KRW-BTC,2021-05-03,2021-05-03 09:00:00,68452000.0,70999000.0,68281000.0,69996000.0,1620086400277,658850341681.7671,9426.09845223,68452000.0,1544000.0,0.0225559516
KRW-BTC,2021-05-04,2021-05-04 09:00:00,69996000.0,70490000.0,66500000.0,66829000.0,1620172800431,868911421472.1168,12631.58490146,69996000.0,-3167000.0,-0.0452454426
KRW-BTC,2021-05-05,2021-05-05 09:00:00,66828000.0,70007000.0,66500000.0,68679000.0,1620259200003,804024775720.5424,11726.63421242,66829000.0,1850000.0,0.0276825929
KRW-BTC,2021-05-06,2021-05-06 09:00:00,68700000.0,70853000.0,67899000.0,68767000.0,1620345600858,904068945799.3906,13078.41996809,68679000.0,88000.0,0.0012813233
KRW-BTC,2021-05-07,2021-05-07 09:00:00,68760000.0,69729000.0,66900000.0,68563000.0,1620432000129,819830312855.9326,12047.6815528,68767000.0,-204000.0,-0.0029665392
KRW-BTC,2021-05-08,2021-05-08 09:00:00,68564000.0,71879000.0,67610000.0,71740000.0,1620518400434,881406410488.2178,12558.43062882,68563000.0,3177000.0,0.0463369456
KRW-BTC,2021-05-09,2021-05-09 09:00:00,71728000.0,73129000.0,70147000.0,71505000.0,1620604800347,843543861353.1299,11786.59649177,71740000.0,-235000.0,-0.0032757179
KRW-BTC,2021-05-10,2021-05-10 09:00:00,71506000.0,72460000.0,70175000.0,70902000.0,1620691200652,937362461910.9203,13096.22237631,71505000.0,-603000.0,-0.0084329767
KRW-BTC,2021-05-11,2021-05-11 09:00:00,70902000.0,71750000.0,67597000.0,69741000.0,1620777600322,827117926967.4032,11913.28320208,70902000.0,-1161000.0,-0.0163747144
KRW-BTC,2021-05-12,2021-05-12 09:00:00,69714000.0,70499000.0,60854000.0,62257000.0,1620864001018,1505870407356.399,22173.21879,69741000.0,-7484000.0,-0.1073113377
KRW-BTC,2021-05-13,2021-05-13 09:00:00,62380000.0,65472000.0,60200000.0,63069000.0,1620950400515,1422951884853.1233,22547.5357541,62257000.0,812000.0,0.0130427101
KRW-BTC,2021-05-14,2021-05-14 09:00:00,63080000.0,63656000.0,61001000.0,61797000.0,1621036800336,821862466125.797,13221.57503799,63069000.0,-1272000.0,-0.020168387
KRW-BTC,2021-05-15,2021-05-15 09:00:00,61795000.0,62118000.0,57900000.0,58807000.0,1621123200565,1059012110721.2826,17508.20716437,61797000.0,-2990000.0,-0.0483842258
KRW-BTC,2021-05-16,2021-05-16 09:00:00,58814000.0,60721000.0,55500000.0,57649000.0,1621209600011,967020553997.1249,16552.64330014,58807000.0,-1158000.0,-0.0196915333
KRW-BTC,2021-05-17,2021-05-17 09:00:00,57655000.0,58000000.0,51381000.0,54057000.0,1621295999844,1490995015415.6033,27456.42210679,57649000.0,-3592000.0,-0.062308106
KRW-BTC,2021-05-18,2021-05-18 09:00:00,54057000.0,56366000.0,53001000.0,53419000.0,1621382401417,824428496120.5553,15075.12157223,54057000.0,-638000.0,-0.0118023568
KRW-BTC,2021-05-19,2021-05-19 09:00:00,53404000.0,53992000.0,42595000.0,50379000.0,1621468800429,1999142167043.8147,40112.86111135,53419000.0,-3040000.0,-0.0569085906
KRW-BTC,2021-05-20,2021-05-20 09:00:00,50477000.0,53070000.0,48328000.0,51320000.0,1621555200373,1086531552690.5686,21350.8166367,50379000.0,941000.0,0.0186784176
KRW-BTC,2021-05-21,2021-05-21 09:00:00,51318000.0,52726000.0,45701000.0,49112000.0,1621641600002,1096343126565.4725,22198.61379209,51320000.0,-2208000.0,-0.0430241621
KRW-BTC,2021-05-22,2021-05-22 09:00:00,49080000.0,49260000.0,43957000.0,47460000.0,1621727999456,776466334420.9885,16597.85063127,49112000.0,-1652000.0,-0.0336374002
KRW-BTC,2021-05-23,2021-05-23 09:00:00,47444000.0,48592000.0,39331000.0,42585000.0,1621814400343,1183273079066.374,27384.56412739,47460000.0,-4875000.0,-0.1027180784
KRW-BTC,2021-05-24,2021-05-24 09:00:00,42585000.0,47452000.0,41253000.0,46963000.0,1621900800378,997947887508.5018,22353.30949228,42585000.0,4378000.0,0.1028061524
KRW-BTC,2021-05-25,2021-05-25 09:00:00,46932000.0,49113000.0,45197000.0,47047000.0,1621987200233,719724304376.1548,15379.79580919,46963000.0,84000.0,0.0017886421
KRW-BTC,2021-05-26,2021-05-26 09:00:00,47067000.0,49081000.0,46265000.0,47325000.0,1622073600243,542898496923.52856,11383.21756444,47047000.0,278000.0,0.0059089846
KRW-BTC,2021-05-27,2021-05-27 09:00:00,47324000.0,48120000.0,45423000.0,46563000.0,1622160000129,485327245758.55164,10358.12372991,47325000.0,-762000.0,-0.0161014263
KRW-BTC,2021-05-28,2021-05-28 09:00:00,46568000.0,47069000.0,43009000.0,43723000.0,1622246399868,653789886693.8527,14678.13363228,46563000.0,-2840000.0,-0.0609926336
KRW-BTC,2021-05-29,2021-05-29 09:00:00,43723000.0,44812000.0,41405000.0,42688000.0,1622332799822,455335455609.8606,10628.41267526,43723000.0,-1035000.0,-0.0236717517
KRW-BTC,2021-05-30,2021-05-30 09:00:00,42688000.0,43827000.0,40580000.0,43177000.0,1622419200089,390380846749.335,9194.80791712,42688000.0,489000.0,0.0114552099
KRW-BTC,2021-05-31,2021-05-31 09:00:00,43177000.0,44235000.0,41304000.0,43761000.0,1622505600201,433619356290.74396,10111.06622016,43177000.0,584000.0,0.0135257197
KRW-BTC,2021-06-01,2021-06-01 09:00:00,43761000.0,44550000.0,42515000.0,43200000.0,1622591999484,394830519477.33984,9081.15492851,43761000.0,-561000.0,-0.0128196339
KRW-BTC,2021-06-02,2021-06-02 09:00:00,43207000.0,44341000.0,42550000.0,43732000.0,1622678399959,321717797672.648,7405.76064222,43200000.0,532000.0,0.0123148148
KRW-BTC,2021-06-03,2021-06-03 09:00:00,43744000.0,45692000.0,43439000.0,45431000.0,1622764799801,393358009291.04706,8776.66953211,43732000.0,1699000.0,0.0388502698
KRW-BTC,2021-06-04,2021-06-04 09:00:00,45429000.0,45500000.0,42210000.0,42938000.0,1622851199884,423885446287.57837,9703.70957015,45431000.0,-2493000.0,-0.054874425
KRW-BTC,2021-06-05,2021-06-05 09:00:00,42938000.0,43766000.0,41468000.0,41943000.0,1622937599157,293546032639.7488,6891.39874143,42938000.0,-995000.0,-0.023172947
KRW-BTC,2021-06-06,2021-06-06 09:00:00,41942000.0,42455000.0,41445000.0,41780000.0,1623023999980,200516487181.42853,4781.23144314,41943000.0,-163000.0,-0.0038862265
KRW-BTC,2021-06-07,2021-06-07 09:00:00,41780000.0,42458000.0,38916000.0,39064000.0,1623110400220,351349641054.2827,8580.17805342,41780000.0,-2716000.0,-0.0650071805
KRW-BTC,2021-06-08,2021-06-08 09:00:00,39065000.0,39642000.0,36364000.0,38494000.0,1623196799477,476604724981.6908,12529.11360518,39064000.0,-570000.0,-0.0145914397
KRW-BTC,2021-06-09,2021-06-09 09:00:00,38495000.0,43610000.0,37200000.0,43278000.0,1623283200060,724591188555.2808,17850.79538956,38494000.0,4784000.0,0.1242791084
KRW-BTC,2021-06-10,2021-06-10 09:00:00,43282000.0,44620000.0,41810000.0,42836000.0,1623369599274,698112613625.4917,16175.75407976,43278000.0,-442000.0,-0.0102130413
KRW-BTC,2021-06-11,2021-06-11 09:00:00,42836000.0,43805000.0,42060000.0,43698000.0,1623456000080,703961074389.3296,16348.37533943,42836000.0,862000.0,0.0201232608
KRW-BTC,2021-06-12,2021-06-12 09:00:00,43698000.0,44088000.0,40640000.0,41430000.0,1623542399769,659035780813.1942,15751.47878703,43698000.0,-2268000.0,-0.0519016889
KRW-BTC,2021-06-13,2021-06-13 09:00:00,41430000.0,45116000.0,40543000.0,44746000.0,1623628800144,531122435073.5828,12435.4854908,41430000.0,3316000.0,0.0800386194
KRW-BTC,2021-06-14,2021-06-14 09:00:00,44746000.0,47401000.0,44400000.0,46501000.0,1623715199463,868311615872.6334,18922.82336997,44746000.0,1755000.0,0.0392213829
KRW-BTC,2021-06-15,2021-06-15 09:00:00,46511000.0,47500000.0,45483000.0,46389000.0,1623801599059,489978887151.35284,10580.65997587,46501000.0,-112000.0,-0.0024085504
KRW-BTC,2021-06-16,2021-06-16 09:00:00,46409000.0,46543000.0,44887000.0,45295000.0,1623888000130,492179952272.6588,10781.5432318,46389000.0,-1094000.0,-0.023583177
KRW-BTC,2021-06-17,2021-06-17 09:00:00,45306000.0,46048000.0,44390000.0,44854000.0,1623974399790,485762760742.5949,10707.19704008,45295000.0,-441000.0,-0.009736174
KRW-BTC,2021-06-18,2021-06-18 09:00:00,44823000.0,44945000.0,42191000.0,42599000.0,1624060800166,663473218674.1248,15162.18446155,44854000.0,-2255000.0,-0.050274223
KRW-BTC,2021-06-19,2021-06-19 09:00:00,42588000.0,43000000.0,41364000.0,42088000.0,1624147199514,396532888799.2468,9403.80354635,42599000.0,-511000.0,-0.0119955868
KRW-BTC,2021-06-20,2021-06-20 09:00:00,42088000.0,42443000.0,39785000.0,41842000.0,1624233600173,542727572730.78064,13184.49590156,42088000.0,-246000.0,-0.0058448964
KRW-BTC,2021-06-21,2021-06-21 09:00:00,41843000.0,42048000.0,36802000.0,37393000.0,1624320000181,900832746987.2739,23102.5613381,41842000.0,-4449000.0,-0.1063285694
KRW-BTC,2021-06-22,2021-06-22 09:00:00,37397000.0,39068000.0,33900000.0,37784000.0,1624406400134,1100785783862.6877,29986.86958363,37393000.0,391000.0,0.0104565026
KRW-BTC,2021-06-23,2021-06-23 09:00:00,37784000.0,40099000.0,36726000.0,39077000.0,1624492799746,690395108283.8069,17696.3951684,37784000.0,1293000.0,0.0342208342
KRW-BTC,2021-06-24,2021-06-24 09:00:00,39077000.0,40705000.0,37770000.0,40098000.0,1624579200003,460328834123.54083,11788.00643035,39077000.0,1021000.0,0.0261279013
KRW-BTC,2021-06-25,2021-06-25 09:00:00,40100000.0,40956000.0,36901000.0,37152000.0,1624665599820,565595835274.6146,14567.87636139,40098000.0,-2946000.0,-0.0734699985
KRW-BTC,2021-06-26,2021-06-26 09:00:00,37152000.0,37999000.0,35522000.0,37629000.0,1624752000059,487595538776.1035,13300.23645376,37152000.0,477000.0,0.0128391473
KRW-BTC,2021-06-27,2021-06-27 09:00:00,37617000.0,40000000.0,37253000.0,39985000.0,1624838400076,477496599478.453,12422.20134974,37629000.0,2356000.0,0.0626112839
KRW-BTC,2021-06-28,2021-06-28 09:00:00,39985000.0,40570000.0,39188000.0,39959000.0,1624924800209,507423356322.17267,12722.91550336,39985000.0,-26000.0,-0.0006502438
KRW-BTC,2021-06-29,2021-06-29 09:00:00,39971000.0,42180000.0,39810000.0,41528000.0,1625011200240,540488614539.7225,13195.49436844,39959000.0,1569000.0,0.0392652469
KRW-BTC,2021-06-30,2021-06-30 09:00:00,41528000.0,41833000.0,40010000.0,40674000.0,1625097598678,374038855427.6796,9199.17468909,41528000.0,-854000.0,-0.0205644385
KRW-BTC,2021-07-01,2021-07-01 09:00:00,40663000.0,40683000.0,38668000.0,39320000.0,1625184000173,360194809356.23663,9130.32512048,40674000.0,-1354000.0,-0.033289079
KRW-BTC,2021-07-02,2021-07-02 09:00:00,39320000.0,39834000.0,38288000.0,39442000.0,1625270399505,250379065205.81564,6427.36915506,39320000.0,122000.0,0.0031027467
KRW-BTC,2021-07-03,2021-07-03 09:00:00,39440000.0,40578000.0,38951000.0,40299000.0,1625356799704,196728282036.98206,4933.22955397,39442000.0,857000.0,0.0217281071
KRW-BTC,2021-07-04,2021-07-04 09:00:00,40299000.0,41643000.0,40088000.0,40948000.0,1625443200073,204137532775.4473,4981.52353166,40299000.0,649000.0,0.016104618
KRW-BTC,2021-07-05,2021-07-05 09:00:00,40915000.0,40948000.0,38957000.0,39506000.0,1625529599706,345601003050.7225,8680.72316484,40948000.0,-1442000.0,-0.0352153951
KRW-BTC,2021-07-06,2021-07-06 09:00:00,39509000.0,40650000.0,39340000.0,39814000.0,1625616000103,250893123484.22366,6292.90393266,39506000.0,308000.0,0.0077962841
KRW-BTC,2021-07-07,2021-07-07 09:00:00,39814000.0,40727000.0,39637000.0,39743000.0,1625702399625,231746067905.13364,5761.28681997,39814000.0,-71000.0,-0.0017832923
KRW-BTC,2021-07-08,2021-07-08 09:00:00,39743000.0,39953000.0,38200000.0,39082000.0,1625788800075,318404853880.8934,8178.52667179,39743000.0,-661000.0,-0.0166318597
KRW-BTC,2021-07-09,2021-07-09 09:00:00,39069000.0,40070000.0,38123000.0,39820000.0,1625875200029,240777153564.4225,6163.10273495,39082000.0,738000.0,0.0188833734
KRW-BTC,2021-07-10,2021-07-10 09:00:00,39801000.0,40302000.0,39124000.0,39626000.0,1625961598609,165740052954.24866,4161.71919637,39820000.0,-194000.0,-0.0048719237
KRW-BTC,2021-07-11,2021-07-11 09:00:00,39633000.0,40580000.0,39250000.0,40194000.0,1626048000220,155055694807.25595,3892.50336161,39626000.0,568000.0,0.0143340231
KRW-BTC,2021-07-12,2021-07-12 09:00:00,40194000.0,40570000.0,38850000.0,39193000.0,1626134399295,213052051083.5768,5361.07767221,40194000.0,-1001000.0,-0.0249042146
KRW-BTC,2021-07-13,2021-07-13 09:00:00,39177000.0,39363000.0,38297000.0,38713000.0,1626220800105,178535501090.68716,4602.44957727,39193000.0,-480000.0,-0.0122470849
KRW-BTC,2021-07-14,2021-07-14 09:00:00,38741000.0,38975000.0,37600000.0,38592000.0,1626307199933,249612588010.58618,6508.67678169,38713000.0,-121000.0,-0.0031255651
KRW-BTC,2021-07-15,2021-07-15 09:00:00,38590000.0,39045000.0,37088000.0,37606000.0,1626393600101,280398778393.4886,7363.60708143,38592000.0,-986000.0,-0.0255493367
KRW-BTC,2021-07-16,2021-07-16 09:00:00,37606000.0,38053000.0,36750000.0,37199000.0,1626480000106,213113548297.35504,5695.87391285,37606000.0,-407000.0,-0.0108227411
KRW-BTC,2021-07-17,2021-07-17 09:00:00,37199000.0,37800000.0,36824000.0,37205000.0,1626566399887,131612696296.66388,3533.68515996,37199000.0,6000.0,0.0001612947
KRW-BTC,2021-07-18,2021-07-18 09:00:00,37205000.0,38172000.0,37000000.0,37663000.0,1626652800059,138465617249.63922,3688.50914112,37205000.0,458000.0,0.0123101734
KRW-BTC,2021-07-19,2021-07-19 09:00:00,37663000.0,37704000.0,36500000.0,36799000.0,1626739198441,155861957828.68225,4208.48795672,37663000.0,-864000.0,-0.0229402862
KRW-BTC,2021-07-20,2021-07-20 09:00:00,36799000.0,36937000.0,34820000.0,35305000.0,1626825600092,248406330735.08133,6998.98495576,36799000.0,-1494000.0,-0.0405989293
KRW-BTC,2021-07-21,2021-07-21 09:00:00,35339000.0,38374000.0,35000000.0,38013000.0,1626911999627,253633310553.2038,6880.93687268,35305000.0,2708000.0,0.0767030166
KRW-BTC,2021-07-22,2021-07-22 09:00:00,38012000.0,38470000.0,37428000.0,37925000.0,1626998399495,159613929614.47318,4209.60291091,38013000.0,-88000.0,-0.0023149975
KRW-BTC,2021-07-23,2021-07-23 09:00:00,37922000.0,39113000.0,37790000.0,39108000.0,1627084800680,176644365075.1862,4624.03229131,37925000.0,1183000.0,0.0311931444
KRW-BTC,2021-07-24,2021-07-24 09:00:00,39113000.0,40240000.0,38919000.0,40112000.0,1627171200225,196353164978.12585,4969.11794139,39108000.0,1004000.0,0.0256724967
KRW-BTC,2021-07-25,2021-07-25 09:00:00,40076000.0,41110000.0,39547000.0,41070000.0,1627257600206,190643539619.3983,4748.42546082,40112000.0,958000.0,0.0238831272
KRW-BTC,2021-07-26,2021-07-26 09:00:00,41054000.0,46800000.0,40864000.0,43001000.0,1627343999769,803409465489.3989,18124.95452103,41070000.0,1931000.0,0.0470172876
KRW-BTC,2021-07-27,2021-07-27 09:00:00,43021000.0,45506000.0,42050000.0,45409000.0,1627430399997,467385408621.45624,10710.88094497,43001000.0,2408000.0,0.0559986977
KRW-BTC,2021-07-28,2021-07-28 09:00:00,45447000.0,47494000.0,45000000.0,46350000.0,1627516800108,547717509631.0625,11869.72271998,45409000.0,941000.0,0.0207227642
KRW-BTC,2021-07-29,2021-07-29 09:00:00,46350000.0,46996000.0,45529000.0,45907000.0,1627603199815,272164212254.33475,5904.86424006,46350000.0,-443000.0,-0.0095577131
KRW-BTC,2021-07-30,2021-07-30 09:00:00,45936000.0,48661000.0,44450000.0,48555000.0,1627689599802,426284796838.65125,9277.56945527,45907000.0,2648000.0,0.057681835
KRW-BTC,2021-07-31,2021-07-31 09:00:00,48570000.0,48768000.0,47650000.0,47979000.0,1627776000096,248552503038.62796,5158.44167442,48555000.0,-576000.0,-0.011862836
KRW-BTC,2021-08-01,2021-08-01 09:00:00,47979000.0,49471000.0,46003000.0,46274000.0,1627862400096,325989173859.44476,6806.08556397,47979000.0,-1705000.0,-0.0355363805
KRW-BTC,2021-08-02,2021-08-02 09:00:00,46263000.0,46788000.0,45150000.0,45451000.0,1627948800071,327175849671.0313,7121.32542712,46274000.0,-823000.0,-0.0177853654
KRW-BTC,2021-08-03,2021-08-03 09:00:00,45451000.0,46150000.0,44440000.0,44969000.0,1628035199225,335516584182.57196,7445.82457713,45451000.0,-482000.0,-0.0106048272
KRW-BTC,2021-08-04,2021-08-04 09:00:00,44950000.0,46038000.0,44000000.0,45718000.0,1628121599131,291363934837.11224,6481.94468452,44969000.0,749000.0,0.0166559185
KRW-BTC,2021-08-05,2021-08-05 09:00:00,45718000.0,47650000.0,43841000.0,47139000.0,1628207999859,473390293840.28876,10399.67917867,45718000.0,1421000.0,0.0310818496
KRW-BTC,2021-08-06,2021-08-06 09:00:00,47099000.0,49898000.0,46250000.0,49349000.0,1628294400132,453840993289.6811,9456.96848632,47139000.0,2210000.0,0.0468826237
KRW-BTC,2021-08-07,2021-08-07 09:00:00,49342000.0,51300000.0,49000000.0,50956000.0,1628380800052,550505738787.5818,10988.79383695,49349000.0,1607000.0,0.0325639831
KRW-BTC,2021-08-08,2021-08-08 09:00:00,50956000.0,51731000.0,50110000.0,50799000.0,1628467200133,456213636723.8092,8950.68143253,50956000.0,-157000.0,-0.0030810896
KRW-BTC,2021-08-09,2021-08-09 09:00:00,50790000.0,53077000.0,49585000.0,52846000.0,1628553599491,545486912751.485,10539.78165913,50799000.0,2047000.0,0.0402960688
KRW-BTC,2021-08-10,2021-08-10 09:00:00,52862000.0,53491000.0,51800000.0,52339000.0,1628640000363,520878470417.8687,9910.23810999,52846000.0,-507000.0,-0.0095939144
KRW-BTC,2021-08-11,2021-08-11 09:00:00,52335000.0,53500000.0,52219000.0,52590000.0,1628726400577,579202786491.2515,10943.96845795,52339000.0,251000.0,0.0047956591
KRW-BTC,2021-08-12,2021-08-12 09:00:00,52585000.0,53395000.0,51391000.0,52079000.0,1628812800414,691538686333.4755,13202.59267402,52590000.0,-511000.0,-0.0097166762
KRW-BTC,2021-08-13,2021-08-13 09:00:00,52078000.0,55313000.0,51767000.0,55146000.0,1628899200057,619038294155.9808,11542.23600174,52079000.0,3067000.0,0.0588912998
KRW-BTC,2021-08-14,2021-08-14 09:00:00,55145000.0,55742000.0,53573000.0,54812000.0,1628985600063,570678967849.8423,10406.46231641,55146000.0,-334000.0,-0.0060566496
KRW-BTC,2021-08-15,2021-08-15 09:00:00,54817000.0,55166000.0,53349000.0,54636000.0,1629071999927,470845007276.4989,8686.54728059,54812000.0,-176000.0,-0.0032109757
KRW-BTC,2021-08-16,2021-08-16 09:00:00,54638000.0,55704000.0,53700000.0,53863000.0,1629158400153,470451841173.91284,8599.29243939,54636000.0,-773000.0,-0.0141481807
KRW-BTC,2021-08-17,2021-08-17 09:00:00,53863000.0,54649000.0,52500000.0,52660000.0,1629244800288,505480406480.1733,9398.25919668,53863000.0,-1203000.0,-0.0223344411
KRW-BTC,2021-08-18,2021-08-18 09:00:00,52674000.0,53874000.0,51938000.0,52812000.0,1629331200054,757953791475.3573,14256.33672927,52660000.0,152000.0,0.0028864413
KRW-BTC,2021-08-19,2021-08-19 09:00:00,52815000.0,55050000.0,52002000.0,55017000.0,1629417600181,744124182994.7227,13997.11722659,52812000.0,2205000.0,0.0417518746
KRW-BTC,2021-08-20,2021-08-20 09:00:00,55030000.0,57910000.0,54824000.0,57683000.0,1629504000143,702429945452.2936,12560.50365601,55017000.0,2666000.0,0.0484577494
KRW-BTC,2021-08-21,2021-08-21 09:00:00,57690000.0,58280000.0,56557000.0,57553000.0,1629590399945,526538062801.1975,9176.90265489,57683000.0,-130000.0,-0.0022536969
KRW-BTC,2021-08-22,2021-08-22 09:00:00,57576000.0,58000000.0,56611000.0,57681000.0,1629676799658,420622994566.5057,7327.1797741,57553000.0,128000.0,0.002224037
KRW-BTC,2021-08-23,2021-08-23 09:00:00,57714000.0,58726000.0,57374000.0,57627000.0,1629763200208,637195815103.7274,10945.24369893,57681000.0,-54000.0,-0.0009361835
KRW-BTC,2021-08-24,2021-08-24 09:00:00,57627000.0,57905000.0,55800000.0,56134000.0,1629849600330,960959159079.5452,16813.02809495,57627000.0,-1493000.0,-0.0259079945
KRW-BTC,2021-08-25,2021-08-25 09:00:00,56168000.0,57325000.0,55100000.0,57100000.0,1629936000293,628614221129.9324,11188.10656994,56134000.0,966000.0,0.0172088217
KRW-BTC,2021-08-26,2021-08-26 09:00:00,57088000.0,57497000.0,54504000.0,55225000.0,1630022400099,527838423776.14746,9477.10372476,57100000.0,-1875000.0,-0.0328371278
KRW-BTC,2021-08-27,2021-08-27 09:00:00,55255000.0,57600000.0,54616000.0,57401000.0,1630108800373,466075659839.3081,8324.33196789,55225000.0,2176000.0,0.0394024445
KRW-BTC,2021-08-28,2021-08-28 09:00:00,57400000.0,57885000.0,56704000.0,57428000.0,1630195199767,318695080890.53296,5552.26274864,57401000.0,27000.0,0.0004703751
KRW-BTC,2021-08-29,2021-08-29 09:00:00,57428000.0,58000000.0,56500000.0,57272000.0,1630281600097,664765748254.3783,11623.61867326,57428000.0,-156000.0,-0.0027164449
KRW-BTC,2021-08-30,2021-08-30 09:00:00,57272000.0,57479000.0,55555000.0,55800000.0,1630368000059,827526275068.3098,14613.33339131,57272000.0,-1472000.0,-0.0257019137
KRW-BTC,2021-08-31,2021-08-31 09:00:00,55800000.0,56333000.0,55022000.0,55230000.0,1630454400065,616516258003.1985,11075.54698274,55800000.0,-570000.0,-0.0102150538
KRW-BTC,2021-09-01,2021-09-01 09:00:00,55228000.0,56900000.0,54538000.0,56455000.0,1630540800066,505247782246.04785,9099.48005828,55230000.0,1225000.0,0.0221799747
KRW-BTC,2021-09-02,2021-09-02 09:00:00,56445000.0,58369000.0,56232000.0,57155000.0,1630627199985,515970812918.00903,8965.19366094,56455000.0,700000.0,0.012399256
KRW-BTC,2021-09-03,2021-09-03 09:00:00,57155000.0,59110000.0,56500000.0,57783000.0,1630713599894,667571204414.9666,11527.48633542,57155000.0,628000.0,0.0109876651
KRW-BTC,2021-09-04,2021-09-04 09:00:00,57717000.0,58500000.0,57184000.0,57827000.0,1630799999788,419279027038.78033,7242.35579057,57783000.0,44000.0,0.0007614696
KRW-BTC,2021-09-05,2021-09-05 09:00:00,57836000.0,59650000.0,57217000.0,59212000.0,1630886400067,439317277734.582,7573.37229192,57827000.0,1385000.0,0.0239507496
KRW-BTC,2021-09-06,2021-09-06 09:00:00,59212000.0,61056000.0,58810000.0,60839000.0,1630972799887,426546418425.84424,7151.92707503,59212000.0,1627000.0,0.0274775383
KRW-BTC,2021-09-07,2021-09-07 09:00:00,60839000.0,61113000.0,55000000.0,56672000.0,1631059200316,1160638810012.4539,19856.73841443,60839000.0,-4167000.0,-0.06849225
KRW-BTC,2021-09-08,2021-09-08 09:00:00,56668000.0,57250000.0,53154000.0,55580000.0,1631145599884,701590969807.58,12683.32987229,56672000.0,-1092000.0,-0.0192687747
KRW-BTC,2021-09-09,2021-09-09 09:00:00,55576000.0,56567000.0,54701000.0,55900000.0,1631232000016,418872318710.8933,7540.98052835,55580000.0,320000.0,0.0057574667
KRW-BTC,2021-09-10,2021-09-10 09:00:00,55879000.0,56850000.0,54701000.0,55031000.0,1631318399810,587118672586.7328,10524.62607334,55900000.0,-869000.0,-0.0155456172
KRW-BTC,2021-09-11,2021-09-11 09:00:00,55031000.0,55400000.0,54316000.0,54800000.0,1631404799730,233572715191.50043,4246.7897401,55031000.0,-231000.0,-0.0041976341
KRW-BTC,2021-09-12,2021-09-12 09:00:00,54800000.0,55580000.0,54316000.0,55078000.0,1631491200131,244803798485.11185,4456.24751341,54800000.0,278000.0,0.0050729927
KRW-BTC,2021-09-13,2021-09-13 09:00:00,55078000.0,56663000.0,53600000.0,54274000.0,1631577599665,419768907821.3112,7678.99872171,55078000.0,-804000.0,-0.0145974799
KRW-BTC,2021-09-14,2021-09-14 09:00:00,54340000.0,56857000.0,54120000.0,56564000.0,1631664000048,333704711921.34143,5994.88062518,54274000.0,2290000.0,0.0421933154
KRW-BTC,2021-09-15,2021-09-15 09:00:00,56564000.0,57600000.0,56011000.0,57207000.0,1631750398495,295924748212.92676,5204.48354612,56564000.0,643000.0,0.0113676543
KRW-BTC,2021-09-16,2021-09-16 09:00:00,57178000.0,57500000.0,56446000.0,57277000.0,1631836798537,305839184427.866,5358.40400108,57207000.0,70000.0,0.0012236265
KRW-BTC,2021-09-17,2021-09-17 09:00:00,57277000.0,57836000.0,56942000.0,57642000.0,1631923200024,397042475608.0333,6908.81118369,57277000.0,365000.0,0.0063725405
KRW-BTC,2021-09-18,2021-09-18 09:00:00,57642000.0,58980000.0,57574000.0,58597000.0,1632009598669,288291394889.2499,4935.40608571,57642000.0,955000.0,0.0165677804
KRW-BTC,2021-09-19,2021-09-19 09:00:00,58597000.0,58805000.0,57466000.0,57976000.0,1632095998473,279811883170.7576,4821.3843762,58597000.0,-621000.0,-0.0105978122
KRW-BTC,2021-09-20,2021-09-20 09:00:00,58030000.0,58142000.0,53496000.0,53801000.0,1632182400256,608008065738.9528,10951.54124671,57976000.0,-4175000.0,-0.0720125569
KRW-BTC,2021-09-21,2021-09-21 09:00:00,53801000.0,54400000.0,50211000.0,50699000.0,1632268800233,602640099332.8099,11491.19131035,53801000.0,-3102000.0,-0.0576569209
KRW-BTC,2021-09-22,2021-09-22 09:00:00,50699000.0,54153000.0,50059000.0,53856000.0,1632355199739,467187185035.5327,8922.15765938,50699000.0,3157000.0,0.0622694728
KRW-BTC,2021-09-23,2021-09-23 09:00:00,53853000.0,54656000.0,52571000.0,54410000.0,1632441599008,415384854012.3932,7737.69933454,53856000.0,554000.0,0.0102866904
KRW-BTC,2021-09-24,2021-09-24 09:00:00,54405000.0,54534000.0,50900000.0,52176000.0,1632527999993,602952735214.0181,11468.26484925,54410000.0,-2234000.0,-0.0410586289
KRW-BTC,2021-09-25,2021-09-25 09:00:00,52176000.0,52452000.0,51056000.0,52326000.0,1632614399477,226758630503.67758,4371.92985367,52176000.0,150000.0,0.002874885
KRW-BTC,2021-09-26,2021-09-26 09:00:00,52326000.0,53607000.0,50803000.0,52798000.0,1632700799981,310948126899.37146,5945.40902076,52326000.0,472000.0,0.0090203723
KRW-BTC,2021-09-27,2021-09-27 09:00:00,52798000.0,53800000.0,51747000.0,51834000.0,1632787198288,262697515793.77594,4963.31808383,52798000.0,-964000.0,-0.0182582674
KRW-BTC,2021-09-28,2021-09-28 09:00:00,51831000.0,52103000.0,50222000.0,50309000.0,1632873599281,318673200792.9927,6216.15486117,51834000.0,-1525000.0,-0.0294208435
KRW-BTC,2021-09-29,2021-09-29 09:00:00,50309000.0,51799000.0,49924000.0,50800000.0,1632959999061,265067157875.95703,5199.8520123,50309000.0,491000.0,0.0097596851
KRW-BTC,2021-09-30,2021-09-30 09:00:00,50800000.0,53673000.0,50731000.0,53523000.0,1633046399133,353760846438.2255,6716.78034563,50800000.0,2723000.0,0.0536023622
KRW-BTC,2021-10-01,2021-10-01 09:00:00,53523000.0,58582000.0,53070000.0,58348000.0,1633132799928,526629015325.6079,9344.90787537,53523000.0,4825000.0,0.0901481606
KRW-BTC,2021-10-02,2021-10-02 09:00:00,58348000.0,58999000.0,57660000.0,58228000.0,1633219197928,283012282143.45593,4852.96858036,58348000.0,-120000.0,-0.0020566258
KRW-BTC,2021-10-03,2021-10-03 09:00:00,58238000.0,59390000.0,57250000.0,58567000.0,1633305599972,262002063227.56482,4489.39578954,58228000.0,339000.0,0.0058219413
KRW-BTC,2021-10-04,2021-10-04 09:00:00,58466000.0,60331000.0,57346000.0,60020000.0,1633392000190,392304690362.0932,6699.98876873,58567000.0,1453000.0,0.0248091929
KRW-BTC,2021-10-05,2021-10-05 09:00:00,60020000.0,62500000.0,59547000.0,61666000.0,1633478399999,596248479174.788,9846.15636431,60020000.0,1646000.0,0.0274241919
KRW-BTC,2021-10-06,2021-10-06 09:00:00,61666000.0,67636000.0,61113000.0,67000000.0,1633564802681,864584706843.0698,13462.73768824,61666000.0,5334000.0,0.0864982324
KRW-BTC,2021-10-07,2021-10-07 09:00:00,66998000.0,67290000.0,65265000.0,65500000.0,1633651200504,584191782622.2512,8828.33453547,67000000.0,-1500000.0,-0.0223880597
KRW-BTC,2021-10-08,2021-10-08 09:00:00,65501000.0,68200000.0,65151000.0,65951000.0,1633737599810,559268632990.6614,8405.272394,65500000.0,451000.0,0.0068854962
KRW-BTC,2021-10-09,2021-10-09 09:00:00,65951000.0,67731000.0,65659000.0,67057000.0,1633824000085,337726926141.7395,5042.25221793,65951000.0,1106000.0,0.0167700262
KRW-BTC,2021-10-10,2021-10-10 09:00:00,67057000.0,69023000.0,66350000.0,67801000.0,1633910399876,375920524221.4952,5559.81442292,67057000.0,744000.0,0.0110950385
KRW-BTC,2021-10-11,2021-10-11 09:00:00,67801000.0,71600000.0,67547000.0,70921000.0,1633996800065,657471668000.4491,9404.74824492,67801000.0,3120000.0,0.0460170204
KRW-BTC,2021-10-12,2021-10-12 09:00:00,70954000.0,71368000.0,67558000.0,69164000.0,1634083199388,628672206653.5323,8980.82152047,70921000.0,-1757000.0,-0.0247740444
KRW-BTC,2021-10-13,2021-10-13 09:00:00,69188000.0,70700000.0,66865000.0,69857000.0,1634169599794,587847809013.9847,8568.72701657,69164000.0,693000.0,0.0100196634
KRW-BTC,2021-10-14,2021-10-14 09:00:00,69857000.0,71470000.0,69400000.0,69783000.0,1634256000055,447309084626.59393,6362.57109584,69857000.0,-74000.0,-0.0010593069
KRW-BTC,2021-10-15,2021-10-15 09:00:00,69784000.0,76721000.0,69420000.0,75688000.0,1634342400112,1145452749698.3083,15661.24926397,69783000.0,5905000.0,0.0846194632
KRW-BTC,2021-10-16,2021-10-16 09:00:00,75688000.0,76370000.0,73950000.0,74806000.0,1634428800150,589288907263.0604,7825.0005115,75688000.0,-882000.0,-0.0116531022
KRW-BTC,2021-10-17,2021-10-17 09:00:00,74806000.0,76200000.0,74008000.0,75933000.0,1634515200130,404990697637.63635,5403.94853669,74806000.0,1127000.0,0.0150656364
KRW-BTC,2021-10-18,2021-10-18 09:00:00,75933000.0,77276000.0,74193000.0,76546000.0,1634601600051,632688540533.9479,8312.73781879,75933000.0,613000.0,0.0080729064
KRW-BTC,2021-10-19,2021-10-19 09:00:00,76541000.0,79285000.0,75925000.0,78776000.0,1634688000076,696401614018.545,9018.17095087,76546000.0,2230000.0,0.029132809
KRW-BTC,2021-10-20,2021-10-20 09:00:00,78776000.0,81750000.0,78001000.0,79917000.0,1634774400145,1152411111515.1873,14472.09742285,78776000.0,1141000.0,0.0144841068
KRW-BTC,2021-10-21,2021-10-21 09:00:00,79919000.0,80811000.0,76324000.0,76396000.0,1634860800169,1225371802278.793,15551.93334613,79917000.0,-3521000.0,-0.0440582104
KRW-BTC,2021-10-22,2021-10-22 09:00:00,76396000.0,77640000.0,74123000.0,74364000.0,1634947200029,903371302135.1926,11856.84444258,76396000.0,-2032000.0,-0.0265982512
KRW-BTC,2021-10-23,2021-10-23 09:00:00,74350000.0,75580000.0,73247000.0,74830000.0,1635033599503,529341477417.07855,7080.04234866,74364000.0,466000.0,0.006266473
KRW-BTC,2021-10-24,2021-10-24 09:00:00,74830000.0,75530000.0,73635000.0,74501000.0,1635119999481,454814496440.7718,6110.3785988,74830000.0,-329000.0,-0.0043966324
KRW-BTC,2021-10-25,2021-10-25 09:00:00,74501000.0,77024000.0,74210000.0,76200000.0,1635206399901,521225048265.0583,6856.57775992,74501000.0,1699000.0,0.022805063
KRW-BTC,2021-10-26,2021-10-26 09:00:00,76250000.0,76480000.0,73002000.0,73293000.0,1635292799969,619824450361.118,8258.18143151,76200000.0,-2907000.0,-0.0381496063
KRW-BTC,2021-10-27,2021-10-27 09:00:00,73293000.0,74200000.0,70180000.0,71845000.0,1635379199798,1053620820854.7567,14503.8250321,73293000.0,-1448000.0,-0.0197563205
KRW-BTC,2021-10-28,2021-10-28 09:00:00,71833000.0,74707000.0,71028000.0,73122000.0,1635465600055,630325919861.4268,8654.62147862,71845000.0,1277000.0,0.0177743754
KRW-BTC,2021-10-29,2021-10-29 09:00:00,73028000.0,75405000.0,72676000.0,74568000.0,1635551999718,529148496573.07806,7156.5495444,73122000.0,1446000.0,0.0197751703
KRW-BTC,2021-10-30,2021-10-30 09:00:00,74568000.0,74748000.0,72910000.0,73413000.0,1635638399544,443974248919.1151,6019.3726361,74568000.0,-1155000.0,-0.0154892179
KRW-BTC,2021-10-31,2021-10-31 09:00:00,73428000.0,74502000.0,71551000.0,72391000.0,1635724799706,547624687479.1433,7515.24771978,73413000.0,-1022000.0,-0.0139212401
KRW-BTC,2021-11-01,2021-11-01 09:00:00,72325000.0,73928000.0,71003000.0,72401000.0,1635811199662,459799779805.7788,6319.81024636,72391000.0,10000.0,0.0001381387
KRW-BTC,2021-11-02,2021-11-02 09:00:00,72402000.0,75590000.0,72031000.0,74150000.0,1635897600374,567138389401.7821,7684.60605039,72401000.0,1749000.0,0.0241571249
KRW-BTC,2021-11-03,2021-11-03 09:00:00,74106000.0,75141000.0,72500000.0,74600000.0,1635983999650,586147364013.1627,7931.12310979,74150000.0,450000.0,0.0060687795
KRW-BTC,2021-11-04,2021-11-04 09:00:00,74607000.0,74880000.0,73480000.0,73807000.0,1636070400085,426469535512.6226,5757.70198775,74600000.0,-793000.0,-0.0106300268
KRW-BTC,2021-11-05,2021-11-05 09:00:00,73807000.0,75000000.0,73490000.0,74121000.0,1636156800004,410709736765.99615,5520.4236536,73807000.0,314000.0,0.004254339
KRW-BTC,2021-11-06,2021-11-06 09:00:00,74092000.0,74649000.0,73800000.0,74575000.0,1636243199833,277629666879.828,3742.0767138,74121000.0,454000.0,0.0061251197
KRW-BTC,2021-11-07,2021-11-07 09:00:00,74576000.0,76700000.0,74481000.0,76536000.0,1636329599289,335634172962.1655,4447.00986585,74575000.0,1961000.0,0.0262956755
KRW-BTC,2021-11-08,2021-11-08 09:00:00,76649000.0,81586000.0,76534000.0,81403000.0,1636416000207,726433660922.1797,9132.13666783,76536000.0,4867000.0,0.0635909899
KRW-BTC,2021-11-09,2021-11-09 09:00:00,81402000.0,82700000.0,79987000.0,80857000.0,1636502399880,749642408219.2787,9216.26072135,81403000.0,-546000.0,-0.0067073695
KRW-BTC,2021-11-10,2021-11-10 09:00:00,80813000.0,82520000.0,78510000.0,79660000.0,1636588800075,1059561087264.0406,13173.31625594,80857000.0,-1197000.0,-0.0148039131
KRW-BTC,2021-11-11,2021-11-11 09:00:00,79663000.0,79732000.0,78543000.0,78917000.0,1636675200983,566786888469.356,7167.44682984,79660000.0,-743000.0,-0.0093271403
KRW-BTC,2021-11-12,2021-11-12 09:00:00,78938000.0,79100000.0,76712000.0,78165000.0,1636761599780,555556239586.2133,7117.16534788,78927000.0,-762000.0,-0.0096544909
KRW-BTC,2021-11-13,2021-11-13 09:00:00,78165000.0,78770000.0,77120000.0,77867000.0,1636847999899,338562919987.8282,4350.10453278,78165000.0,-298000.0,-0.003812448
KRW-BTC,2021-11-14,2021-11-14 09:00:00,77867000.0,79350000.0,77579000.0,79310000.0,1636934400063,300107299012.1013,3826.41658753,77867000.0,1443000.0,0.0185315988
KRW-BTC,2021-11-15,2021-11-15 09:00:00,79323000.0,80250000.0,77330000.0,77602000.0,1637020799995,550661898860.9288,6972.54522621,79310000.0,-1708000.0,-0.0215357458
KRW-BTC,2021-11-16,2021-11-16 09:00:00,77600000.0,77602000.0,73325000.0,73897000.0,1637107199939,972845801082.5905,12978.65608121,77602000.0,-3705000.0,-0.0477436149
KRW-BTC,2021-11-17,2021-11-17 09:00:00,73897000.0,74712000.0,72000000.0,73935000.0,1637193599646,727534439444.1946,9918.31995415,73897000.0,38000.0,0.0005142293
KRW-BTC,2021-11-18,2021-11-18 09:00:00,73941000.0,74494000.0,70000000.0,70611000.0,1637280000346,1116607005545.3738,15304.60880992,73935000.0,-3324000.0,-0.0449584094
KRW-BTC,2021-11-19,2021-11-19 09:00:00,70602000.0,72376000.0,69150000.0,71813000.0,1637366399686,644660277293.9285,9106.09854129,70611000.0,1202000.0,0.0170228435
KRW-BTC,2021-11-20,2021-11-20 09:00:00,71813000.0,74090000.0,71500000.0,73669000.0,1637452800434,410541726042.7906,5649.73412587,71813000.0,1856000.0,0.0258449027
KRW-BTC,2021-11-21,2021-11-21 09:00:00,73669000.0,74200000.0,72695000.0,73047000.0,1637539200114,350690458560.52295,4787.87666179,73669000.0,-622000.0,-0.0084431715
KRW-BTC,2021-11-22,2021-11-22 09:00:00,73096000.0,73498000.0,70285000.0,70589000.0,1637625599726,553218859712.912,7714.84906712,73047000.0,-2458000.0,-0.0336495681
KRW-BTC,2021-11-23,2021-11-23 09:00:00,70589000.0,72200000.0,69556000.0,71802000.0,1637711999808,602133383999.3546,8493.89979735,70589000.0,1213000.0,0.0171839805
KRW-BTC,2021-11-24,2021-11-24 09:00:00,71726000.0,72300000.0,70265000.0,71680000.0,1637798399834,468511820298.09436,6609.91155089,71802000.0,-122000.0,-0.001699117
KRW-BTC,2021-11-25,2021-11-25 09:00:00,71689000.0,74136000.0,71220000.0,73171000.0,1637884799999,658196555146.7008,9049.17474463,71680000.0,1491000.0,0.02080078125
KRW-BTC,2021-11-26,2021-11-26 09:00:00,73160000.0,73567000.0,68089000.0,68549000.0,1637971200139,883496099720.3064,12468.28912157,73171000.0,-4622000.0,-0.0631671017
KRW-BTC,2021-11-27,2021-11-27 09:00:00,68550000.0,70276000.0,68140000.0,70039000.0,1638057599936,338381741544.1163,4865.73785339,68550000.0,1489000.0,0.0217213713
KRW-BTC,2021-11-28,2021-11-28 09:00:00,70039000.0,72691000.0,68607000.0,72303000.0,1638143999931,380943799247.1356,5439.53030356,70039000.0,2264000.0,0.0323248476
KRW-BTC,2021-11-29,2021-11-29 09:00:00,72255000.0,73166000.0,71298000.0,72240000.0,1638230399746,431249801809.792,5965.74542692,72303000.0,-63000.0,-0.0008713331
KRW-BTC,2021-11-30,2021-11-30 09:00:00,72241000.0,73300000.0,70000000.0,70702000.0,1638316799869,623384585488.2554,8717.7658615,72240000.0,-1538000.0,-0.021290144
KRW-BTC,2021-12-01,2021-12-01 09:00:00,70771000.0,72850000.0,70500000.0,70936000.0,1638403200123,529661740005.61975,7443.52963772,70702000.0,234000.0,0.0033096659
KRW-BTC,2021-12-02,2021-12-02 09:00:00,70936000.0,71500000.0,69958000.0,70539000.0,1638489600063,719755308272.1974,10208.00313323,70936000.0,-397000.0,-0.0055965941
KRW-BTC,2021-12-03,2021-12-03 09:00:00,70563000.0,71189000.0,67034000.0,68053000.0,1638576000170,1053599225982.5276,15061.77754449,70539000.0,-2486000.0,-0.0352429153
KRW-BTC,2021-12-04,2021-12-04 09:00:00,68068000.0,68191000.0,56000000.0,62206000.0,1638662399303,1757512901445.4797,28348.95914312,68053000.0,-5847000.0,-0.0859183284
KRW-BTC,2021-12-05,2021-12-05 09:00:00,62178000.0,63297000.0,59685000.0,61877000.0,1638748800042,749188784836.934,12124.69394126,62206000.0,-329000.0,-0.0052888789
KRW-BTC,2021-12-06,2021-12-06 09:00:00,61877000.0,63103000.0,59016000.0,62626000.0,1638835199800,703577992750.93,11591.24846455,61877000.0,749000.0,0.0121046592
KRW-BTC,2021-12-07,2021-12-07 09:00:00,62632000.0,64120000.0,62316000.0,63204000.0,1638921599471,509439926577.6897,8054.47784621,62626000.0,578000.0,0.0092293935
KRW-BTC,2021-12-08,2021-12-08 09:00:00,63205000.0,63450000.0,60500000.0,62217000.0,1639007999629,462084243427.4263,7423.34923321,63204000.0,-987000.0,-0.0156161002
KRW-BTC,2021-12-09,2021-12-09 09:00:00,62217000.0,62499000.0,59200000.0,59425000.0,1639094400000,425034996310.3946,6985.12525942,62217000.0,-2792000.0,-0.0448751949
KRW-BTC,2021-12-10,2021-12-10 09:00:00,59425000.0,61995000.0,59106000.0,59683000.0,1639180799150,466065446683.84814,7746.32503472,59425000.0,258000.0,0.0043416071
KRW-BTC,2021-12-11,2021-12-11 09:00:00,59749000.0,61538000.0,59500000.0,61427000.0,1639267200068,219745359643.67993,3629.5367696,59683000.0,1744000.0,0.0292210512
KRW-BTC,2021-12-12,2021-12-12 09:00:00,61414000.0,62887000.0,60904000.0,62049000.0,1639353600400,226239759072.2335,3665.34563234,61427000.0,622000.0,0.0101258404
KRW-BTC,2021-12-13,2021-12-13 09:00:00,61995000.0,62190000.0,58158000.0,58626000.0,1639439999487,447420970311.1684,7453.74091001,62049000.0,-3423000.0,-0.0551660784
KRW-BTC,2021-12-14,2021-12-14 09:00:00,58626000.0,60150000.0,57347000.0,59930000.0,1639526400379,421930887129.1652,7199.35776367,58626000.0,1304000.0,0.022242691
KRW-BTC,2021-12-15,2021-12-15 09:00:00,59909000.0,62150000.0,58055000.0,61198000.0,1639612799462,614210066819.0795,10234.38988975,59930000.0,1268000.0,0.0211580177
KRW-BTC,2021-12-16,2021-12-16 09:00:00,61196000.0,61660000.0,59500000.0,59817000.0,1639699200370,473844929813.83124,7807.69618658,61198000.0,-1381000.0,-0.0225660969
KRW-BTC,2021-12-17,2021-12-17 09:00:00,59820000.0,60198000.0,57400000.0,58086000.0,1639785600209,529378851668.7005,8991.83583337,59817000.0,-1731000.0,-0.0289382617
KRW-BTC,2021-12-18,2021-12-18 09:00:00,58110000.0,58867000.0,57207000.0,58402000.0,1639871999675,318308284131.8217,5479.58391512,58086000.0,316000.0,0.0054402093
KRW-BTC,2021-12-19,2021-12-19 09:00:00,58438000.0,59864000.0,58071000.0,58329000.0,1639958400006,349830141080.10315,5945.75001586,58402000.0,-73000.0,-0.0012499572
KRW-BTC,2021-12-20,2021-12-20 09:00:00,58329000.0,58616000.0,56917000.0,58011000.0,1640044798613,385840635557.5586,6685.60533352,58329000.0,-318000.0,-0.0054518336
KRW-BTC,2021-12-21,2021-12-21 09:00:00,57980000.0,60650000.0,57500000.0,60023000.0,1640131200081,394352689438.5196,6637.6709069,58011000.0,2012000.0,0.0346830773
KRW-BTC,2021-12-22,2021-12-22 09:00:00,60023000.0,60772000.0,59605000.0,59753000.0,1640217599350,347172202153.7813,5773.9637448,60023000.0,-270000.0,-0.0044982757
KRW-BTC,2021-12-23,2021-12-23 09:00:00,59759000.0,61925000.0,59120000.0,61490000.0,1640303999975,389081707456.7215,6471.52989474,59753000.0,1737000.0,0.0290696701
KRW-BTC,2021-12-24,2021-12-24 09:00:00,61490000.0,62850000.0,61250000.0,61939000.0,1640390399501,325690062280.693,5243.5431503,61490000.0,449000.0,0.0073020003
KRW-BTC,2021-12-25,2021-12-25 09:00:00,61939000.0,62500000.0,61107000.0,61177000.0,1640476800086,230679684124.69763,3730.36798441,61939000.0,-762000.0,-0.0123024266
KRW-BTC,2021-12-26,2021-12-26 09:00:00,61177000.0,61939000.0,60288000.0,61467000.0,1640563200047,265030001351.93692,4350.54366915,61177000.0,290000.0,0.0047403436
KRW-BTC,2021-12-27,2021-12-27 09:00:00,61467000.0,62500000.0,60934000.0,61508000.0,1640649600444,325512198487.4511,5287.22519425,61467000.0,41000.0,0.0006670246
KRW-BTC,2021-12-28,2021-12-28 09:00:00,61470000.0,61508000.0,57912000.0,58274000.0,1640735999845,436619790606.5887,7303.08727699,61470000.0,-3196000.0,-0.051992842
KRW-BTC,2021-12-29,2021-12-29 09:00:00,58261000.0,58763000.0,56650000.0,57089000.0,1640822399897,465098505559.6989,8037.99954485,58274000.0,-1185000.0,-0.0203349693
KRW-BTC,2021-12-30,2021-12-30 09:00:00,57089000.0,58233000.0,56400000.0,57200000.0,1640908799760,315378745535.8602,5506.78981263,57089000.0,111000.0,0.0019443325
KRW-BTC,2021-12-31,2021-12-31 09:00:00,57233000.0,58812000.0,56233000.0,56784000.0,1640995199765,285728205436.0753,4959.9700856,57200000.0,-416000.0,-0.0072727273
KRW-BTC,2022-01-01,2022-01-01 09:00:00,56784000.0,58271000.0,56762000.0,57915000.0,1641081600094,151064521830.33255,2628.14596492,56784000.0,1131000.0,0.0199175824
KRW-BTC,2022-01-02,2022-01-02 09:00:00,57915000.0,58300000.0,57100000.0,57531000.0,1641168000041,205291308789.9393,3567.5057124,57915000.0,-384000.0,-0.0066304066
KRW-BTC,2022-01-03,2022-01-03 09:00:00,57540000.0,57749000.0,56133000.0,56641000.0,1641254399950,360063461140.01263,6304.95856401,57531000.0,-890000.0,-0.0154699206
KRW-BTC,2022-01-04,2022-01-04 09:00:00,56640000.0,57685000.0,56000000.0,56023000.0,1641340800133,342512644132.83624,6053.44580235,56641000.0,-618000.0,-0.0109108243
KRW-BTC,2022-01-05,2022-01-05 09:00:00,56023000.0,57100000.0,52701000.0,53854000.0,1641427199708,515276777193.21295,9296.79871351,56023000.0,-2169000.0,-0.0387162415
KRW-BTC,2022-01-06,2022-01-06 09:00:00,53854000.0,54300000.0,52388000.0,53239000.0,1641513599985,339630997052.0713,6389.07930239,53854000.0,-615000.0,-0.0114197645
KRW-BTC,2022-01-07,2022-01-07 09:00:00,53240000.0,53358000.0,50900000.0,51449000.0,1641599999312,389528045895.49457,7509.10809323,53239000.0,-1790000.0,-0.0336219689
KRW-BTC,2022-01-08,2022-01-08 09:00:00,51449000.0,52709000.0,50829000.0,52142000.0,1641686399814,215423691964.91058,4171.09645762,51449000.0,693000.0,0.0134696496
KRW-BTC,2022-01-09,2022-01-09 09:00:00,52142000.0,52600000.0,51144000.0,51678000.0,1641772800012,174869889802.57343,3369.09508974,52142000.0,-464000.0,-0.0088987764
KRW-BTC,2022-01-10,2022-01-10 09:00:00,51672000.0,51999000.0,48897000.0,51246000.0,1641859199089,402570820215.65857,7955.46011133,51678000.0,-432000.0,-0.0083594566
KRW-BTC,2022-01-11,2022-01-11 09:00:00,51255000.0,52493000.0,50408000.0,52307000.0,1641945599601,298676109322.26056,5812.21805175,51246000.0,1061000.0,0.020704055
KRW-BTC,2022-01-12,2022-01-12 09:00:00,52306000.0,53945000.0,51800000.0,53349000.0,1642032000011,296492711681.8847,5617.86642827,52307000.0,1042000.0,0.0199208519
KRW-BTC,2022-01-13,2022-01-13 09:00:00,53349000.0,53940000.0,51809000.0,51885000.0,1642118399009,289837178996.5849,5468.01591063,53349000.0,-1464000.0,-0.0274419389
KRW-BTC,2022-01-14,2022-01-14 09:00:00,51885000.0,52691000.0,51010000.0,52230000.0,1642204800221,261086090962.35144,5030.18653553,51885000.0,345000.0,0.0066493206
KRW-BTC,2022-01-15,2022-01-15 09:00:00,52230000.0,52891000.0,51878000.0,52357000.0,1642291199914,135657742666.70593,2595.04941124,52230000.0,127000.0,0.0024315527
KRW-BTC,2022-01-16,2022-01-16 09:00:00,52357000.0,52634000.0,51948000.0,52165000.0,1642377599602,111417440453.1287,2131.4288192,52357000.0,-192000.0,-0.0036671314
KRW-BTC,2022-01-17,2022-01-17 09:00:00,52165000.0,52300000.0,50822000.0,51436000.0,1642464000084,160683769882.9794,3104.23763117,52165000.0,-729000.0,-0.0139748874
KRW-BTC,2022-01-18,2022-01-18 09:00:00,51435000.0,51600000.0,50192000.0,51179000.0,1642550400087,197997204276.519,3894.69755153,51436000.0,-257000.0,-0.0049965005
KRW-BTC,2022-01-19,2022-01-19 09:00:00,51183000.0,51395000.0,49988000.0,50333000.0,1642636798547,243349644791.62622,4815.61754533,51179000.0,-846000.0,-0.0165302175
KRW-BTC,2022-01-20,2022-01-20 09:00:00,50333000.0,52361000.0,49575000.0,49648000.0,1642723200064,350489190147.2465,6914.68087553,50333000.0,-685000.0,-0.0136093617
KRW-BTC,2022-01-21,2022-01-21 09:00:00,49600000.0,50001000.0,44600000.0,45316000.0,1642809600116,614895368490.7034,13031.22269492,49648000.0,-4332000.0,-0.0872542701
KRW-BTC,2022-01-22,2022-01-22 09:00:00,45316000.0,45622000.0,42629000.0,43375000.0,1642895999647,542096966238.20294,12317.48527338,45316000.0,-1941000.0,-0.0428325536
KRW-BTC,2022-01-23,2022-01-23 09:00:00,43376000.0,44500000.0,42725000.0,44253000.0,1642982397458,269289810382.9316,6165.20872887,43375000.0,878000.0,0.0202420749
KRW-BTC,2022-01-24,2022-01-24 09:00:00,44255000.0,45600000.0,40871000.0,44731000.0,1643068799968,468862727172.81586,10984.73257578,44253000.0,478000.0,0.0108015276
KRW-BTC,2022-01-25,2022-01-25 09:00:00,44764000.0,45572000.0,43511000.0,44909000.0,1643155199535,308479518001.6424,6937.03740715,44731000.0,178000.0,0.0039793432
KRW-BTC,2022-01-26,2022-01-26 09:00:00,44905000.0,47460000.0,44520000.0,45100000.0,1643241600098,465503093047.90515,10144.39442742,44909000.0,191000.0,0.004253045
KRW-BTC,2022-01-27,2022-01-27 09:00:00,45100000.0,45844000.0,43786000.0,45809000.0,1643327998772,335012964798.7789,7488.1448014,45100000.0,709000.0,0.0157206208
KRW-BTC,2022-01-28,2022-01-28 09:00:00,45800000.0,46890000.0,45060000.0,46588000.0,1643414400065,254762670308.80963,5565.15427472,45809000.0,779000.0,0.017005392
KRW-BTC,2022-01-29,2022-01-29 09:00:00,46592000.0,47746000.0,46180000.0,47146000.0,1643500799525,186286304051.22614,3980.16776223,46588000.0,558000.0,0.0119773332
KRW-BTC,2022-01-30,2022-01-30 09:00:00,47144000.0,47500000.0,46498000.0,47208000.0,1643587200107,135027081461.63245,2868.98523419,47146000.0,62000.0,0.0013150638
KRW-BTC,2022-01-31,2022-01-31 09:00:00,47208000.0,47647000.0,45624000.0,47266000.0,1643673600413,211275432696.9253,4554.26520595,47208000.0,58000.0,0.0012286053
KRW-BTC,2022-02-01,2022-02-01 09:00:00,47304000.0,48270000.0,46869000.0,47760000.0,1643760000306,187434977994.1383,3944.00160976,47266000.0,494000.0,0.0104514873
KRW-BTC,2022-02-02,2022-02-02 09:00:00,47784000.0,47900000.0,45401000.0,45517000.0,1643846400077,219281053640.67502,4684.82046753,47760000.0,-2243000.0,-0.0469639866
KRW-BTC,2022-02-03,2022-02-03 09:00:00,45518000.0,45900000.0,44770000.0,45835000.0,1643932800492,148839125406.1171,3279.73787459,45517000.0,318000.0,0.0069864007
KRW-BTC,2022-02-04,2022-02-04 09:00:00,45835000.0,50843000.0,45500000.0,50633000.0,1644019200068,355674962643.43884,7451.46465055,45835000.0,4798000.0,0.1046798298
KRW-BTC,2022-02-05,2022-02-05 09:00:00,50613000.0,51488000.0,50216000.0,50788000.0,1644105599281,285441834169.823,5618.42220443,50633000.0,155000.0,0.0030612446
KRW-BTC,2022-02-06,2022-02-06 09:00:00,50788000.0,52022000.0,50400000.0,51732000.0,1644191999929,206661446937.4289,4046.19621542,50788000.0,944000.0,0.0185870678
KRW-BTC,2022-02-07,2022-02-07 09:00:00,51678000.0,54110000.0,51084000.0,53511000.0,1644278400124,337553682455.38916,6414.99045765,51732000.0,1779000.0,0.0343887729
KRW-BTC,2022-02-08,2022-02-08 09:00:00,53511000.0,55321000.0,52325000.0,53651000.0,1644364800429,578845327237.1124,10799.76838891,53511000.0,140000.0,0.0026162845
KRW-BTC,2022-02-09,2022-02-09 09:00:00,53651000.0,54000000.0,52560000.0,53660000.0,1644451200186,266603510170.62662,5006.39849973,53651000.0,9000.0,0.0001677508
KRW-BTC,2022-02-10,2022-02-10 09:00:00,53659000.0,55380000.0,52604000.0,53123000.0,1644537600055,488428411754.56024,9079.39442265,53660000.0,-537000.0,-0.0100074543
KRW-BTC,2022-02-11,2022-02-11 09:00:00,53040000.0,53364000.0,51300000.0,51882000.0,1644624000090,321480090359.74054,6124.94691657,53123000.0,-1241000.0,-0.0233608795
KRW-BTC,2022-02-12,2022-02-12 09:00:00,51875000.0,52299000.0,50835000.0,51597000.0,1644710398755,241620206211.6828,4680.16804965,51882000.0,-285000.0,-0.0054932346
KRW-BTC,2022-02-13,2022-02-13 09:00:00,51619000.0,52190000.0,51400000.0,51550000.0,1644796800103,141796428812.6518,2737.45244662,51597000.0,-47000.0,-0.0009109057
KRW-BTC,2022-02-14,2022-02-14 09:00:00,51550000.0,52041000.0,50744000.0,51586000.0,1644883200398,218529350233.54776,4253.6279361,51550000.0,36000.0,0.0006983511
KRW-BTC,2022-02-15,2022-02-15 09:00:00,51586000.0,53998000.0,51462000.0,53832000.0,1644969600328,254795069714.37585,4794.46946448,51586000.0,2246000.0,0.0435389447
KRW-BTC,2022-02-16,2022-02-16 09:00:00,53835000.0,53842000.0,52769000.0,53298000.0,1645055999755,244556760070.18353,4581.97459643,53832000.0,-534000.0,-0.0099197503
KRW-BTC,2022-02-17,2022-02-17 09:00:00,53298000.0,53540000.0,49203000.0,49376000.0,1645142400347,392341519114.4038,7615.70913172,53298000.0,-3922000.0,-0.0735862509
KRW-BTC,2022-02-18,2022-02-18 09:00:00,49376000.0,50199000.0,48369000.0,49015000.0,1645228796602,272064780977.97128,5516.16174109,49376000.0,-361000.0,-0.0073112443
KRW-BTC,2022-02-19,2022-02-19 09:00:00,49004000.0,49250000.0,48271000.0,49035000.0,1645315199366,141529609090.52924,2902.28628463,49015000.0,20000.0,0.0004080384
KRW-BTC,2022-02-20,2022-02-20 09:00:00,49035000.0,49038000.0,46650000.0,47131000.0,1645401599806,261930452601.5744,5524.94879998,49035000.0,-1904000.0,-0.0388294076
KRW-BTC,2022-02-21,2022-02-21 09:00:00,47133000.0,48128000.0,45147000.0,45450000.0,1645487999905,367962097771.5558,7886.2960245,47131000.0,-1681000.0,-0.0356665464
KRW-BTC,2022-02-22,2022-02-22 09:00:00,45450000.0,46693000.0,44746000.0,46474000.0,1645574399945,249720926168.73676,5478.02173628,45450000.0,1024000.0,0.022530253
KRW-BTC,2022-02-23,2022-02-23 09:00:00,46500000.0,47530000.0,45293000.0,45543000.0,1645660798839,294355073826.30664,6323.31776297,46474000.0,-931000.0,-0.0200327065
KRW-BTC,2022-02-24,2022-02-24 09:00:00,45483000.0,48000000.0,42580000.0,46927000.0,1645747200068,677428293445.7881,15361.05926493,45543000.0,1384000.0,0.0303888633
KRW-BTC,2022-02-25,2022-02-25 09:00:00,46854000.0,48500000.0,46555000.0,47831000.0,1645833599785,367692769588.9642,7745.36379841,46927000.0,904000.0,0.0192639632
KRW-BTC,2022-02-26,2022-02-26 09:00:00,47830000.0,49010000.0,47200000.0,47809000.0,1645919999567,211661931303.1995,4412.33689604,47831000.0,-22000.0,-0.0004599528
KRW-BTC,2022-02-27,2022-02-27 09:00:00,47850000.0,48576000.0,45695000.0,46358000.0,1646006399885,278259630244.21466,5879.5153407,47809000.0,-1451000.0,-0.0303499341
KRW-BTC,2022-02-28,2022-02-28 09:00:00,46363000.0,53089000.0,46086000.0,52332000.0,1646092800263,510345453158.8512,10346.17938543,46358000.0,5974000.0,0.1288666465
KRW-BTC,2022-03-01,2022-03-01 09:00:00,52332000.0,54777000.0,52004000.0,53790000.0,1646179200498,580017405666.1804,10899.50680906,52332000.0,1458000.0,0.0278605824
KRW-BTC,2022-03-02,2022-03-02 09:00:00,53789000.0,54829000.0,52789000.0,53359000.0,1646265599749,410042464654.7711,7651.79638878,53790000.0,-431000.0,-0.0080126418
KRW-BTC,2022-03-03,2022-03-03 09:00:00,53359000.0,53710000.0,51219000.0,51842000.0,1646352000533,298403705749.9444,5670.32573658,53359000.0,-1517000.0,-0.028430068
KRW-BTC,2022-03-04,2022-03-04 09:00:00,51875000.0,51952000.0,48071000.0,48450000.0,1646438400088,411649625542.0779,8201.72698722,51842000.0,-3392000.0,-0.0654295745
KRW-BTC,2022-03-05,2022-03-05 09:00:00,48450000.0,48866000.0,47814000.0,48605000.0,1646524798909,238916280699.47223,4946.11710435,48450000.0,155000.0,0.0031991744
KRW-BTC,2022-03-06,2022-03-06 09:00:00,48610000.0,49024000.0,47260000.0,47745000.0,1646611199382,231568105039.18558,4817.15746101,48605000.0,-860000.0,-0.0176936529
KRW-BTC,2022-03-07,2022-03-07 09:00:00,47782000.0,48890000.0,46525000.0,47415000.0,1646697598849,327977721102.5802,6885.29874129,47745000.0,-330000.0,-0.0069117185
KRW-BTC,2022-03-08,2022-03-08 09:00:00,47364000.0,48800000.0,47290000.0,48213000.0,1646783999316,229182242873.09155,4764.73953357,47415000.0,798000.0,0.0168301171
KRW-BTC,2022-03-09,2022-03-09 09:00:00,48213000.0,52300000.0,48153000.0,51570000.0,1646870399592,479357538041.31586,9356.85430436,48213000.0,3357000.0,0.0696285234
KRW-BTC,2022-03-10,2022-03-10 09:00:00,51571000.0,51844000.0,48291000.0,48917000.0,1646956799332,494328772058.5832,10019.04392316,51570000.0,-2653000.0,-0.0514446384
KRW-BTC,2022-03-11,2022-03-11 09:00:00,48931000.0,49941000.0,47802000.0,48315000.0,1647043199346,345465440083.8288,7089.91274091,48917000.0,-602000.0,-0.0123065601
KRW-BTC,2022-03-12,2022-03-12 09:00:00,48314000.0,49098000.0,48202000.0,48500000.0,1647129598942,131418547496.89621,2697.3021978,48315000.0,185000.0,0.0038290386
KRW-BTC,2022-03-13,2022-03-13 09:00:00,48500000.0,48904000.0,47310000.0,47510000.0,1647215999360,198434298602.69345,4109.28591186,48500000.0,-990000.0,-0.0204123711
KRW-BTC,2022-03-14,2022-03-14 09:00:00,47500000.0,49515000.0,47186000.0,49171000.0,1647302399397,306727422441.91864,6352.92355068,47510000.0,1661000.0,0.0349610608
KRW-BTC,2022-03-15,2022-03-15 09:00:00,49212000.0,49383000.0,47781000.0,48640000.0,1647388799552,271852039162.99026,5609.76874722,49171000.0,-531000.0,-0.0107990482
KRW-BTC,2022-03-16,2022-03-16 09:00:00,48609000.0,51307000.0,48402000.0,50389000.0,1647475199506,628482964168.743,12621.47055692,48640000.0,1749000.0,0.0359580592
KRW-BTC,2022-03-17,2022-03-17 09:00:00,50392000.0,51099000.0,49647000.0,50069000.0,1647561598715,323349085571.79724,6441.90030738,50389000.0,-320000.0,-0.0063505924
KRW-BTC,2022-03-18,2022-03-18 09:00:00,50069000.0,51220000.0,49423000.0,50770000.0,1647647999390,319119972074.8756,6364.18693386,50069000.0,701000.0,0.0140006791
KRW-BTC,2022-03-19,2022-03-19 09:00:00,50736000.0,51300000.0,50615000.0,51245000.0,1647734398674,255391353100.587,5016.39241849,50770000.0,475000.0,0.0093559188
KRW-BTC,2022-03-20,2022-03-20 09:00:00,51245000.0,51350000.0,50001000.0,50462000.0,1647820799275,205914406605.1418,4050.02865173,51245000.0,-783000.0,-0.0152795395
KRW-BTC,2022-03-21,2022-03-21 09:00:00,50471000.0,50756000.0,49832000.0,50128000.0,1647907199456,221912265997.20813,4418.7158295,50462000.0,-334000.0,-0.0066188419
KRW-BTC,2022-03-22,2022-03-22 09:00:00,50128000.0,52396000.0,50013000.0,51704000.0,1647993599539,433481110248.89,8395.36748077,50128000.0,1576000.0,0.0314395148
KRW-BTC,2022-03-23,2022-03-23 09:00:00,51689000.0,52232000.0,51118000.0,52138000.0,1648079999566,273158203021.73694,5293.40295388,51704000.0,434000.0,0.0083939347
KRW-BTC,2022-03-24,2022-03-24 09:00:00,52138000.0,53416000.0,51800000.0,52966000.0,1648166399449,382789038401.1927,7289.94185362,52138000.0,828000.0,0.0158809314
KRW-BTC,2022-03-25,2022-03-25 09:00:00,52907000.0,54450000.0,52700000.0,53791000.0,1648252799393,303815424407.88043,5670.82751458,52966000.0,825000.0,0.0155760299
KRW-BTC,2022-03-26,2022-03-26 09:00:00,53836000.0,54241000.0,53402000.0,53902000.0,1648339199562,179588672016.24872,3333.05874444,53791000.0,111000.0,0.0020635422
KRW-BTC,2022-03-27,2022-03-27 09:00:00,53888000.0,56201000.0,53674000.0,55949000.0,1648425599494,292027317612.86926,5341.02371604,53902000.0,2047000.0,0.0379763274
KRW-BTC,2022-03-28,2022-03-28 09:00:00,55936000.0,57678000.0,55827000.0,56914000.0,1648511999555,361568618614.51605,6374.43514602,55949000.0,965000.0,0.0172478507
KRW-BTC,2022-03-29,2022-03-29 09:00:00,56900000.0,57540000.0,56390000.0,56985000.0,1648598399508,378907479327.83264,6629.17847063,56914000.0,71000.0,0.0012474962
KRW-BTC,2022-03-30,2022-03-30 09:00:00,56985000.0,57100000.0,56015000.0,56620000.0,1648684797968,234529415255.21085,4136.11449268,56985000.0,-365000.0,-0.0064051943
KRW-BTC,2022-03-31,2022-03-31 09:00:00,56594000.0,57227000.0,55230000.0,55352000.0,1648771199269,290425399182.101,5141.56326564,56620000.0,-1268000.0,-0.0223949135
KRW-BTC,2022-04-01,2022-04-01 09:00:00,55331000.0,56790000.0,54246000.0,56369000.0,1648857599458,373769566768.1517,6752.64535556,55352000.0,1017000.0,0.0183733198
KRW-BTC,2022-04-02,2022-04-02 09:00:00,56326000.0,57350000.0,55831000.0,56050000.0,1648943999060,219803855319.6424,3882.90202767,56369000.0,-319000.0,-0.0056591389
KRW-BTC,2022-04-03,2022-04-03 09:00:00,56006000.0,57500000.0,55830000.0,56639000.0,1649030398864,216198441541.75647,3818.05603689,56050000.0,589000.0,0.0105084746
KRW-BTC,2022-04-04,2022-04-04 09:00:00,56596000.0,57300000.0,55510000.0,57055000.0,1649116799361,333784681103.21405,5916.74018564,56639000.0,416000.0,0.0073447624
KRW-BTC,2022-04-05,2022-04-05 09:00:00,57069000.0,57645000.0,56070000.0,56155000.0,1649203199989,262969075152.23587,4627.20865106,57055000.0,-900000.0,-0.0157742529
KRW-BTC,2022-04-06,2022-04-06 09:00:00,56195000.0,56323000.0,53034000.0,53072000.0,1649289599934,371677583452.9044,6776.51882585,56155000.0,-3083000.0,-0.0549016116
KRW-BTC,2022-04-07,2022-04-07 09:00:00,53072000.0,54340000.0,52754000.0,53814000.0,1649376000057,287115749510.7967,5354.28937148,53072000.0,742000.0,0.0139810069
KRW-BTC,2022-04-08,2022-04-08 09:00:00,53813000.0,54700000.0,52798000.0,52934000.0,1649462399725,276079923582.83856,5123.92239629,53814000.0,-880000.0,-0.016352622
KRW-BTC,2022-04-09,2022-04-09 09:00:00,52934000.0,53355000.0,52754000.0,53258000.0,1649548799799,119522891228.52135,2253.81675285,52934000.0,324000.0,0.0061208297
KRW-BTC,2022-04-10,2022-04-10 09:00:00,53295000.0,53950000.0,52462000.0,52819000.0,1649635199988,121721077484.73825,2289.32077614,53258000.0,-439000.0,-0.0082428931
KRW-BTC,2022-04-11,2022-04-11 09:00:00,52799000.0,53060000.0,50010000.0,50050000.0,1649721599856,277983876671.78253,5382.92604992,52819000.0,-2769000.0,-0.052424317
KRW-BTC,2022-04-12,2022-04-12 09:00:00,50050000.0,51195000.0,49608000.0,50577000.0,1649808000060,238179333127.62677,4730.16465608,50050000.0,527000.0,0.0105294705
KRW-BTC,2022-04-13,2022-04-13 09:00:00,50577000.0,51947000.0,49936000.0,51700000.0,1649894400124,169540794582.5969,3335.41327752,50577000.0,1123000.0,0.0222037685
KRW-BTC,2022-04-14,2022-04-14 09:00:00,51645000.0,51942000.0,50000000.0,50245000.0,1649980799355,165648379824.71838,3240.36835635,51700000.0,-1455000.0,-0.0281431335
KRW-BTC,2022-04-15,2022-04-15 09:00:00,50275000.0,51286000.0,50079000.0,50850000.0,1650067199578,113924498278.0374,2259.85843932,50245000.0,605000.0,0.0120409991
KRW-BTC,2022-04-16,2022-04-16 09:00:00,50807000.0,51100000.0,50251000.0,50567000.0,1650153599349,65131786307.86627,1285.87810755,50850000.0,-283000.0,-0.0055653884
KRW-BTC,2022-04-17,2022-04-17 09:00:00,50567000.0,50698000.0,49851000.0,49962000.0,1650239999698,82769167197.80688,1643.27108853,50567000.0,-605000.0,-0.0119643246
KRW-BTC,2022-04-18,2022-04-18 09:00:00,49962000.0,51290000.0,48626000.0,50839000.0,1650326399823,197866042963.1782,3977.64433157,49962000.0,877000.0,0.0175533405
KRW-BTC,2022-04-19,2022-04-19 09:00:00,50768000.0,51904000.0,50550000.0,51458000.0,1650412799532,144033858428.94022,2813.97753901,50839000.0,619000.0,0.0121756919
KRW-BTC,2022-04-20,2022-04-20 09:00:00,51459000.0,52326000.0,51015000.0,51388000.0,1650499199633,144036924649.38208,2789.56353665,51458000.0,-70000.0,-0.0013603327
KRW-BTC,2022-04-21,2022-04-21 09:00:00,51436000.0,53075000.0,50250000.0,50805000.0,1650585599797,235868137067.6446,4540.57112095,51388000.0,-583000.0,-0.0113450611
KRW-BTC,2022-04-22,2022-04-22 09:00:00,50805000.0,51000000.0,49526000.0,49937000.0,1650671999479,166518417330.12607,3309.37626968,50805000.0,-868000.0,-0.0170849326
KRW-BTC,2022-04-23,2022-04-23 09:00:00,49937000.0,50290000.0,49466000.0,49742000.0,1650758398695,94878858638.68283,1905.14689765,49937000.0,-195000.0,-0.0039049202
KRW-BTC,2022-04-24,2022-04-24 09:00:00,49723000.0,50211000.0,49300000.0,49620000.0,1650844800088,82647094726.2008,1658.61740843,49742000.0,-122000.0,-0.0024526557
KRW-BTC,2022-04-25,2022-04-25 09:00:00,49620000.0,50993000.0,48600000.0,50614000.0,1650931199666,208005727805.6377,4209.03760158,49620000.0,994000.0,0.0200322451
KRW-BTC,2022-04-26,2022-04-26 09:00:00,50614000.0,51193000.0,48300000.0,48777000.0,1651017599583,207571264467.196,4171.12409784,50614000.0,-1837000.0,-0.0362943059
KRW-BTC,2022-04-27,2022-04-27 09:00:00,48718000.0,50100000.0,48568000.0,49954000.0,1651103999995,136961777571.22733,2774.3964679,48777000.0,1177000.0,0.0241302253
KRW-BTC,2022-04-28,2022-04-28 09:00:00,49954000.0,51299000.0,49666000.0,50580000.0,1651190399968,159373732264.9677,3157.48982507,49954000.0,626000.0,0.012531529
KRW-BTC,2022-04-29,2022-04-29 09:00:00,50580000.0,50829000.0,49412000.0,49731000.0,1651276799909,142344434036.42245,2848.95745884,50580000.0,-849000.0,-0.0167852906
KRW-BTC,2022-04-30,2022-04-30 09:00:00,49731000.0,49953000.0,49243000.0,49283000.0,1651363199910,103247900534.68933,2078.6985343,49731000.0,-448000.0,-0.0090084655
KRW-BTC,2022-05-01,2022-05-01 09:00:00,49283000.0,49620000.0,48500000.0,49383000.0,1651449598837,141630925351.43323,2882.99454014,49283000.0,100000.0,0.0020290973
KRW-BTC,2022-05-02,2022-05-02 09:00:00,49383000.0,50210000.0,49110000.0,49520000.0,1651535999777,129931613441.11748,2614.56355974,49383000.0,137000.0,0.002774234
KRW-BTC,2022-05-03,2022-05-03 09:00:00,49501000.0,49678000.0,48638000.0,48777000.0,1651622399385,135666989657.8908,2755.30931499,49520000.0,-743000.0,-0.0150040388
KRW-BTC,2022-05-04,2022-05-04 09:00:00,48772000.0,50999000.0,48722000.0,50616000.0,1651708799560,194729783161.73004,3904.11622031,48777000.0,1839000.0,0.0377021957
KRW-BTC,2022-05-05,2022-05-05 09:00:00,50631000.0,50832000.0,47048000.0,47647000.0,1651795199541,304844986974.6226,6259.76119967,50616000.0,-2969000.0,-0.0586573416
KRW-BTC,2022-05-06,2022-05-06 09:00:00,47650000.0,47800000.0,46210000.0,47031000.0,1651881599124,191194804926.25415,4073.14582751,47647000.0,-616000.0,-0.012928411
KRW-BTC,2022-05-07,2022-05-07 09:00:00,47030000.0,47130000.0,46054000.0,46507000.0,1651967999573,80649441505.52292,1727.39505839,47031000.0,-524000.0,-0.0111415875
KRW-BTC,2022-05-08,2022-05-08 09:00:00,46507000.0,46515000.0,44624000.0,44770000.0,1652054398699,186618124663.34042,4109.81944036,46507000.0,-1737000.0,-0.0373492162
KRW-BTC,2022-05-09,2022-05-09 09:00:00,44763000.0,45037000.0,40719000.0,41002000.0,1652140799786,356443725580.1086,8307.10609305,44770000.0,-3768000.0,-0.0841635023
KRW-BTC,2022-05-10,2022-05-10 09:00:00,41000000.0,43110000.0,40150000.0,41046000.0,1652227199471,501966820215.2406,12076.37492996,41002000.0,44000.0,0.0010731184
KRW-BTC,2022-05-11,2022-05-11 09:00:00,41044000.0,43980000.0,39088000.0,40290000.0,1652313599909,1328765297059.545,31967.29718725,41046000.0,-756000.0,-0.0184183599
KRW-BTC,2022-05-12,2022-05-12 09:00:00,40263000.0,41178000.0,37000000.0,39243000.0,1652400000048,911518039693.9376,23389.06342749,40290000.0,-1047000.0,-0.0259865972
KRW-BTC,2022-05-13,2022-05-13 09:00:00,39246000.0,41324000.0,38777000.0,39270000.0,1652486399974,498373949608.00916,12398.91880053,39243000.0,27000.0,0.0006880208
KRW-BTC,2022-05-14,2022-05-14 09:00:00,39270000.0,40243000.0,38400000.0,39967000.0,1652572799425,217008793733.08148,5512.19561961,39270000.0,697000.0,0.0177489177
KRW-BTC,2022-05-15,2022-05-15 09:00:00,39967000.0,41000000.0,39270000.0,40906000.0,1652659199959,170672551261.52905,4277.65503384,39967000.0,939000.0,0.0234943829
KRW-BTC,2022-05-16,2022-05-16 09:00:00,40902000.0,40940000.0,38620000.0,39256000.0,1652745599897,224370405726.56384,5678.83385342,40906000.0,-1650000.0,-0.040336381
KRW-BTC,2022-05-17,2022-05-17 09:00:00,39260000.0,39900000.0,38416000.0,39259000.0,1652832000026,210535941107.40146,5356.75318186,39256000.0,3000.0,7.64214e-05
KRW-BTC,2022-05-18,2022-05-18 09:00:00,39260000.0,39464000.0,37001000.0,37099000.0,1652918399099,243086612601.30344,6367.45223,39259000.0,-2160000.0,-0.0550192313
KRW-BTC,2022-05-19,2022-05-19 09:00:00,37100000.0,39085000.0,37000000.0,38780000.0,1653004799390,242974605150.87173,6407.34186752,37099000.0,1681000.0,0.0453111944
KRW-BTC,2022-05-20,2022-05-20 09:00:00,38781000.0,39298000.0,37267000.0,37762000.0,1653091200297,225269617988.79233,5865.61037606,38780000.0,-1018000.0,-0.0262506447
KRW-BTC,2022-05-21,2022-05-21 09:00:00,37798000.0,38253000.0,37558000.0,38037000.0,1653177599262,106779412306.24332,2813.64815039,37762000.0,275000.0,0.0072824533
KRW-BTC,2022-05-22,2022-05-22 09:00:00,38037000.0,39150000.0,37886000.0,38933000.0,1653264000072,128577550743.85239,3336.52070723,38037000.0,896000.0,0.0235560113
KRW-BTC,2022-05-23,2022-05-23 09:00:00,38933000.0,39220000.0,37209000.0,37436000.0,1653350399439,190334640537.41727,4947.2210493,38933000.0,-1497000.0,-0.0384506717
KRW-BTC,2022-05-24,2022-05-24 09:00:00,37436000.0,38000000.0,36725000.0,37827000.0,1653436799983,142910723625.20737,3823.78536764,37436000.0,391000.0,0.0104444919
KRW-BTC,2022-05-25,2022-05-25 09:00:00,37827000.0,38360000.0,37558000.0,37935000.0,1653523199984,147137682970.50873,3871.09133713,37827000.0,108000.0,0.0028551035
KRW-BTC,2022-05-26,2022-05-26 09:00:00,37937000.0,38230000.0,36394000.0,37662000.0,1653609600009,195505091618.82016,5202.30433331,37935000.0,-273000.0,-0.0071965204
KRW-BTC,2022-05-27,2022-05-27 09:00:00,37662000.0,37889000.0,36413000.0,36837000.0,1653695999757,162036860622.9899,4373.88537069,37662000.0,-825000.0,-0.0219053688
KRW-BTC,2022-05-28,2022-05-28 09:00:00,36862000.0,37373000.0,36613000.0,37034000.0,1653782399604,71361163243.76425,1931.8459728,36837000.0,197000.0,0.0053478839
KRW-BTC,2022-05-29,2022-05-29 09:00:00,37033000.0,37620000.0,36825000.0,37380000.0,1653868799733,63691223300.73744,1712.65014609,37034000.0,346000.0,0.0093427661
KRW-BTC,2022-05-30,2022-05-30 09:00:00,37415000.0,39989000.0,37230000.0,39550000.0,1653955199595,211274731621.14108,5467.46003665,37380000.0,2170000.0,0.0580524345
KRW-BTC,2022-05-31,2022-05-31 09:00:00,39527000.0,40600000.0,39300000.0,39923000.0,1654041600037,256308491503.18982,6442.97998078,39550000.0,373000.0,0.0094310999
KRW-BTC,2022-06-01,2022-06-01 09:00:00,39927000.0,40150000.0,37500000.0,37880000.0,1654127999373,245744047452.18063,6304.81427285,39923000.0,-2043000.0,-0.051173509
KRW-BTC,2022-06-02,2022-06-02 09:00:00,37880000.0,38680000.0,37558000.0,38392000.0,1654214396657,110236787826.56088,2899.34567262,37880000.0,512000.0,0.0135163675
KRW-BTC,2022-06-03,2022-06-03 09:00:00,38393000.0,38630000.0,37378000.0,37851000.0,1654300798094,137238868186.18251,3606.94746991,38392000.0,-541000.0,-0.0140914774
KRW-BTC,2022-06-04,2022-06-04 09:00:00,37852000.0,38100000.0,37666000.0,37916000.0,1654387196746,53025106657.57351,1401.3122846,37851000.0,65000.0,0.0017172598
KRW-BTC,2022-06-05,2022-06-05 09:00:00,37916000.0,38300000.0,37608000.0,37972000.0,1654473599955,49985999685.45281,1320.2216869,37916000.0,56000.0,0.001476949
KRW-BTC,2022-06-06,2022-06-06 09:00:00,37974000.0,39952000.0,37966000.0,39532000.0,1654560000056,172041848037.47153,4372.22457945,37972000.0,1560000.0,0.0410829032
KRW-BTC,2022-06-07,2022-06-07 09:00:00,39532000.0,39797000.0,37500000.0,39398000.0,1654646399655,303250155093.7022,7886.33246816,39532000.0,-134000.0,-0.003389659
KRW-BTC,2022-06-08,2022-06-08 09:00:00,39366000.0,39599000.0,38128000.0,38581000.0,1654732799295,199350471018.1796,5152.82944355,39398000.0,-817000.0,-0.0207370933
KRW-BTC,2022-06-09,2022-06-09 09:00:00,38581000.0,38800000.0,38150000.0,38256000.0,1654819199465,113235233678.05505,2945.15078326,38581000.0,-325000.0,-0.0084238356
KRW-BTC,2022-06-10,2022-06-10 09:00:00,38265000.0,38850000.0,37470000.0,37611000.0,1654905599611,168289151399.8374,4429.21478893,38256000.0,-645000.0,-0.0168601004
KRW-BTC,2022-06-11,2022-06-11 09:00:00,37613000.0,37990000.0,36680000.0,37058000.0,1654991999650,167988296425.94037,4509.66118809,37611000.0,-553000.0,-0.0147031454
KRW-BTC,2022-06-12,2022-06-12 09:00:00,37061000.0,37157000.0,34700000.0,34718000.0,1655078400056,219859784066.75397,6146.33187376,37058000.0,-2340000.0,-0.0631442603
KRW-BTC,2022-06-13,2022-06-13 09:00:00,34718000.0,35050000.0,28960000.0,29372000.0,1655164799476,668025770993.4442,21092.06419942,34718000.0,-5346000.0,-0.1539835244
KRW-BTC,2022-06-14,2022-06-14 09:00:00,29373000.0,30205000.0,27412000.0,28829000.0,1655251199739,561772913986.8145,19487.81540886,29372000.0,-543000.0,-0.0184869944
KRW-BTC,2022-06-15,2022-06-15 09:00:00,28828000.0,29566000.0,26694000.0,29253000.0,1655337599843,559000697514.428,20040.69089176,28829000.0,424000.0,0.0147074127
KRW-BTC,2022-06-16,2022-06-16 09:00:00,29235000.0,29622000.0,26718000.0,26898000.0,1655423999806,305925822885.83704,10897.12712035,29253000.0,-2355000.0,-0.0805045636
KRW-BTC,2022-06-17,2022-06-17 09:00:00,26900000.0,27920000.0,26573000.0,27010000.0,1655510399478,224342676396.38416,8254.74720985,26898000.0,112000.0,0.0041638784
KRW-BTC,2022-06-18,2022-06-18 09:00:00,27010000.0,27345000.0,24000000.0,25093000.0,1655596799760,433108212679.0678,17021.37137859,27010000.0,-1917000.0,-0.0709737134
KRW-BTC,2022-06-19,2022-06-19 09:00:00,25096000.0,26943000.0,23800000.0,26642000.0,1655683199826,381029060910.1559,15039.09542323,25093000.0,1549000.0,0.061730363
KRW-BTC,2022-06-20,2022-06-20 09:00:00,26666000.0,27184000.0,25599000.0,26643000.0,1655769598889,329953094202.11145,12451.16444339,26642000.0,1000.0,3.75347e-05
KRW-BTC,2022-06-21,2022-06-21 09:00:00,26643000.0,27970000.0,26476000.0,26967000.0,1655855999519,278469858805.06476,10207.59720614,26643000.0,324000.0,0.0121607927
KRW-BTC,2022-06-22,2022-06-22 09:00:00,26967000.0,27160000.0,25950000.0,26193000.0,1655942399631,209447520551.6528,7880.69810885,26967000.0,-774000.0,-0.0287017466
KRW-BTC,2022-06-23,2022-06-23 09:00:00,26180000.0,27489000.0,26105000.0,27419000.0,1656028799445,313542284234.99506,11674.89801533,26193000.0,1226000.0,0.0468063987
KRW-BTC,2022-06-24,2022-06-24 09:00:00,27419000.0,27900000.0,26975000.0,27597000.0,1656115199454,367520475760.64056,13388.89574771,27419000.0,178000.0,0.0064918487
KRW-BTC,2022-06-25,2022-06-25 09:00:00,27592000.0,27989000.0,27258000.0,27832000.0,1656201599834,172243806128.06155,6225.32828277,27597000.0,235000.0,0.0085154183
KRW-BTC,2022-06-26,2022-06-26 09:00:00,27837000.0,28350000.0,27415000.0,27460000.0,1656287999555,151630980878.5098,5447.10131764,27832000.0,-372000.0,-0.0133659097
KRW-BTC,2022-06-27,2022-06-27 09:00:00,27475000.0,27850000.0,26800000.0,27039000.0,1656374399232,157291687583.22983,5752.80718136,27460000.0,-421000.0,-0.0153313911
KRW-BTC,2022-06-28,2022-06-28 09:00:00,27033000.0,27456000.0,26470000.0,26547000.0,1656460799251,145708709679.6057,5406.3616699,27039000.0,-492000.0,-0.0181959392
KRW-BTC,2022-06-29,2022-06-29 09:00:00,26553000.0,26800000.0,26163000.0,26548000.0,1656547199739,243859022578.08624,9223.20252083,26547000.0,1000.0,3.7669e-05
KRW-BTC,2022-06-30,2022-06-30 09:00:00,26572000.0,26609000.0,24776000.0,26003000.0,1656633599755,292542947043.12994,11478.34480571,26548000.0,-545000.0,-0.0205288534
KRW-BTC,2022-07-01,2022-07-01 09:00:00,25999000.0,27110000.0,25100000.0,25556000.0,1656719999317,276372951294.9279,10667.06530912,26003000.0,-447000.0,-0.0171903242
KRW-BTC,2022-07-02,2022-07-02 09:00:00,25576000.0,25700000.0,25180000.0,25463000.0,1656806399522,91226992257.78572,3585.12725415,25556000.0,-93000.0,-0.0036390671
KRW-BTC,2022-07-03,2022-07-03 09:00:00,25465000.0,25870000.0,25000000.0,25422000.0,1656892799474,101635661159.56302,4004.47295514,25463000.0,-41000.0,-0.0016101795
KRW-BTC,2022-07-04,2022-07-04 09:00:00,25454000.0,26560000.0,25150000.0,26399000.0,1656979199907,161102938742.25455,6263.45644496,25422000.0,977000.0,0.03843128
KRW-BTC,2022-07-05,2022-07-05 09:00:00,26399000.0,27269000.0,25580000.0,26548000.0,1657065600006,221921937084.71182,8426.86858306,26399000.0,149000.0,0.0056441532
KRW-BTC,2022-07-06,2022-07-06 09:00:00,26523000.0,27084000.0,26131000.0,26954000.0,1657151999875,157481305869.87643,5929.70297686,26548000.0,406000.0,0.0152930541
KRW-BTC,2022-07-07,2022-07-07 09:00:00,26953000.0,28347000.0,26600000.0,28115000.0,1657238400045,239026770404.97253,8756.63987596,26954000.0,1161000.0,0.0430733843
KRW-BTC,2022-07-08,2022-07-08 09:00:00,28129000.0,29084000.0,27800000.0,28241000.0,1657324799934,307025282628.8606,10799.53960874,28115000.0,126000.0,0.0044815935
KRW-BTC,2022-07-09,2022-07-09 09:00:00,28241000.0,28600000.0,27915000.0,28200000.0,1657411195730,128523821796.09229,4557.63927433,28241000.0,-41000.0,-0.00145179
KRW-BTC,2022-07-10,2022-07-10 09:00:00,28199000.0,28222000.0,27181000.0,27317000.0,1657497600103,138733984074.7209,5010.69690978,28200000.0,-883000.0,-0.0313120567
KRW-BTC,2022-07-11,2022-07-11 09:00:00,27317000.0,27327000.0,26400000.0,26460000.0,1657583999884,156475302283.7503,5812.7656968,27317000.0,-857000.0,-0.0313724055
KRW-BTC,2022-07-12,2022-07-12 09:00:00,26474000.0,26565000.0,25650000.0,25723000.0,1657670398525,135294867708.1206,5167.36529415,26460000.0,-737000.0,-0.0278533636
KRW-BTC,2022-07-13,2022-07-13 09:00:00,25723000.0,26759000.0,25200000.0,26611000.0,1657756798291,216442044153.6275,8364.96759425,25723000.0,888000.0,0.0345216343
KRW-BTC,2022-07-14,2022-07-14 09:00:00,26604000.0,27500000.0,26103000.0,27135000.0,1657843199241,186298867158.77097,6982.83175399,26611000.0,524000.0,0.0196911052
KRW-BTC,2022-07-15,2022-07-15 09:00:00,27140000.0,27899000.0,26914000.0,27518000.0,1657929600133,171512370994.4794,6257.93313595,27135000.0,383000.0,0.0141146121
KRW-BTC,2022-07-16,2022-07-16 09:00:00,27496000.0,28387000.0,27114000.0,27857000.0,1658015999914,147797725204.19852,5336.1088057,27518000.0,339000.0,0.0123192092
KRW-BTC,2022-07-17,2022-07-17 09:00:00,27856000.0,28481000.0,27453000.0,27505000.0,1658102399236,177769552412.64807,6347.36604649,27857000.0,-352000.0,-0.0126359622
KRW-BTC,2022-07-18,2022-07-18 09:00:00,27505000.0,29613000.0,27450000.0,29322000.0,1658188799854,398300909441.9459,13859.74527805,27505000.0,1817000.0,0.0660607162
KRW-BTC,2022-07-19,2022-07-19 09:00:00,29322000.0,31050000.0,28476000.0,30660000.0,1658275199699,432241993220.26056,14595.94785594,29322000.0,1338000.0,0.0456312666
KRW-BTC,2022-07-20,2022-07-20 09:00:00,30646000.0,31831000.0,30128000.0,30505000.0,1658361599638,385272873489.7735,12434.44375652,30660000.0,-155000.0,-0.0050554468
KRW-BTC,2022-07-21,2022-07-21 09:00:00,30500000.0,30849000.0,29621000.0,30415000.0,1658447999717,322028032629.59186,10664.60764073,30505000.0,-90000.0,-0.002950336
KRW-BTC,2022-07-22,2022-07-22 09:00:00,30415000.0,31201000.0,29874000.0,30080000.0,1658534399701,232744416254.30316,7607.90890932,30415000.0,-335000.0,-0.0110143022
KRW-BTC,2022-07-23,2022-07-23 09:00:00,30077000.0,30272000.0,29214000.0,29722000.0,1658620799536,169985086874.11963,5699.5983605,30080000.0,-358000.0,-0.0119015957
KRW-BTC,2022-07-24,2022-07-24 09:00:00,29704000.0,30195000.0,29498000.0,29818000.0,1658707199844,154939287726.8473,5186.69159558,29722000.0,96000.0,0.0032299307
KRW-BTC,2022-07-25,2022-07-25 09:00:00,29818000.0,29938000.0,28500000.0,28555000.0,1658793599023,238652164946.97098,8196.41047121,29818000.0,-1263000.0,-0.0423569656
KRW-BTC,2022-07-26,2022-07-26 09:00:00,28555000.0,28633000.0,27716000.0,28401000.0,1658879999466,179987450702.74982,6394.87499911,28555000.0,-154000.0,-0.005393101
KRW-BTC,2022-07-27,2022-07-27 09:00:00,28401000.0,30492000.0,28165000.0,30202000.0,1658966399968,242209334669.88464,8326.59445286,28401000.0,1801000.0,0.0634132601
KRW-BTC,2022-07-28,2022-07-28 09:00:00,30200000.0,31573000.0,29850000.0,31217000.0,1659052799933,324567126698.1468,10600.62751364,30202000.0,1015000.0,0.0336070459
KRW-BTC,2022-07-29,2022-07-29 09:00:00,31217000.0,31990000.0,30965000.0,31404000.0,1659139199770,306877006552.7374,9751.91139782,31217000.0,187000.0,0.0059903258
KRW-BTC,2022-07-30,2022-07-30 09:00:00,31402000.0,32500000.0,31171000.0,31281000.0,1659225600044,234009470197.65198,7360.05975571,31404000.0,-123000.0,-0.0039166985
KRW-BTC,2022-07-31,2022-07-31 09:00:00,31270000.0,31775000.0,30714000.0,30751000.0,1659312000243,221746679600.18268,7085.40894364,31281000.0,-530000.0,-0.0169431924
KRW-BTC,2022-08-01,2022-08-01 09:00:00,30750000.0,31099000.0,30392000.0,30851000.0,1659398400065,203970347823.3757,6632.83303678,30751000.0,100000.0,0.0032519268
KRW-BTC,2022-08-02,2022-08-02 09:00:00,30851000.0,31141000.0,30246000.0,30754000.0,1659484800021,232698286944.98627,7603.47582952,30851000.0,-97000.0,-0.0031441444
KRW-BTC,2022-08-03,2022-08-03 09:00:00,30754000.0,31467000.0,30509000.0,30708000.0,1659571199815,188719530349.60205,6104.35808879,30754000.0,-46000.0,-0.0014957404
KRW-BTC,2022-08-04,2022-08-04 09:00:00,30708000.0,30980000.0,30159000.0,30315000.0,1659657599512,156029549309.207,5092.11116051,30708000.0,-393000.0,-0.012797968
KRW-BTC,2022-08-05,2022-08-05 09:00:00,30318000.0,30990000.0,30261000.0,30767000.0,1659744000037,169447786524.08502,5525.87043361,30315000.0,452000.0,0.0149101105
KRW-BTC,2022-08-06,2022-08-06 09:00:00,30767000.0,30843000.0,30509000.0,30534000.0,1659830399983,81425112951.89291,2650.63355937,30767000.0,-233000.0,-0.007573049
KRW-BTC,2022-08-07,2022-08-07 09:00:00,30534000.0,30899000.0,30440000.0,30685000.0,1659916799943,77019180215.84589,2514.51503225,30534000.0,151000.0,0.0049453069
KRW-BTC,2022-08-08,2022-08-08 09:00:00,30695000.0,31925000.0,30680000.0,31459000.0,1660003199221,179948905273.3112,5716.18441331,30685000.0,774000.0,0.0252240508
KRW-BTC,2022-08-09,2022-08-09 09:00:00,31435000.0,31743000.0,30570000.0,30997000.0,1660089599865,174857808256.07858,5607.51268342,31459000.0,-462000.0,-0.0146857815
KRW-BTC,2022-08-10,2022-08-10 09:00:00,30997000.0,32073000.0,30522000.0,31583000.0,1660175999134,276307461064.625,8806.55797536,30997000.0,586000.0,0.0189050553
KRW-BTC,2022-08-11,2022-08-11 09:00:00,31583000.0,32879000.0,31581000.0,31770000.0,1660262399965,298863622797.97766,9244.45685127,31583000.0,187000.0,0.0059209068
KRW-BTC,2022-08-12,2022-08-12 09:00:00,31770000.0,32450000.0,31590000.0,32368000.0,1660348799644,267506311075.9209,8387.04392221,31770000.0,598000.0,0.0188227888
KRW-BTC,2022-08-13,2022-08-13 09:00:00,32368000.0,32957000.0,32260000.0,32562000.0,1660435200088,143160548469.4298,4388.33032231,32368000.0,194000.0,0.0059935739
KRW-BTC,2022-08-14,2022-08-14 09:00:00,32562000.0,33197000.0,32310000.0,32544000.0,1660521599946,208971917597.303,6387.19826642,32562000.0,-18000.0,-0.0005527916
KRW-BTC,2022-08-15,2022-08-15 09:00:00,32544000.0,33450000.0,32139000.0,32445000.0,1660607999982,226008853379.95538,6914.8075927,32544000.0,-99000.0,-0.0030420354
KRW-BTC,2022-08-16,2022-08-16 09:00:00,32435000.0,32600000.0,31865000.0,32082000.0,1660694399485,134649200360.7835,4179.74642172,32445000.0,-363000.0,-0.0111881646
KRW-BTC,2022-08-17,2022-08-17 09:00:00,32082000.0,32600000.0,31334000.0,31547000.0,1660780799449,185426079807.862,5812.24927668,32082000.0,-535000.0,-0.0166760177
KRW-BTC,2022-08-18,2022-08-18 09:00:00,31547000.0,31779000.0,31484000.0,31720000.0,1660867200053,93394051416.17296,2950.43773428,31547000.0,173000.0,0.0054838812
KRW-BTC,2022-08-19,2022-08-19 09:00:00,31720000.0,31739000.0,28612000.0,28678000.0,1660953599417,354714117159.2484,11796.61947017,31720000.0,-3042000.0,-0.0959016393
KRW-BTC,2022-08-20,2022-08-20 09:00:00,28678000.0,29429000.0,28616000.0,29340000.0,1661039999941,154372033844.43927,5295.31161819,28678000.0,662000.0,0.0230838971
KRW-BTC,2022-08-21,2022-08-21 09:00:00,29350000.0,29760000.0,29016000.0,29459000.0,1661126399421,111313729260.53806,3786.40688642,29340000.0,119000.0,0.0040558964
KRW-BTC,2022-08-22,2022-08-22 09:00:00,29458000.0,29554000.0,28857000.0,29260000.0,1661212799710,125494897056.34212,4297.80375186,29459000.0,-199000.0,-0.0067551512
KRW-BTC,2022-08-23,2022-08-23 09:00:00,29261000.0,29528000.0,28701000.0,29307000.0,1661299199921,109821061058.27287,3763.61382345,29260000.0,47000.0,0.0016062884
KRW-BTC,2022-08-24,2022-08-24 09:00:00,29287000.0,29695000.0,28950000.0,29104000.0,1661385599862,91431871249.1678,3125.56012147,29307000.0,-203000.0,-0.0069266728
KRW-BTC,2022-08-25,2022-08-25 09:00:00,29103000.0,29500000.0,29036000.0,29300000.0,1661471999112,101201648467.01949,3452.12199237,29104000.0,196000.0,0.0067344695
KRW-BTC,2022-08-26,2022-08-26 09:00:00,29299000.0,29655000.0,27790000.0,27969000.0,1661558399994,222906367027.81876,7729.24670505,29300000.0,-1331000.0,-0.0454266212
KRW-BTC,2022-08-27,2022-08-27 09:00:00,27954000.0,28150000.0,27510000.0,27739000.0,1661644798637,86963182786.77777,3125.25646287,27969000.0,-230000.0,-0.0082233902
KRW-BTC,2022-08-28,2022-08-28 09:00:00,27739000.0,27878000.0,27090000.0,27099000.0,1661731199513,68413346182.69284,2480.82358668,27739000.0,-640000.0,-0.0230722088
KRW-BTC,2022-08-29,2022-08-29 09:00:00,27098000.0,28066000.0,27094000.0,27792000.0,1661817599659,102229321499.59357,3709.53491351,27099000.0,693000.0,0.0255728994
KRW-BTC,2022-08-30,2022-08-30 09:00:00,27792000.0,28150000.0,27155000.0,27314000.0,1661903998949,117154442399.73819,4229.54737089,27792000.0,-478000.0,-0.017199194
KRW-BTC,2022-08-31,2022-08-31 09:00:00,27314000.0,27957000.0,27286000.0,27530000.0,1661990399325,101805940867.42548,3677.29907389,27314000.0,216000.0,0.0079080325
KRW-BTC,2022-09-01,2022-09-01 09:00:00,27521000.0,27773000.0,27100000.0,27636000.0,1662076799781,98555665886.7322,3585.51130768,27530000.0,106000.0,0.0038503451
KRW-BTC,2022-09-02,2022-09-02 09:00:00,27636000.0,28000000.0,27312000.0,27571000.0,1662163199604,101532094745.71394,3667.65760467,27636000.0,-65000.0,-0.0023520046
KRW-BTC,2022-09-03,2022-09-03 09:00:00,27562000.0,27704000.0,27286000.0,27447000.0,1662249599504,51373788619.60471,1868.62894153,27571000.0,-124000.0,-0.0044974792
KRW-BTC,2022-09-04,2022-09-04 09:00:00,27440000.0,27590000.0,27200000.0,27528000.0,1662335996889,49935020084.01973,1823.70402927,27447000.0,81000.0,0.0029511422
KRW-BTC,2022-09-05,2022-09-05 09:00:00,27529000.0,27599000.0,27223000.0,27309000.0,1662422400002,96597927685.97044,3528.46820144,27528000.0,-219000.0,-0.0079555362
KRW-BTC,2022-09-06,2022-09-06 09:00:00,27309000.0,27690000.0,26203000.0,26361000.0,1662508799703,220653038140.5346,8145.67658457,27309000.0,-948000.0,-0.0347138306
KRW-BTC,2022-09-07,2022-09-07 09:00:00,26361000.0,27064000.0,26198000.0,26810000.0,1662595199980,152753275129.61255,5757.55932075,26361000.0,449000.0,0.0170327378
KRW-BTC,2022-09-08,2022-09-08 09:00:00,26811000.0,27042000.0,26601000.0,26887000.0,1662681599814,114299755054.95776,4259.43244539,26810000.0,77000.0,0.0028720627
KRW-BTC,2022-09-09,2022-09-09 09:00:00,26887000.0,29616000.0,26864000.0,29350000.0,1662767999888,279964481183.08813,9802.80413791,26887000.0,2463000.0,0.0916056087
KRW-BTC,2022-09-10,2022-09-10 09:00:00,29344000.0,29900000.0,29001000.0,29727000.0,1662854399949,168836480144.08762,5736.67505696,29350000.0,377000.0,0.0128449744
KRW-BTC,2022-09-11,2022-09-11 09:00:00,29727000.0,30030000.0,29527000.0,30028000.0,1662940799992,109635972850.14722,3688.60048846,29727000.0,301000.0,0.0101254752
KRW-BTC,2022-09-12,2022-09-12 09:00:00,30028000.0,30851000.0,29780000.0,30656000.0,1663027199873,232343692738.235,7642.56603339,30028000.0,628000.0,0.0209138138
KRW-BTC,2022-09-13,2022-09-13 09:00:00,30684000.0,31300000.0,28200000.0,28371000.0,1663113599815,451810008614.8326,15229.11580906,30656000.0,-2285000.0,-0.0745367954
KRW-BTC,2022-09-14,2022-09-14 09:00:00,28371000.0,28813000.0,27688000.0,28344000.0,1663199999165,247271041270.23514,8716.78268528,28371000.0,-27000.0,-0.000951676
KRW-BTC,2022-09-15,2022-09-15 09:00:00,28352000.0,28518000.0,27774000.0,28024000.0,1663286398353,195627680377.5866,6939.77703727,28344000.0,-320000.0,-0.0112898673
KRW-BTC,2022-09-16,2022-09-16 09:00:00,28029000.0,28173000.0,27453000.0,27915000.0,1663372799412,149166663031.6244,5350.8370115,28024000.0,-109000.0,-0.0038895233
KRW-BTC,2022-09-17,2022-09-17 09:00:00,27916000.0,28357000.0,27893000.0,28174000.0,1663459199761,90962723366.98038,3240.10043653,27915000.0,259000.0,0.0092781659
KRW-BTC,2022-09-18,2022-09-18 09:00:00,28174000.0,28206000.0,27280000.0,27490000.0,1663545599567,111684122369.5478,4018.15031347,28174000.0,-684000.0,-0.0242777028
KRW-BTC,2022-09-19,2022-09-19 09:00:00,27490000.0,27732000.0,26216000.0,27566000.0,1663631999757,261036423103.05676,9719.59411004,27490000.0,76000.0,0.0027646417
KRW-BTC,2022-09-20,2022-09-20 09:00:00,27566000.0,27707000.0,26582000.0,26757000.0,1663718400043,142380132917.12753,5253.12223798,27566000.0,-809000.0,-0.0293477472
KRW-BTC,2022-09-21,2022-09-21 09:00:00,26757000.0,27974000.0,26199000.0,26538000.0,1663804800039,249412571329.63596,9250.11876736,26757000.0,-219000.0,-0.0081847741
KRW-BTC,2022-09-22,2022-09-22 09:00:00,26523000.0,27698000.0,26478000.0,27572000.0,1663891199117,161447348659.75824,5953.98909369,26538000.0,1034000.0,0.0389629965
KRW-BTC,2022-09-23,2022-09-23 09:00:00,27571000.0,27788000.0,26709000.0,27594000.0,1663977599799,197579982083.18936,7237.64208747,27572000.0,22000.0,0.0007979109
KRW-BTC,2022-09-24,2022-09-24 09:00:00,27591000.0,27611000.0,27101000.0,27270000.0,1664063999948,79497771143.62138,2902.69643769,27594000.0,-324000.0,-0.011741683
KRW-BTC,2022-09-25,2022-09-25 09:00:00,27270000.0,27499000.0,26910000.0,27051000.0,1664150399893,67830234775.315,2488.11130047,27270000.0,-219000.0,-0.0080308031
KRW-BTC,2022-09-26,2022-09-26 09:00:00,27051000.0,27749000.0,27000000.0,27597000.0,1664236797955,127050448051.4524,4639.44616128,27051000.0,546000.0,0.0201840967
KRW-BTC,2022-09-27,2022-09-27 09:00:00,27604000.0,29112000.0,27130000.0,27501000.0,1664323200038,319136537626.8621,11326.09517744,27597000.0,-96000.0,-0.003478639
KRW-BTC,2022-09-28,2022-09-28 09:00:00,27495000.0,28421000.0,26800000.0,27952000.0,1664409599325,214191020039.02698,7772.21243875,27501000.0,451000.0,0.0163994037
KRW-BTC,2022-09-29,2022-09-29 09:00:00,27952000.0,28246000.0,27290000.0,28033000.0,1664495999886,180040554490.9342,6460.93157873,27952000.0,81000.0,0.0028978248
KRW-BTC,2022-09-30,2022-09-30 09:00:00,28020000.0,28841000.0,27580000.0,27924000.0,1664582399958,193003164789.35318,6867.90245601,28033000.0,-109000.0,-0.0038882745
KRW-BTC,2022-10-01,2022-10-01 09:00:00,27924000.0,28008000.0,27696000.0,27868000.0,1664668800113,70954974472.5078,2546.82511672,27924000.0,-56000.0,-0.0020054433
KRW-BTC,2022-10-02,2022-10-02 09:00:00,27868000.0,27960000.0,27512000.0,27691000.0,1664755199993,85545876530.29362,3079.76956148,27868000.0,-177000.0,-0.0063513707
KRW-BTC,2022-10-03,2022-10-03 09:00:00,27672000.0,28375000.0,27591000.0,28299000.0,1664841598678,110671195709.21011,3956.10964039,27691000.0,608000.0,0.0219565924
KRW-BTC,2022-10-04,2022-10-04 09:00:00,28280000.0,29094000.0,28145000.0,28980000.0,1664927999834,158534948897.20932,5533.81706516,28299000.0,681000.0,0.0240644546
KRW-BTC,2022-10-05,2022-10-05 09:00:00,28952000.0,29017000.0,28322000.0,28721000.0,1665014399425,147816772453.40317,5152.71568006,28980000.0,-259000.0,-0.0089371981
KRW-BTC,2022-10-06,2022-10-06 09:00:00,28720000.0,28930000.0,28290000.0,28418000.0,1665100798794,137349502267.4623,4801.18768165,28721000.0,-303000.0,-0.0105497719
KRW-BTC,2022-10-07,2022-10-07 09:00:00,28418000.0,28517000.0,27663000.0,27805000.0,1665187199051,152011960410.50436,5416.37859178,28418000.0,-613000.0,-0.0215708354
KRW-BTC,2022-10-08,2022-10-08 09:00:00,27810000.0,27933000.0,27602000.0,27743000.0,1665273599672,58568308272.54694,2106.94531415,27805000.0,-62000.0,-0.0022298148
KRW-BTC,2022-10-09,2022-10-09 09:00:00,27743000.0,27885000.0,27622000.0,27679000.0,1665359999363,45515986562.08575,1640.58178291,27743000.0,-64000.0,-0.0023068882
KRW-BTC,2022-10-10,2022-10-10 09:00:00,27679000.0,27833000.0,27359000.0,27401000.0,1665446399138,115900538932.09181,4196.41533705,27679000.0,-278000.0,-0.0100437155
KRW-BTC,2022-10-11,2022-10-11 09:00:00,27397000.0,27678000.0,27131000.0,27339000.0,1665532800037,102219516094.35872,3732.94000305,27401000.0,-62000.0,-0.0022626911
KRW-BTC,2022-10-12,2022-10-12 09:00:00,27339000.0,27523000.0,27255000.0,27460000.0,1665619198926,57574795545.87141,2101.42661527,27339000.0,121000.0,0.0044259117
KRW-BTC,2022-10-13,2022-10-13 09:00:00,27460000.0,28063000.0,26400000.0,27810000.0,1665705599938,222277657967.64612,8203.95839502,27460000.0,350000.0,0.0127458121
KRW-BTC,2022-10-14,2022-10-14 09:00:00,27808000.0,28539000.0,27500000.0,27660000.0,1665791998406,148190762947.29398,5280.08123901,27810000.0,-150000.0,-0.0053937433
KRW-BTC,2022-10-15,2022-10-15 09:00:00,27656000.0,27722000.0,27410000.0,27524000.0,1665878398664,51459862485.05421,1863.65198088,27660000.0,-136000.0,-0.0049168474
KRW-BTC,2022-10-16,2022-10-16 09:00:00,27548000.0,27900000.0,27502000.0,27655000.0,1665964800014,44583425422.02929,1613.23153145,27524000.0,131000.0,0.0047594826
KRW-BTC,2022-10-17,2022-10-17 09:00:00,27655000.0,28200000.0,27526000.0,27993000.0,1666051198914,92642089152.88167,3325.59179617,27655000.0,338000.0,0.0122220213
KRW-BTC,2022-10-18,2022-10-18 09:00:00,27993000.0,28180000.0,27530000.0,27812000.0,1666137599355,101833511876.60257,3645.54686846,27993000.0,-181000.0,-0.0064659022
KRW-BTC,2022-10-19,2022-10-19 09:00:00,27824000.0,27825000.0,27536000.0,27657000.0,1666223999573,87417949567.93259,3160.61602939,27812000.0,-155000.0,-0.0055731339
KRW-BTC,2022-10-20,2022-10-20 09:00:00,27639000.0,27800000.0,27400000.0,27505000.0,1666310399039,73944127659.67822,2683.2479925,27657000.0,-152000.0,-0.0054958962
KRW-BTC,2022-10-21,2022-10-21 09:00:00,27505000.0,27700000.0,27130000.0,27580000.0,1666396798982,76016880613.55505,2767.62248007,27505000.0,75000.0,0.0027267769
KRW-BTC,2022-10-22,2022-10-22 09:00:00,27600000.0,27700000.0,27547000.0,27620000.0,1666483199160,56235951760.10317,2036.10495024,27580000.0,40000.0,0.0014503263
KRW-BTC,2022-10-23,2022-10-23 09:00:00,27620000.0,28152000.0,27484000.0,27981000.0,1666569599247,75515642883.3644,2722.16975796,27620000.0,361000.0,0.013070239
KRW-BTC,2022-10-24,2022-10-24 09:00:00,27981000.0,28077000.0,27663000.0,27803000.0,1666655999835,87079836345.68925,3125.3489913,27981000.0,-178000.0,-0.0063614596
KRW-BTC,2022-10-25,2022-10-25 09:00:00,27803000.0,28844000.0,27621000.0,28494000.0,1666742399977,137804124211.57245,4893.20312894,27803000.0,691000.0,0.0248534331
KRW-BTC,2022-10-26,2022-10-26 09:00:00,28494000.0,29447000.0,28470000.0,29079000.0,1666828799961,173488898127.12695,5979.87612062,28494000.0,585000.0,0.020530638
KRW-BTC,2022-10-27,2022-10-27 09:00:00,29116000.0,29238000.0,28530000.0,28590000.0,1666915198182,149863792429.01614,5172.49423341,29079000.0,-489000.0,-0.0168162592
KRW-BTC,2022-10-28,2022-10-28 09:00:00,28590000.0,29183000.0,28350000.0,28958000.0,1667001599970,98435976522.9078,3424.86186466,28590000.0,368000.0,0.0128716334
KRW-BTC,2022-10-29,2022-10-29 09:00:00,28932000.0,29497000.0,28910000.0,29091000.0,1667087998418,181410545343.46017,6211.37653974,28958000.0,133000.0,0.0045928586
KRW-BTC,2022-10-30,2022-10-30 09:00:00,29091000.0,29350000.0,28902000.0,28957000.0,1667174399104,91332005443.68755,3137.06875888,29091000.0,-134000.0,-0.0046062356
KRW-BTC,2022-10-31,2022-10-31 09:00:00,28957000.0,29217000.0,28580000.0,28778000.0,1667260796796,109126492407.11536,3780.01775723,28957000.0,-179000.0,-0.0061815796
KRW-BTC,2022-11-01,2022-11-01 09:00:00,28778000.0,28928000.0,28634000.0,28749000.0,1667347196005,84430214876.02364,2933.71664252,28778000.0,-29000.0,-0.0010077142
KRW-BTC,2022-11-02,2022-11-02 09:00:00,28753000.0,29299000.0,28500000.0,28632000.0,1667433599914,217669276832.28488,7547.86136867,28749000.0,-117000.0,-0.0040697068
KRW-BTC,2022-11-03,2022-11-03 09:00:00,28632000.0,28900000.0,28443000.0,28693000.0,1667519999060,194086875436.71292,6757.69291375,28632000.0,61000.0,0.0021304834
KRW-BTC,2022-11-04,2022-11-04 09:00:00,28685000.0,29679000.0,28683000.0,29388000.0,1667606399842,231718138685.04376,7964.11785191,28693000.0,695000.0,0.0242219357
KRW-BTC,2022-11-05,2022-11-05 09:00:00,29388000.0,29870000.0,29304000.0,29756000.0,1667692799989,164967206076.35477,5550.07970205,29388000.0,368000.0,0.0125221179
KRW-BTC,2022-11-06,2022-11-06 09:00:00,29756000.0,29869000.0,29400000.0,29473000.0,1667779199645,93055406232.24623,3135.46538779,29756000.0,-283000.0,-0.0095106869
KRW-BTC,2022-11-07,2022-11-07 09:00:00,29470000.0,29658000.0,28790000.0,28945000.0,1667865599627,152159017524.60736,5212.34471889,29473000.0,-528000.0,-0.0179147016
KRW-BTC,2022-11-08,2022-11-08 09:00:00,28945000.0,29020000.0,25842000.0,26650000.0,1667951998650,594772236555.9027,21680.49236147,28945000.0,-2295000.0,-0.0792883054
KRW-BTC,2022-11-09,2022-11-09 09:00:00,26652000.0,26832000.0,22564000.0,22919000.0,1668038399980,552715932088.8374,22296.85265068,26650000.0,-3731000.0,-0.14
KRW-BTC,2022-11-10,2022-11-10 09:00:00,22924000.0,25120000.0,22840000.0,24779000.0,1668124799841,498017206404.5683,20710.2527776,22919000.0,1860000.0,0.0811553733
KRW-BTC,2022-11-11,2022-11-11 09:00:00,24773000.0,24928000.0,23000000.0,23656000.0,1668211198479,303749422827.73645,12736.12608371,24779000.0,-1123000.0,-0.0453206344
KRW-BTC,2022-11-12,2022-11-12 09:00:00,23657000.0,23755000.0,23061000.0,23380000.0,1668297597358,111007195542.84412,4753.99237337,23656000.0,-276000.0,-0.0116672303
KRW-BTC,2022-11-13,2022-11-13 09:00:00,23380000.0,23515000.0,22500000.0,22510000.0,1668384000024,164599384311.13092,7169.9512786,23380000.0,-870000.0,-0.0372112917
KRW-BTC,2022-11-14,2022-11-14 09:00:00,22511000.0,23438000.0,21509000.0,22701000.0,1668470398210,301879477005.36584,13460.02192864,22510000.0,191000.0,0.0084851177
KRW-BTC,2022-11-15,2022-11-15 09:00:00,22706000.0,23220000.0,22530000.0,23003000.0,1668556799965,139067228426.62408,6064.33492986,22701000.0,302000.0,0.0133033787
KRW-BTC,2022-11-16,2022-11-16 09:00:00,23003000.0,23162000.0,22550000.0,22954000.0,1668643199308,110303866991.65161,4821.31903186,23003000.0,-49000.0,-0.0021301569
KRW-BTC,2022-11-17,2022-11-17 09:00:00,22954000.0,23039000.0,22613000.0,22982000.0,1668729599184,72904673241.5205,3192.69376433,22954000.0,28000.0,0.001219831
KRW-BTC,2022-11-18,2022-11-18 09:00:00,22982000.0,23330000.0,22900000.0,23061000.0,1668815999154,81843191220.82385,3545.61958418,22982000.0,79000.0,0.0034374728
KRW-BTC,2022-11-19,2022-11-19 09:00:00,23062000.0,23197000.0,22928000.0,23081000.0,1668902399374,51938225975.36801,2254.61082489,23061000.0,20000.0,0.0008672651
KRW-BTC,2022-11-20,2022-11-20 09:00:00,23082000.0,23128000.0,22651000.0,22788000.0,1668988798465,92051907651.90707,4008.06831163,23081000.0,-293000.0,-0.012694424
KRW-BTC,2022-11-21,2022-11-21 09:00:00,22763000.0,22810000.0,22000000.0,22220000.0,1669075199294,121611325051.6873,5410.35456693,22788000.0,-568000.0,-0.0249253993
KRW-BTC,2022-11-22,2022-11-22 09:00:00,22220000.0,22719000.0,22031000.0,22584000.0,1669161599339,107901365116.02403,4830.10682581,22220000.0,364000.0,0.0163816382
KRW-BTC,2022-11-23,2022-11-23 09:00:00,22599000.0,23121000.0,22525000.0,22985000.0,1669247999977,103606008888.91022,4524.89351291,22584000.0,401000.0,0.0177559334
KRW-BTC,2022-11-24,2022-11-24 09:00:00,22985000.0,23220000.0,22566000.0,22738000.0,1669334399572,94860806308.04427,4151.70054394,22985000.0,-247000.0,-0.0107461388
KRW-BTC,2022-11-25,2022-11-25 09:00:00,22735000.0,22794000.0,22370000.0,22676000.0,1669420798462,67806317145.13777,3000.13344954,22738000.0,-62000.0,-0.002726713
KRW-BTC,2022-11-26,2022-11-26 09:00:00,22677000.0,22862000.0,22605000.0,22660000.0,1669507199923,48865893597.60411,2148.77580606,22676000.0,-16000.0,-0.0007055918
KRW-BTC,2022-11-27,2022-11-27 09:00:00,22646000.0,22774000.0,22605000.0,22646000.0,1669593599760,45175559593.41976,1989.05113784,22660000.0,-14000.0,-0.0006178288
KRW-BTC,2022-11-28,2022-11-28 09:00:00,22661000.0,22690000.0,22217000.0,22339000.0,1669679998614,80214477852.49315,3579.0905705,22646000.0,-307000.0,-0.013556478
KRW-BTC,2022-11-29,2022-11-29 09:00:00,22329000.0,22617000.0,22155000.0,22417000.0,1669766399960,56647764932.03546,2523.90821039,22339000.0,78000.0,0.0034916514
KRW-BTC,2022-11-30,2022-11-30 09:00:00,22417000.0,23293000.0,22415000.0,23192000.0,1669852799938,107572115829.88625,4690.57520524,22417000.0,775000.0,0.0345719766
KRW-BTC,2022-12-01,2022-12-01 09:00:00,23209000.0,23400000.0,22871000.0,23002000.0,1669939194509,75761071316.25665,3278.51519679,23192000.0,-190000.0,-0.0081924802
KRW-BTC,2022-12-02,2022-12-02 09:00:00,23008000.0,23046000.0,22650000.0,22877000.0,1670025598339,61755977181.29832,2707.54917012,23002000.0,-125000.0,-0.0054343101
KRW-BTC,2022-12-03,2022-12-03 09:00:00,22877000.0,22973000.0,22752000.0,22830000.0,1670111999518,31071194370.80245,1361.73087278,22877000.0,-47000.0,-0.0020544652
KRW-BTC,2022-12-04,2022-12-04 09:00:00,22821000.0,23021000.0,22755000.0,22906000.0,1670198397638,38661404072.01502,1690.07399271,22830000.0,76000.0,0.0033289531
KRW-BTC,2022-12-05,2022-12-05 09:00:00,22918000.0,23150000.0,22685000.0,22725000.0,1670284798929,83776335468.46335,3649.93086302,22906000.0,-181000.0,-0.0079018598
KRW-BTC,2022-12-06,2022-12-06 09:00:00,22729000.0,22885000.0,22701000.0,22821000.0,1670371198322,64445480751.08888,2826.97261012,22725000.0,96000.0,0.0042244224
KRW-BTC,2022-12-07,2022-12-07 09:00:00,22837000.0,22898000.0,22400000.0,22544000.0,1670457598939,76371819695.76631,3381.14787642,22821000.0,-277000.0,-0.0121379431
KRW-BTC,2022-12-08,2022-12-08 09:00:00,22544000.0,23000000.0,22484000.0,22918000.0,1670543999042,60238648327.07826,2658.30122236,22544000.0,374000.0,0.01658978
KRW-BTC,2022-12-09,2022-12-09 09:00:00,22918000.0,23000000.0,22770000.0,22849000.0,1670630398088,53715032551.87096,2349.72627368,22918000.0,-69000.0,-0.0030107339
KRW-BTC,2022-12-10,2022-12-10 09:00:00,22845000.0,22940000.0,22820000.0,22831000.0,1670716798664,30646589950.31205,1339.76576612,22849000.0,-18000.0,-0.0007877806
KRW-BTC,2022-12-11,2022-12-11 09:00:00,22824000.0,22915000.0,22760000.0,22775000.0,1670803199985,36350568859.08237,1591.84902453,22831000.0,-56000.0,-0.0024528054
KRW-BTC,2022-12-12,2022-12-12 09:00:00,22784000.0,22882000.0,22487000.0,22824000.0,1670889599415,55084524506.98965,2436.29764131,22775000.0,49000.0,0.0021514819
KRW-BTC,2022-12-13,2022-12-13 09:00:00,22824000.0,23600000.0,22570000.0,23161000.0,1670975999667,120675670374.52821,5226.52781477,22824000.0,337000.0,0.0147651595
KRW-BTC,2022-12-14,2022-12-14 09:00:00,23157000.0,23941000.0,23147000.0,23235000.0,1671062399569,94660482356.09254,4041.5227297,23161000.0,74000.0,0.0031950261
KRW-BTC,2022-12-15,2022-12-15 09:00:00,23255000.0,23382000.0,22877000.0,22942000.0,1671148799637,66575698319.03985,2875.73302095,23235000.0,-293000.0,-0.0126102862
KRW-BTC,2022-12-16,2022-12-16 09:00:00,22952000.0,23050000.0,22125000.0,22249000.0,1671235200039,105208954880.86823,4660.97070297,22942000.0,-693000.0,-0.030206608
KRW-BTC,2022-12-17,2022-12-17 09:00:00,22249000.0,22367000.0,22000000.0,22230000.0,1671321599636,64427612392.71,2908.95281168,22249000.0,-19000.0,-0.000853971
KRW-BTC,2022-12-18,2022-12-18 09:00:00,22230000.0,22299000.0,22111000.0,22210000.0,1671407999355,41937018170.19222,1889.62079373,22230000.0,-20000.0,-0.0008996851
KRW-BTC,2022-12-19,2022-12-19 09:00:00,22214000.0,22240000.0,21521000.0,21654000.0,1671494399825,69541093991.05164,3169.23383434,22210000.0,-556000.0,-0.0250337686
KRW-BTC,2022-12-20,2022-12-20 09:00:00,21654000.0,22221000.0,21585000.0,22011000.0,1671580798657,67692054188.20535,3084.65713734,21654000.0,357000.0,0.0164865614
KRW-BTC,2022-12-21,2022-12-21 09:00:00,22017000.0,22065000.0,21874000.0,21943000.0,1671667193579,44278935561.9677,2014.94764474,22011000.0,-68000.0,-0.0030893644
KRW-BTC,2022-12-22,2022-12-22 09:00:00,21943000.0,21980000.0,21659000.0,21891000.0,1671753598699,54875642301.51455,2511.79402989,21943000.0,-52000.0,-0.0023697762
KRW-BTC,2022-12-23,2022-12-23 09:00:00,21891000.0,22000000.0,21764000.0,21872000.0,1671839997511,49294615581.36731,2253.90628813,21891000.0,-19000.0,-0.0008679366
KRW-BTC,2022-12-24,2022-12-24 09:00:00,21884000.0,21985000.0,21858000.0,21951000.0,1671926399065,26154354236.02704,1191.82030528,21872000.0,79000.0,0.0036119239
KRW-BTC,2022-12-25,2022-12-25 09:00:00,21951000.0,21962000.0,21776000.0,21848000.0,1672012796861,44679760075.21453,2041.54109032,21951000.0,-103000.0,-0.0046922691
KRW-BTC,2022-12-26,2022-12-26 09:00:00,21854000.0,21861000.0,21596000.0,21702000.0,1672099195218,55317974480.44335,2548.57785278,21848000.0,-146000.0,-0.0066825339
KRW-BTC,2022-12-27,2022-12-27 09:00:00,21711000.0,21745000.0,21242000.0,21321000.0,1672185599725,61104995860.59271,2842.5245103,21702000.0,-381000.0,-0.0175559856
KRW-BTC,2022-12-28,2022-12-28 09:00:00,21324000.0,21396000.0,21010000.0,21061000.0,1672271994941,66752520284.17612,3151.28076106,21321000.0,-260000.0,-0.01219455
KRW-BTC,2022-12-29,2022-12-29 09:00:00,21061000.0,21295000.0,20908000.0,21201000.0,1672358399974,51975879184.91669,2464.45782163,21061000.0,140000.0,0.0066473577
KRW-BTC,2022-12-30,2022-12-30 09:00:00,21201000.0,21232000.0,20700000.0,21070000.0,1672444798233,56577073269.74001,2699.07221598,21201000.0,-131000.0,-0.0061789538
KRW-BTC,2022-12-31,2022-12-31 09:00:00,21086000.0,21249000.0,20966000.0,21079000.0,1672531199722,62530539957.20474,2960.90009546,21070000.0,9000.0,0.0004271476
KRW-BTC,2023-01-01,2023-01-01 09:00:00,21079000.0,21171000.0,21002000.0,21123000.0,1672617597561,31357935910.19095,1486.46755344,21079000.0,44000.0,0.0020873855
KRW-BTC,2023-01-02,2023-01-02 09:00:00,21128000.0,21400000.0,21047000.0,21215000.0,1672703999647,54848830815.83244,2578.84453056,21123000.0,92000.0,0.0043554419
KRW-BTC,2023-01-03,2023-01-03 09:00:00,21209000.0,21451000.0,21178000.0,21351000.0,1672790398972,44770082696.67454,2097.6153058,21215000.0,136000.0,0.0064105586
KRW-BTC,2023-01-04,2023-01-04 09:00:00,21351000.0,21732000.0,21341000.0,21588000.0,1672876797009,53380293695.68614,2479.24818185,21351000.0,237000.0,0.0111001827
KRW-BTC,2023-01-05,2023-01-05 09:00:00,21589000.0,21641000.0,21404000.0,21575000.0,1672963199288,76705645075.08919,3563.01023528,21588000.0,-13000.0,-0.0006021864
KRW-BTC,2023-01-06,2023-01-06 09:00:00,21575000.0,21593000.0,21280000.0,21517000.0,1673049598977,70377645236.41975,3285.37671627,21575000.0,-58000.0,-0.0026882966
KRW-BTC,2023-01-07,2023-01-07 09:00:00,21517000.0,21585000.0,21467000.0,21539000.0,1673136000038,27012968306.16817,1254.83333687,21517000.0,22000.0,0.0010224474
KRW-BTC,2023-01-08,2023-01-08 09:00:00,21539000.0,21760000.0,21498000.0,21704000.0,1673222397085,33262049871.32534,1541.66935544,21539000.0,165000.0,0.0076605228
KRW-BTC,2023-01-09,2023-01-09 09:00:00,21704000.0,21844000.0,21628000.0,21655000.0,1673308798476,75081619993.3402,3454.03347779,21704000.0,-49000.0,-0.0022576484
KRW-BTC,2023-01-10,2023-01-10 09:00:00,21655000.0,21960000.0,21558000.0,21916000.0,1673395198252,57169463342.88351,2628.4345643,21655000.0,261000.0,0.0120526437
KRW-BTC,2023-01-11,2023-01-11 09:00:00,21916000.0,22501000.0,21871000.0,22485000.0,1673481597400,67549706544.62822,3066.63549183,21916000.0,569000.0,0.0259627669
KRW-BTC,2023-01-12,2023-01-12 09:00:00,22475000.0,23900000.0,22415000.0,23552000.0,1673568000029,175962676010.68182,7650.90163135,22485000.0,1067000.0,0.0474538581
KRW-BTC,2023-01-13,2023-01-13 09:00:00,23546000.0,24902000.0,23378000.0,24802000.0,1673654400007,154690557690.01593,6444.40501392,23552000.0,1250000.0,0.0530740489
KRW-BTC,2023-01-14,2023-01-14 09:00:00,24802000.0,26201000.0,24766000.0,25881000.0,1673740799979,368030866312.4087,14303.12399754,24802000.0,1079000.0,0.0435045561
KRW-BTC,2023-01-15,2023-01-15 09:00:00,25873000.0,25990000.0,25447000.0,25836000.0,1673827199033,122545469551.98186,4769.18417993,25881000.0,-45000.0,-0.0017387273
KRW-BTC,2023-01-16,2023-01-16 09:00:00,25857000.0,26585000.0,25600000.0,26368000.0,1673913599159,142897849280.86865,5477.23271265,25836000.0,532000.0,0.0205914228
KRW-BTC,2023-01-17,2023-01-17 09:00:00,26327000.0,26662000.0,25989000.0,26255000.0,1673999999666,104329154969.41342,3964.85483208,26368000.0,-113000.0,-0.0042854976
KRW-BTC,2023-01-18,2023-01-18 09:00:00,26255000.0,26795000.0,25502000.0,25718000.0,1674086399986,216709523822.4465,8246.64292241,26255000.0,-537000.0,-0.020453247
KRW-BTC,2023-01-19,2023-01-19 09:00:00,25701000.0,26299000.0,25690000.0,26205000.0,1674172797701,84733146461.64787,3265.22551081,25718000.0,487000.0,0.0189361537
KRW-BTC,2023-01-20,2023-01-20 09:00:00,26208000.0,28105000.0,26101000.0,28026000.0,1674259200075,161784217903.01144,6019.1130748,26205000.0,1821000.0,0.0694905552
KRW-BTC,2023-01-21,2023-01-21 09:00:00,28025000.0,29000000.0,27721000.0,28333000.0,1674345599567,203651446324.33414,7165.77976055,28026000.0,307000.0,0.010954114
KRW-BTC,2023-01-22,2023-01-22 09:00:00,28333000.0,28706000.0,27937000.0,28390000.0,1674431999947,123705472192.06595,4350.78921131,28333000.0,57000.0,0.0020117884
KRW-BTC,2023-01-23,2023-01-23 09:00:00,28400000.0,28890000.0,28220000.0,28609000.0,1674518399074,127364057503.29642,4463.87685569,28390000.0,219000.0,0.0077139838
KRW-BTC,2023-01-24,2023-01-24 09:00:00,28600000.0,28951000.0,28014000.0,28351000.0,1674604799036,173224437135.9321,6049.39200584,28609000.0,-258000.0,-0.0090181411
KRW-BTC,2023-01-25,2023-01-25 09:00:00,28363000.0,29524000.0,28001000.0,28736000.0,1674691199559,191320076067.30643,6714.84384155,28351000.0,385000.0,0.0135797679
KRW-BTC,2023-01-26,2023-01-26 09:00:00,28736000.0,29081000.0,28692000.0,28930000.0,1674777599806,130733316295.9879,4523.70646705,28736000.0,194000.0,0.0067511136
KRW-BTC,2023-01-27,2023-01-27 09:00:00,28930000.0,29336000.0,28456000.0,28950000.0,1674863999953,117147910142.96384,4064.65143245,28930000.0,20000.0,0.0006913239
KRW-BTC,2023-01-28,2023-01-28 09:00:00,28950000.0,29118000.0,28800000.0,29063000.0,1674950399799,83196227169.22878,2868.91809477,28950000.0,113000.0,0.0039032815
KRW-BTC,2023-01-29,2023-01-29 09:00:00,29064000.0,29922000.0,28984000.0,29670000.0,1675036799769,144401510689.786,4907.89247424,29063000.0,607000.0,0.0208856622
KRW-BTC,2023-01-30,2023-01-30 09:00:00,29670000.0,29777000.0,28323000.0,28706000.0,1675123199952,202515024393.82462,6952.22920216,29670000.0,-964000.0,-0.0324907314
KRW-BTC,2023-01-31,2023-01-31 09:00:00,28724000.0,29225000.0,28430000.0,29064000.0,1675209599978,132598526668.83475,4605.2685438,28706000.0,358000.0,0.0124712604
KRW-BTC,2023-02-01,2023-02-01 09:00:00,29052000.0,29740000.0,28626000.0,29620000.0,1675295999865,164241675658.55304,5637.91674767,29064000.0,556000.0,0.0191301954
KRW-BTC,2023-02-02,2023-02-02 09:00:00,29599000.0,30285000.0,29530000.0,29600000.0,1675382400066,187940614654.00766,6298.03336104,29620000.0,-20000.0,-0.0006752194
KRW-BTC,2023-02-03,2023-02-03 09:00:00,29601000.0,29734000.0,29287000.0,29432000.0,1675468799178,139972789625.38974,4743.68642573,29600000.0,-168000.0,-0.0056756757
KRW-BTC,2023-02-04,2023-02-04 09:00:00,29432000.0,29650000.0,29349000.0,29420000.0,1675555199856,86210318404.66524,2924.16282953,29432000.0,-12000.0,-0.0004077195
KRW-BTC,2023-02-05,2023-02-05 09:00:00,29398000.0,29528000.0,28827000.0,28990000.0,1675641599887,123824105226.63141,4235.89074629,29420000.0,-430000.0,-0.0146159075
KRW-BTC,2023-02-06,2023-02-06 09:00:00,28993000.0,29439000.0,28650000.0,29222000.0,1675727999860,354107452220.50305,12169.80778483,28990000.0,232000.0,0.0080027596
KRW-BTC,2023-02-07,2023-02-07 09:00:00,29225000.0,29561000.0,29017000.0,29452000.0,1675814399882,475483962009.79865,16246.13827362,29222000.0,230000.0,0.0078707823
KRW-BTC,2023-02-08,2023-02-08 09:00:00,29452000.0,29591000.0,28940000.0,29303000.0,1675900798649,288002402545.5411,9798.40627898,29452000.0,-149000.0,-0.0050590792
KRW-BTC,2023-02-09,2023-02-09 09:00:00,29303000.0,29400000.0,28135000.0,28193000.0,1675987199954,362646648145.8505,12573.15274824,29303000.0,-1110000.0,-0.0378800805
KRW-BTC,2023-02-10,2023-02-10 09:00:00,28193000.0,28350000.0,27916000.0,28120000.0,1676073599441,163802667790.51492,5826.76054517,28193000.0,-73000.0,-0.0025892952
KRW-BTC,2023-02-11,2023-02-11 09:00:00,28145000.0,28379000.0,28057000.0,28377000.0,1676159998899,130207021603.15524,4616.92676125,28120000.0,257000.0,0.0091394026
KRW-BTC,2023-02-12,2023-02-12 09:00:00,28360000.0,28490000.0,28141000.0,28263000.0,1676246399374,111502012918.171,3940.50334157,28377000.0,-114000.0,-0.004017338
KRW-BTC,2023-02-13,2023-02-13 09:00:00,28264000.0,28379000.0,27910000.0,28309000.0,1676332798529,153338937834.53485,5446.98588992,28263000.0,46000.0,0.0016275696
KRW-BTC,2023-02-14,2023-02-14 09:00:00,28334000.0,28850000.0,27950000.0,28798000.0,1676419199877,229702639496.75797,8113.17147525,28309000.0,489000.0,0.0172736586
KRW-BTC,2023-02-15,2023-02-15 09:00:00,28782000.0,31400000.0,28611000.0,31186000.0,1676505600030,381237572340.11993,12911.88082878,28798000.0,2388000.0,0.0829224252
KRW-BTC,2023-02-16,2023-02-16 09:00:00,31183000.0,32458000.0,30400000.0,30451000.0,1676591999902,403862542932.8076,12781.37026202,31186000.0,-735000.0,-0.0235682678
KRW-BTC,2023-02-17,2023-02-17 09:00:00,30466000.0,32090000.0,30278000.0,31641000.0,1676678399981,284422010354.79816,9141.33783666,30451000.0,1190000.0,0.0390791764
KRW-BTC,2023-02-18,2023-02-18 09:00:00,31641000.0,32014000.0,31498000.0,31789000.0,1676764799222,167371218399.19144,5267.64033206,31641000.0,148000.0,0.0046774754
KRW-BTC,2023-02-19,2023-02-19 09:00:00,31789000.0,32370000.0,31400000.0,31435000.0,1676851199856,260367151132.84616,8172.91625373,31789000.0,-354000.0,-0.0111359275
KRW-BTC,2023-02-20,2023-02-20 09:00:00,31434000.0,32148000.0,31000000.0,31883000.0,1676937600000,255795954183.13324,8070.98678492,31435000.0,448000.0,0.0142516303
KRW-BTC,2023-02-21,2023-02-21 09:00:00,31883000.0,32600000.0,31510000.0,31736000.0,1677023999468,301631314333.7034,9416.92852949,31883000.0,-147000.0,-0.0046106075
KRW-BTC,2023-02-22,2023-02-22 09:00:00,31751000.0,31850000.0,30900000.0,31619000.0,1677110399386,242632365969.1632,7731.25766663,31736000.0,-117000.0,-0.003686665
KRW-BTC,2023-02-23,2023-02-23 09:00:00,31638000.0,31999000.0,30960000.0,31398000.0,1677196799894,215198235910.08054,6836.96402152,31619000.0,-221000.0,-0.0069894684
KRW-BTC,2023-02-24,2023-02-24 09:00:00,31395000.0,31485000.0,30560000.0,30877000.0,1677283199906,210550547313.70023,6775.08622994,31398000.0,-521000.0,-0.0165934136
KRW-BTC,2023-02-25,2023-02-25 09:00:00,30868000.0,31000000.0,30291000.0,30959000.0,1677369599138,144553236870.77463,4719.68489555,30877000.0,82000.0,0.0026556984
KRW-BTC,2023-02-26,2023-02-26 09:00:00,30959000.0,31384000.0,30710000.0,31279000.0,1677455999423,94938741700.01143,3065.82030173,30959000.0,320000.0,0.0103362512
KRW-BTC,2023-02-27,2023-02-27 09:00:00,31279000.0,31654000.0,30890000.0,31255000.0,1677542399872,147494109455.84756,4718.97425586,31279000.0,-24000.0,-0.000767288
KRW-BTC,2023-02-28,2023-02-28 09:00:00,31255000.0,31323000.0,30904000.0,31024000.0,1677628799459,111816782275.1296,3593.40757255,31255000.0,-231000.0,-0.0073908175
KRW-BTC,2023-03-01,2023-03-01 09:00:00,31024000.0,31600000.0,30805000.0,31106000.0,1677715199599,141609641287.4045,4532.68487609,31024000.0,82000.0,0.002643115
KRW-BTC,2023-03-02,2023-03-02 09:00:00,31106000.0,31284000.0,30800000.0,31109000.0,1677801599188,142038558936.3464,4579.43771609,31106000.0,3000.0,9.64444e-05
KRW-BTC,2023-03-03,2023-03-03 09:00:00,31109000.0,31135000.0,29508000.0,29709000.0,1677887999765,218343539031.64386,7298.81785293,31109000.0,-1400000.0,-0.0450030538
KRW-BTC,2023-03-04,2023-03-04 09:00:00,29710000.0,29907000.0,29638000.0,29838000.0,1677974399569,66213470510.92855,2222.29120474,29709000.0,129000.0,0.0043421185
KRW-BTC,2023-03-05,2023-03-05 09:00:00,29837000.0,30097000.0,29650000.0,29982000.0,1678060799247,65484864544.84753,2189.45390953,29838000.0,144000.0,0.0048260607
KRW-BTC,2023-03-06,2023-03-06 09:00:00,29982000.0,30066000.0,29638000.0,29769000.0,1678147199531,71803338819.88358,2405.78623199,29982000.0,-213000.0,-0.0071042626
KRW-BTC,2023-03-07,2023-03-07 09:00:00,29769000.0,29978000.0,29250000.0,29579000.0,1678233599581,227062074248.05887,7624.3543545,29769000.0,-190000.0,-0.0063824784
KRW-BTC,2023-03-08,2023-03-08 09:00:00,29579000.0,29660000.0,29000000.0,29023000.0,1678319999546,161634502890.82196,5501.29398149,29579000.0,-556000.0,-0.0187971196
KRW-BTC,2023-03-09,2023-03-09 09:00:00,29018000.0,29320000.0,27415000.0,27604000.0,1678406398998,280760039643.61127,9841.87622634,29023000.0,-1419000.0,-0.0488922579
KRW-BTC,2023-03-10,2023-03-10 09:00:00,27604000.0,27605000.0,26707000.0,27343000.0,1678492799905,263312710191.7824,9730.63224025,27604000.0,-261000.0,-0.0094551514
KRW-BTC,2023-03-11,2023-03-11 09:00:00,27341000.0,28023000.0,26870000.0,27737000.0,1678579199547,171121003248.74008,6228.73937386,27343000.0,394000.0,0.0144095381
KRW-BTC,2023-03-12,2023-03-12 09:00:00,27722000.0,29300000.0,27167000.0,29199000.0,1678665599610,171678983728.68433,6122.0855742,27737000.0,1462000.0,0.0527093774
KRW-BTC,2023-03-13,2023-03-13 09:00:00,29190000.0,32000000.0,28855000.0,31676000.0,1678751999442,423405493346.776,13888.83820988,29199000.0,2477000.0,0.0848316723
KRW-BTC,2023-03-14,2023-03-14 09:00:00,31676000.0,34469000.0,31579000.0,32490000.0,1678838399829,587877889909.5271,17872.07887712,31676000.0,814000.0,0.0256976891
KRW-BTC,2023-03-15,2023-03-15 09:00:00,32491000.0,33500000.0,32000000.0,32511000.0,1678924800024,362915591045.45746,11093.60434797,32490000.0,21000.0,0.0006463527
KRW-BTC,2023-03-16,2023-03-16 09:00:00,32505000.0,33455000.0,32307000.0,33335000.0,1679011199915,224269789230.2731,6814.43349526,32511000.0,824000.0,0.0253452678
KRW-BTC,2023-03-17,2023-03-17 09:00:00,33309000.0,36649000.0,33300000.0,36207000.0,1679097599981,527068991134.9828,15037.60037165,33335000.0,2872000.0,0.0861556922
KRW-BTC,2023-03-18,2023-03-18 09:00:00,36202000.0,36649000.0,35500000.0,35767000.0,1679183999993,336519633509.68085,9300.23174069,36207000.0,-440000.0,-0.0121523462
KRW-BTC,2023-03-19,2023-03-19 09:00:00,35760000.0,37526000.0,35657000.0,37233000.0,1679270399983,291635366580.8047,7991.51626721,35767000.0,1466000.0,0.0409875024
KRW-BTC,2023-03-20,2023-03-20 09:00:00,37228000.0,37838000.0,36217000.0,37295000.0,1679356799976,380937300370.1099,10244.52549002,37233000.0,62000.0,0.0016651895
KRW-BTC,2023-03-21,2023-03-21 09:00:00,37294000.0,37634000.0,36500000.0,37221000.0,1679443200009,324509962964.26984,8735.63835041,37295000.0,-74000.0,-0.0019841802
KRW-BTC,2023-03-22,2023-03-22 09:00:00,37202000.0,38400000.0,35584000.0,36372000.0,1679529599592,401966237352.42035,10824.6208617,37221000.0,-849000.0,-0.0228097042
KRW-BTC,2023-03-23,2023-03-23 09:00:00,36372000.0,37660000.0,35930000.0,37274000.0,1679616000019,267745523158.197,7303.53058862,36372000.0,902000.0,0.0247992962
KRW-BTC,2023-03-24,2023-03-24 09:00:00,37268000.0,37599000.0,36304000.0,36749000.0,1679702399408,232253434843.6531,6250.39620254,37274000.0,-525000.0,-0.0140848849
KRW-BTC,2023-03-25,2023-03-25 09:00:00,36750000.0,36969000.0,36510000.0,36750000.0,1679788799941,109275081736.50278,2977.38039843,36749000.0,1000.0,2.72116e-05
KRW-BTC,2023-03-26,2023-03-26 09:00:00,36750000.0,37432000.0,36632000.0,37160000.0,1679875200022,114387729254.38882,3091.03957658,36750000.0,410000.0,0.0111564626
KRW-BTC,2023-03-27,2023-03-27 09:00:00,37156000.0,37282000.0,35444000.0,36110000.0,1679961599958,249875271589.22964,6840.88977652,37160000.0,-1050000.0,-0.0282561895
KRW-BTC,2023-03-28,2023-03-28 09:00:00,36124000.0,36220000.0,35230000.0,36026000.0,1680047999987,184980826507.75577,5170.6862286,36110000.0,-84000.0,-0.0023262254
KRW-BTC,2023-03-29,2023-03-29 09:00:00,36020000.0,37750000.0,36006000.0,37401000.0,1680134399992,239192644749.08286,6442.79756739,36026000.0,1375000.0,0.0381668795
KRW-BTC,2023-03-30,2023-03-30 09:00:00,37402000.0,38424000.0,36800000.0,37157000.0,1680220799864,266205274097.5543,7063.16532492,37401000.0,-244000.0,-0.0065238897
KRW-BTC,2023-03-31,2023-03-31 09:00:00,37157000.0,37771000.0,36596000.0,37540000.0,1680307199462,218147431537.82828,5856.70049497,37157000.0,383000.0,0.0103076136
KRW-BTC,2023-04-01,2023-04-01 09:00:00,37540000.0,37950000.0,37449000.0,37585000.0,1680393599419,110077447102.04233,2923.33995312,37540000.0,45000.0,0.0011987214
KRW-BTC,2023-04-02,2023-04-02 09:00:00,37596000.0,37700000.0,37000000.0,37301000.0,1680479998217,143258083412.21802,3827.71480818,37585000.0,-284000.0,-0.0075562059
KRW-BTC,2023-04-03,2023-04-03 09:00:00,37296000.0,37768000.0,36378000.0,36814000.0,1680566399452,198293264588.4846,5344.45562792,37301000.0,-487000.0,-0.0130559502
KRW-BTC,2023-04-04,2023-04-04 09:00:00,36814000.0,37552000.0,36660000.0,37205000.0,1680652799426,127944475381.00664,3443.09664449,36814000.0,391000.0,0.0106209594
KRW-BTC,2023-04-05,2023-04-05 09:00:00,37207000.0,37804000.0,36948000.0,37139000.0,1680739200029,179846638163.42435,4804.31754606,37205000.0,-66000.0,-0.0017739551
KRW-BTC,2023-04-06,2023-04-06 09:00:00,37139000.0,37211000.0,36800000.0,37058000.0,1680825599846,120836048137.67725,3265.19567389,37139000.0,-81000.0,-0.0021809957
KRW-BTC,2023-04-07,2023-04-07 09:00:00,37058000.0,37200000.0,36890000.0,36993000.0,1680911999229,81178209965.33653,2191.38552697,37058000.0,-65000.0,-0.0017540072
KRW-BTC,2023-04-08,2023-04-08 09:00:00,36993000.0,37249000.0,36930000.0,37080000.0,1680998398503,113009710987.63667,3044.98722943,36993000.0,87000.0,0.0023517963
KRW-BTC,2023-04-09,2023-04-09 09:00:00,37064000.0,37576000.0,36878000.0,37313000.0,1681084799756,142853508974.9475,3846.31215562,37080000.0,233000.0,0.0062837109
KRW-BTC,2023-04-10,2023-04-10 09:00:00,37331000.0,39183000.0,37255000.0,38985000.0,1681171198134,256656019241.78787,6752.314109,37313000.0,1672000.0,0.0448101198
KRW-BTC,2023-04-11,2023-04-11 09:00:00,38981000.0,40260000.0,38903000.0,40004000.0,1681257599779,321712753050.3061,8105.88458258,38985000.0,1019000.0,0.0261382583
KRW-BTC,2023-04-12,2023-04-12 09:00:00,40005000.0,40610000.0,39567000.0,39699000.0,1681343999986,426143578387.0856,10654.2856421,40004000.0,-305000.0,-0.0076242376
KRW-BTC,2023-04-13,2023-04-13 09:00:00,39694000.0,40198000.0,39689000.0,39911000.0,1681430399495,206204734897.69592,5171.072562,39699000.0,212000.0,0.0053401849
KRW-BTC,2023-04-14,2023-04-14 09:00:00,39912000.0,40333000.0,39470000.0,39804000.0,1681516799285,222612318707.21445,5561.14402059,39911000.0,-107000.0,-0.0026809651
KRW-BTC,2023-04-15,2023-04-15 09:00:00,39804000.0,39999000.0,39752000.0,39800000.0,1681603199828,77290046948.21619,1938.56058099,39804000.0,-4000.0,-0.0001004924
KRW-BTC,2023-04-16,2023-04-16 09:00:00,39800000.0,39981000.0,39600000.0,39607000.0,1681689599796,95129039158.06377,2393.49528179,39800000.0,-193000.0,-0.0048492462
KRW-BTC,2023-04-17,2023-04-17 09:00:00,39612000.0,39673000.0,38506000.0,38700000.0,1681775999640,211322564966.88364,5420.85725888,39607000.0,-907000.0,-0.0228999924
KRW-BTC,2023-04-18,2023-04-18 09:00:00,38700000.0,39847000.0,38251000.0,39630000.0,1681862399318,195160536131.7183,4976.83151258,38700000.0,930000.0,0.0240310078
KRW-BTC,2023-04-19,2023-04-19 09:00:00,39637000.0,39719000.0,38181000.0,38300000.0,1681948799440,238289754029.4149,6118.4824719,39630000.0,-1330000.0,-0.033560434
KRW-BTC,2023-04-20,2023-04-20 09:00:00,38300000.0,38572000.0,37400000.0,37672000.0,1682035199927,209814128286.94632,5515.28188385,38300000.0,-628000.0,-0.0163968668
KRW-BTC,2023-04-21,2023-04-21 09:00:00,37672000.0,37779000.0,36108000.0,36337000.0,1682121599867,219819426308.00406,5934.6195108,37672000.0,-1335000.0,-0.0354374602
KRW-BTC,2023-04-22,2023-04-22 09:00:00,36337000.0,37318000.0,36055000.0,37182000.0,1682207999393,135958058418.51756,3716.22462639,36337000.0,845000.0,0.0232545339
KRW-BTC,2023-04-23,2023-04-23 09:00:00,37182000.0,37198000.0,36524000.0,36802000.0,1682294399819,71532980980.62617,1942.10468086,37182000.0,-380000.0,-0.0102199989
KRW-BTC,2023-04-24,2023-04-24 09:00:00,36802000.0,37297000.0,36200000.0,36750000.0,1682380799120,134682438925.48883,3663.66031754,36802000.0,-52000.0,-0.0014129667
KRW-BTC,2023-04-25,2023-04-25 09:00:00,36750000.0,38123000.0,36359000.0,37877000.0,1682467199925,161727492892.94626,4364.40529023,36750000.0,1127000.0,0.0306666667
KRW-BTC,2023-04-26,2023-04-26 09:00:00,37877000.0,39850000.0,36749000.0,38017000.0,1682553599697,379352444364.5263,9856.33566991,37877000.0,140000.0,0.0036961745
KRW-BTC,2023-04-27,2023-04-27 09:00:00,38020000.0,39730000.0,37959000.0,39258000.0,1682639999124,254468276014.8507,6531.80659225,38017000.0,1241000.0,0.0326432912
KRW-BTC,2023-04-28,2023-04-28 09:00:00,39271000.0,39500000.0,38711000.0,39083000.0,1682726398553,131889232337.99864,3370.00926689,39258000.0,-175000.0,-0.0044576902
KRW-BTC,2023-04-29,2023-04-29 09:00:00,39083000.0,39247000.0,38800000.0,38965000.0,1682812798879,68531904105.31125,1753.92555964,39083000.0,-118000.0,-0.0030192155
KRW-BTC,2023-04-30,2023-04-30 09:00:00,38980000.0,39830000.0,38809000.0,39149000.0,1682899199491,131846575612.99454,3356.94485899,38965000.0,184000.0,0.0047221866
KRW-BTC,2023-05-01,2023-05-01 09:00:00,39149000.0,39303000.0,37372000.0,37769000.0,1682985599398,208928057904.3409,5466.44445352,39149000.0,-1380000.0,-0.0352499425
KRW-BTC,2023-05-02,2023-05-02 09:00:00,37768000.0,38680000.0,37428000.0,38405000.0,1683071999942,181115666950.5752,4771.65437011,37769000.0,636000.0,0.0168392068
KRW-BTC,2023-05-03,2023-05-03 09:00:00,38406000.0,39050000.0,37800000.0,38703000.0,1683158399886,200814215339.22025,5239.85097463,38405000.0,298000.0,0.0077594063
KRW-BTC,2023-05-04,2023-05-04 09:00:00,38733000.0,39112000.0,38423000.0,38580000.0,1683244799604,156123459856.3692,4027.302864,38703000.0,-123000.0,-0.0031780482
KRW-BTC,2023-05-05,2023-05-05 09:00:00,38599000.0,39359000.0,38520000.0,39053000.0,1683331199317,218659451586.8916,5614.21035517,38580000.0,473000.0,0.0122602385
KRW-BTC,2023-05-06,2023-05-06 09:00:00,39077000.0,39435000.0,38142000.0,38677000.0,1683417598723,173684144504.77588,4471.1849355,39053000.0,-376000.0,-0.0096279415
KRW-BTC,2023-05-07,2023-05-07 09:00:00,38679000.0,38953000.0,38143000.0,38143000.0,1683503999406,93899192063.5123,2434.47759959,38677000.0,-534000.0,-0.0138066551
KRW-BTC,2023-05-08,2023-05-08 09:00:00,38152000.0,38369000.0,36822000.0,37255000.0,1683590399069,207033692149.7713,5517.37518721,38143000.0,-888000.0,-0.0232808117
KRW-BTC,2023-05-09,2023-05-09 09:00:00,37260000.0,37544000.0,36822000.0,37150000.0,1683676799393,136600430249.82959,3678.21436045,37255000.0,-105000.0,-0.0028184136
KRW-BTC,2023-05-10,2023-05-10 09:00:00,37150000.0,37995000.0,36580000.0,37071000.0,1683763199278,168853647119.2642,4525.28287987,37150000.0,-79000.0,-0.0021265141
KRW-BTC,2023-05-11,2023-05-11 09:00:00,37072000.0,37232000.0,36260000.0,36411000.0,1683849599325,131340626231.88495,3570.39137727,37071000.0,-660000.0,-0.017803674
KRW-BTC,2023-05-12,2023-05-12 09:00:00,36413000.0,36554000.0,35262000.0,36341000.0,1683935998799,196578357782.9867,5478.83968294,36411000.0,-70000.0,-0.0019224959
KRW-BTC,2023-05-13,2023-05-13 09:00:00,36341000.0,36662000.0,36143000.0,36374000.0,1684022399570,67979133829.2688,1868.0954648,36341000.0,33000.0,0.0009080653
KRW-BTC,2023-05-14,2023-05-14 09:00:00,36382000.0,36800000.0,36193000.0,36415000.0,1684108799249,59726505225.95865,1639.20833071,36374000.0,41000.0,0.0011271788
KRW-BTC,2023-05-15,2023-05-15 09:00:00,36420000.0,37200000.0,36204000.0,36632000.0,1684195198611,98300162815.11125,2671.26583258,36415000.0,217000.0,0.0059590828
KRW-BTC,2023-05-16,2023-05-16 09:00:00,36642000.0,36795000.0,36335000.0,36421000.0,1684281599312,76375961495.13017,2091.33896506,36632000.0,-211000.0,-0.0057599913
KRW-BTC,2023-05-17,2023-05-17 09:00:00,36419000.0,36835000.0,35938000.0,36700000.0,1684368000005,116588369577.06467,3207.18978344,36421000.0,279000.0,0.0076604157
KRW-BTC,2023-05-18,2023-05-18 09:00:00,36706000.0,36920000.0,35800000.0,36240000.0,1684454399795,123989138250.60954,3396.67093837,36700000.0,-460000.0,-0.0125340599
KRW-BTC,2023-05-19,2023-05-19 09:00:00,36240000.0,36486000.0,35950000.0,36156000.0,1684540799876,93622400558.22136,2587.51450694,36240000.0,-84000.0,-0.0023178808
KRW-BTC,2023-05-20,2023-05-20 09:00:00,36156000.0,36475000.0,36119000.0,36385000.0,1684627199609,42561799025.2985,1174.32081928,36156000.0,229000.0,0.0063336652
KRW-BTC,2023-05-21,2023-05-21 09:00:00,36404000.0,36618000.0,36048000.0,36051000.0,1684713599671,57153092941.84137,1573.05946887,36385000.0,-334000.0,-0.009179607
KRW-BTC,2023-05-22,2023-05-22 09:00:00,36057000.0,36200000.0,35709000.0,35947000.0,1684799997390,93326194208.90239,2597.92192199,36051000.0,-104000.0,-0.0028848021
KRW-BTC,2023-05-23,2023-05-23 09:00:00,35948000.0,36660000.0,35841000.0,36381000.0,1684886399259,91284785438.44258,2510.27578792,35947000.0,434000.0,0.0120733302
KRW-BTC,2023-05-24,2023-05-24 09:00:00,36382000.0,36430000.0,35144000.0,35452000.0,1684972798910,159940843941.85303,4471.51960065,36381000.0,-929000.0,-0.0255353069
KRW-BTC,2023-05-25,2023-05-25 09:00:00,35465000.0,35670000.0,35000000.0,35547000.0,1685059198778,119701229760.28255,3394.73741865,35452000.0,95000.0,0.0026796796
KRW-BTC,2023-05-26,2023-05-26 09:00:00,35550000.0,36110000.0,35284000.0,35771000.0,1685145599290,84409771662.48203,2369.1616222,35547000.0,224000.0,0.0063015163
KRW-BTC,2023-05-27,2023-05-27 09:00:00,35786000.0,35900000.0,35588000.0,35824000.0,1685231998653,68717026294.1557,1922.45483636,35771000.0,53000.0,0.0014816471
KRW-BTC,2023-05-28,2023-05-28 09:00:00,35824000.0,37532000.0,35788000.0,37350000.0,1685318399539,140994739814.59552,3852.9775285,35824000.0,1526000.0,0.0425971416
KRW-BTC,2023-05-29,2023-05-29 09:00:00,37360000.0,37883000.0,36802000.0,36992000.0,1685404796544,150323403013.1309,4032.11292852,37350000.0,-358000.0,-0.0095850067
KRW-BTC,2023-05-30,2023-05-30 09:00:00,36992000.0,37402000.0,36821000.0,36914000.0,1685491198294,121696610670.50859,3280.20536471,36992000.0,-78000.0,-0.002108564
KRW-BTC,2023-05-31,2023-05-31 09:00:00,36923000.0,37043000.0,36059000.0,36391000.0,1685577599337,139599376041.70715,3833.61770267,36914000.0,-523000.0,-0.0141680663
KRW-BTC,2023-06-01,2023-06-01 09:00:00,36391000.0,36509000.0,35715000.0,35823000.0,1685663999973,122585463047.81593,3403.84008073,36391000.0,-568000.0,-0.0156082548
KRW-BTC,2023-06-02,2023-06-02 09:00:00,35823000.0,36150000.0,35470000.0,36089000.0,1685750399768,112363149210.31906,3129.38244663,35823000.0,266000.0,0.0074253971
KRW-BTC,2023-06-03,2023-06-03 09:00:00,36089000.0,36102000.0,35801000.0,35888000.0,1685836792099,69221217632.57323,1925.56556117,36089000.0,-201000.0,-0.0055695641
KRW-BTC,2023-06-04,2023-06-04 09:00:00,35888000.0,36146000.0,35820000.0,35865000.0,1685923199195,60341276256.74492,1679.79054823,35888000.0,-23000.0,-0.0006408827
KRW-BTC,2023-06-05,2023-06-05 09:00:00,35894000.0,35896000.0,33825000.0,34298000.0,1686009599909,237454293743.43423,6815.06312451,35865000.0,-1567000.0,-0.0436916214
KRW-BTC,2023-06-06,2023-06-06 09:00:00,34299000.0,35993000.0,33580000.0,35852000.0,1686095998409,186634047625.04358,5402.99569145,34298000.0,1554000.0,0.0453087644
KRW-BTC,2023-06-07,2023-06-07 09:00:00,35855000.0,35993000.0,34797000.0,34952000.0,1686182396454,159664589406.57504,4520.05491026,35852000.0,-900000.0,-0.0251032021
KRW-BTC,2023-06-08,2023-06-08 09:00:00,34953000.0,35416000.0,34802000.0,34996000.0,1686268798305,83003582914.93372,2370.31995071,34952000.0,44000.0,0.0012588693
KRW-BTC,2023-06-09,2023-06-09 09:00:00,34996000.0,35161000.0,34802000.0,34865000.0,1686355198814,81645858994.77078,2335.69270285,34996000.0,-131000.0,-0.0037432849
KRW-BTC,2023-06-10,2023-06-10 09:00:00,34865000.0,34914000.0,33842000.0,34372000.0,1686441595587,206800529847.89606,6040.92871542,34865000.0,-493000.0,-0.0141402553
KRW-BTC,2023-06-11,2023-06-11 09:00:00,34370000.0,34639000.0,34016000.0,34345000.0,1686527997947,60157124442.83195,1754.27310948,34372000.0,-27000.0,-0.0007855231
KRW-BTC,2023-06-12,2023-06-12 09:00:00,34345000.0,34480000.0,33950000.0,34059000.0,1686614397714,80694211076.02605,2362.40456114,34345000.0,-286000.0,-0.0083272674
KRW-BTC,2023-06-13,2023-06-13 09:00:00,34059000.0,34479000.0,33808000.0,33913000.0,1686700800011,123075339300.33633,3607.81851265,34059000.0,-146000.0,-0.004286679
KRW-BTC,2023-06-14,2023-06-14 09:00:00,33913000.0,34119000.0,32779000.0,33007000.0,1686787198024,138289444374.4248,4128.49087432,33913000.0,-906000.0,-0.0267154189
KRW-BTC,2023-06-15,2023-06-15 09:00:00,33007000.0,33618000.0,32510000.0,33449000.0,1686873599560,126536496157.63158,3841.66442528,33007000.0,442000.0,0.0133910989
KRW-BTC,2023-06-16,2023-06-16 09:00:00,33449000.0,34758000.0,33121000.0,34501000.0,1686959998820,115189382449.8988,3402.6450261,33449000.0,1052000.0,0.0314508655
KRW-BTC,2023-06-17,2023-06-17 09:00:00,34515000.0,35080000.0,34320000.0,34780000.0,1687046396991,90252767869.482,2597.63649947,34501000.0,279000.0,0.0080867221
KRW-BTC,2023-06-18,2023-06-18 09:00:00,34780000.0,34942000.0,34463000.0,34466000.0,1687132798991,54970891902.23803,1583.13965073,34780000.0,-314000.0,-0.0090281771
KRW-BTC,2023-06-19,2023-06-19 09:00:00,34466000.0,35375000.0,34455000.0,35092000.0,1687219199405,87104793340.02122,2502.20113191,34466000.0,626000.0,0.0181628271
KRW-BTC,2023-06-20,2023-06-20 09:00:00,35095000.0,37100000.0,35000000.0,36946000.0,1687305599827,197248294157.94138,5488.63849039,35092000.0,1854000.0,0.0528325544
KRW-BTC,2023-06-21,2023-06-21 09:00:00,36955000.0,40100000.0,36870000.0,39135000.0,1687391999750,418734525316.7651,10873.38440224,36946000.0,2189000.0,0.0592486331
KRW-BTC,2023-06-22,2023-06-22 09:00:00,39135000.0,39861000.0,38901000.0,39125000.0,1687478399295,259990593536.83505,6599.23054561,39135000.0,-10000.0,-0.0002555257
KRW-BTC,2023-06-23,2023-06-23 09:00:00,39125000.0,41388000.0,39111000.0,40651000.0,1687564799819,322774131614.64764,8004.81933949,39125000.0,1526000.0,0.0390031949
KRW-BTC,2023-06-24,2023-06-24 09:00:00,40651000.0,40931000.0,40383000.0,40659000.0,1687651199607,160034811596.6366,3933.82560218,40651000.0,8000.0,0.0001967971
KRW-BTC,2023-06-25,2023-06-25 09:00:00,40659000.0,41399000.0,40197000.0,40352000.0,1687737599443,182726918565.72827,4478.46628595,40659000.0,-307000.0,-0.0075506038
KRW-BTC,2023-06-26,2023-06-26 09:00:00,40352000.0,40599000.0,39555000.0,40077000.0,1687823997500,198612849741.01816,4959.92502999,40352000.0,-275000.0,-0.0068150278
KRW-BTC,2023-06-27,2023-06-27 09:00:00,40094000.0,40950000.0,39963000.0,40585000.0,1687910399826,166867348632.36288,4130.90265871,40077000.0,508000.0,0.0126755995
KRW-BTC,2023-06-28,2023-06-28 09:00:00,40587000.0,40629000.0,39966000.0,40020000.0,1687996796555,120211163983.36087,2988.75782373,40585000.0,-565000.0,-0.0139213995
KRW-BTC,2023-06-29,2023-06-29 09:00:00,40017000.0,41048000.0,39997000.0,40583000.0,1688083199722,141777245742.64273,3490.48826462,40020000.0,563000.0,0.014067966
KRW-BTC,2023-06-30,2023-06-30 09:00:00,40583000.0,41569000.0,39500000.0,40547000.0,1688169599322,348868924510.84,8585.54386205,40583000.0,-36000.0,-0.0008870709
KRW-BTC,2023-07-01,2023-07-01 09:00:00,40547000.0,40877000.0,40391000.0,40691000.0,1688255997808,110148710237.66788,2709.93708765,40547000.0,144000.0,0.0035514341
KRW-BTC,2023-07-02,2023-07-02 09:00:00,40712000.0,40875000.0,40250000.0,40652000.0,1688342399795,90738583549.27074,2235.26869848,40691000.0,-39000.0,-0.0009584429
KRW-BTC,2023-07-03,2023-07-03 09:00:00,40652000.0,41377000.0,40470000.0,41200000.0,1688428798697,133826565121.02437,3276.85791261,40652000.0,548000.0,0.0134802716
KRW-BTC,2023-07-04,2023-07-04 09:00:00,41200000.0,41388000.0,40540000.0,40610000.0,1688515199499,132297295113.12662,3230.33213385,41200000.0,-590000.0,-0.0143203883
KRW-BTC,2023-07-05,2023-07-05 09:00:00,40610000.0,40775000.0,39801000.0,40385000.0,1688601597893,144846374468.03064,3595.75188599,40610000.0,-225000.0,-0.0055405073
KRW-BTC,2023-07-06,2023-07-06 09:00:00,40385000.0,41500000.0,39838000.0,39860000.0,1688687999577,233754843596.7873,5759.5913,40385000.0,-525000.0,-0.0129998762
KRW-BTC,2023-07-07,2023-07-07 09:00:00,39864000.0,40330000.0,39676000.0,40240000.0,1688774398138,107607256181.22308,2687.61579838,39860000.0,380000.0,0.0095333668
KRW-BTC,2023-07-08,2023-07-08 09:00:00,40241000.0,40253000.0,39920000.0,40153000.0,1688860800001,52108582785.83458,1299.84963736,40240000.0,-87000.0,-0.0021620278
KRW-BTC,2023-07-09,2023-07-09 09:00:00,40154000.0,40302000.0,39770000.0,39832000.0,1688947199514,59452578236.03948,1485.27012622,40153000.0,-321000.0,-0.0079944213
KRW-BTC,2023-07-10,2023-07-10 09:00:00,39839000.0,40784000.0,39666000.0,40050000.0,1689033600015,113228698197.86945,2829.62290954,39832000.0,218000.0,0.0054729865
KRW-BTC,2023-07-11,2023-07-11 09:00:00,40060000.0,40387000.0,39946000.0,40117000.0,1689119996687,101896200770.3168,2541.05729369,40050000.0,67000.0,0.0016729089
KRW-BTC,2023-07-12,2023-07-12 09:00:00,40117000.0,40600000.0,39751000.0,39804000.0,1689206399774,130054585570.22446,3241.64008104,40117000.0,-313000.0,-0.0078021786
KRW-BTC,2023-07-13,2023-07-13 09:00:00,39803000.0,40456000.0,39356000.0,40112000.0,1689292799871,317548198923.17755,7976.01139394,39804000.0,308000.0,0.0077379158
KRW-BTC,2023-07-14,2023-07-14 09:00:00,40101000.0,40220000.0,38710000.0,39092000.0,1689379198802,228310926497.62164,5755.46123676,40112000.0,-1020000.0,-0.0254287994
KRW-BTC,2023-07-15,2023-07-15 09:00:00,39092000.0,39144000.0,38786000.0,38889000.0,1689465599576,112933801553.45763,2903.65801258,39092000.0,-203000.0,-0.0051928783
KRW-BTC,2023-07-16,2023-07-16 09:00:00,38889000.0,39153000.0,38687000.0,38933000.0,1689551999481,78716573652.74442,2022.77368422,38889000.0,44000.0,0.0011314253
KRW-BTC,2023-07-17,2023-07-17 09:00:00,38946000.0,39022000.0,38350000.0,38742000.0,1689638399705,100199595903.6282,2582.39550489,38933000.0,-191000.0,-0.0049058639
KRW-BTC,2023-07-18,2023-07-18 09:00:00,38761000.0,38828000.0,38098000.0,38401000.0,1689724799601,99975576153.02892,2601.55598996,38742000.0,-341000.0,-0.0088018171
KRW-BTC,2023-07-19,2023-07-19 09:00:00,38402000.0,38850000.0,38300000.0,38323000.0,1689811199541,93724792757.93306,2432.74678152,38401000.0,-78000.0,-0.0020311971
KRW-BTC,2023-07-20,2023-07-20 09:00:00,38322000.0,39100000.0,38316000.0,38567000.0,1689897599785,125556811845.36774,3246.54052293,38323000.0,244000.0,0.0063669337
KRW-BTC,2023-07-21,2023-07-21 09:00:00,38567000.0,38908000.0,38530000.0,38829000.0,1689983999902,81362364429.71587,2103.13941171,38567000.0,262000.0,0.0067933726
KRW-BTC,2023-07-22,2023-07-22 09:00:00,38838000.0,38934000.0,38600000.0,38776000.0,1690070398341,56067219916.97034,1447.07839081,38829000.0,-53000.0,-0.0013649592
KRW-BTC,2023-07-23,2023-07-23 09:00:00,38759000.0,39220000.0,38625000.0,38945000.0,1690156799811,85916107563.91911,2211.14927257,38776000.0,169000.0,0.004358366
KRW-BTC,2023-07-24,2023-07-24 09:00:00,38944000.0,39019000.0,37700000.0,37892000.0,1690243199783,168113088113.97552,4398.31412006,38945000.0,-1053000.0,-0.0270381307
KRW-BTC,2023-07-25,2023-07-25 09:00:00,37892000.0,38116000.0,37626000.0,37910000.0,1690329599076,92057859896.4893,2433.9221882,37892000.0,18000.0,0.0004750343
KRW-BTC,2023-07-26,2023-07-26 09:00:00,37910000.0,38300000.0,37700000.0,37918000.0,1690415996617,93970927659.78053,2477.2628933,37910000.0,8000.0,0.0002110261
KRW-BTC,2023-07-27,2023-07-27 09:00:00,37918000.0,38299000.0,37841000.0,37874000.0,1690502398622,124634073119.6236,3271.72655723,37918000.0,-44000.0,-0.0011603988
KRW-BTC,2023-07-28,2023-07-28 09:00:00,37877000.0,38200000.0,37704000.0,37932000.0,1690588799680,112303667484.57085,2964.5947422,37874000.0,58000.0,0.0015313936
KRW-BTC,2023-07-29,2023-07-29 09:00:00,37932000.0,38052000.0,37879000.0,37901000.0,1690675195700,44801815216.40174,1180.6781332,37932000.0,-31000.0,-0.0008172519
KRW-BTC,2023-07-30,2023-07-30 09:00:00,37901000.0,38150000.0,37762000.0,37850000.0,1690761599189,90157027232.44344,2378.17661892,37901000.0,-51000.0,-0.0013456109
KRW-BTC,2023-07-31,2023-07-31 09:00:00,37850000.0,38139000.0,37805000.0,37929000.0,1690847999788,90563421409.07397,2383.01012579,37850000.0,79000.0,0.0020871863
KRW-BTC,2023-08-01,2023-08-01 09:00:00,37928000.0,38684000.0,37510000.0,38642000.0,1690934398293,114970531784.87755,3035.90069302,37929000.0,713000.0,0.018798281
KRW-BTC,2023-08-02,2023-08-02 09:00:00,38642000.0,39131000.0,38142000.0,38358000.0,1691020799312,129357299336.96814,3344.79997698,38642000.0,-284000.0,-0.0073495161
KRW-BTC,2023-08-03,2023-08-03 09:00:00,38358000.0,38800000.0,38215000.0,38436000.0,1691107199673,78153136649.66298,2032.73569956,38358000.0,78000.0,0.0020334741
KRW-BTC,2023-08-04,2023-08-04 09:00:00,38436000.0,38715000.0,38250000.0,38492000.0,1691193598925,87010045473.68465,2256.9466739,38436000.0,56000.0,0.0014569674
KRW-BTC,2023-08-05,2023-08-05 09:00:00,38493000.0,38590000.0,38341000.0,38474000.0,1691279999224,81362884396.19951,2113.69677535,38492000.0,-18000.0,-0.0004676296
KRW-BTC,2023-08-06,2023-08-06 09:00:00,38476000.0,38788000.0,38432000.0,38605000.0,1691366399767,135926148864.27599,3520.86968381,38474000.0,131000.0,0.0034048968
KRW-BTC,2023-08-07,2023-08-07 09:00:00,38605000.0,38809000.0,38081000.0,38622000.0,1691452799555,273159821065.1873,7095.41631462,38605000.0,17000.0,0.0004403575
KRW-BTC,2023-08-08,2023-08-08 09:00:00,38622000.0,39580000.0,38570000.0,39437000.0,1691539195177,154368199197.16907,3956.68315457,38622000.0,815000.0,0.0211019626
KRW-BTC,2023-08-09,2023-08-09 09:00:00,39437000.0,39850000.0,39076000.0,39209000.0,1691625599736,130305101311.4717,3299.56867529,39437000.0,-228000.0,-0.0057813728
KRW-BTC,2023-08-10,2023-08-10 09:00:00,39209000.0,39397000.0,39010000.0,39119000.0,1691711997907,106358893196.19308,2713.94553163,39209000.0,-90000.0,-0.0022953914
KRW-BTC,2023-08-11,2023-08-11 09:00:00,39119000.0,39410000.0,39050000.0,39233000.0,1691798398166,73582617604.95915,1877.91210358,39119000.0,114000.0,0.0029141849
KRW-BTC,2023-08-12,2023-08-12 09:00:00,39233000.0,39316000.0,39099000.0,39283000.0,1691884798984,56930932272.25706,1450.6799782,39233000.0,50000.0,0.0012744373
KRW-BTC,2023-08-13,2023-08-13 09:00:00,39283000.0,39330000.0,39101000.0,39118000.0,1691971197991,51963334856.391,1323.87308566,39283000.0,-165000.0,-0.0042002902
KRW-BTC,2023-08-14,2023-08-14 09:00:00,39118000.0,39640000.0,38895000.0,39288000.0,1692057599148,88257787754.31268,2247.99874816,39118000.0,170000.0,0.0043458255
KRW-BTC,2023-08-15,2023-08-15 09:00:00,39288000.0,39668000.0,39275000.0,39404000.0,1692143999896,133573144631.2606,3383.23584164,39288000.0,116000.0,0.0029525555
KRW-BTC,2023-08-16,2023-08-16 09:00:00,39404000.0,39600000.0,39001000.0,39001000.0,1692230399803,163196719583.01895,4144.93132559,39404000.0,-403000.0,-0.0102273881
KRW-BTC,2023-08-17,2023-08-17 09:00:00,39001000.0,39092000.0,36261000.0,36588000.0,1692316798817,347989303093.6362,9224.23479462,39001000.0,-2413000.0,-0.0618702085
KRW-BTC,2023-08-18,2023-08-18 09:00:00,36588000.0,36848000.0,35384000.0,35890000.0,1692403197714,334394799822.6389,9256.75234641,36588000.0,-698000.0,-0.0190772931
KRW-BTC,2023-08-19,2023-08-19 09:00:00,35899000.0,36240000.0,35587000.0,36056000.0,1692489598837,95846647159.2314,2670.31605801,35890000.0,166000.0,0.0046252438
KRW-BTC,2023-08-20,2023-08-20 09:00:00,36071000.0,36225000.0,35754000.0,35949000.0,1692575995165,59546393015.75887,1654.93693763,36056000.0,-107000.0,-0.0029676059
KRW-BTC,2023-08-21,2023-08-21 09:00:00,35946000.0,35967000.0,35500000.0,35769000.0,1692662395663,76516804610.68242,2142.99960623,35949000.0,-180000.0,-0.0050070934
KRW-BTC,2023-08-22,2023-08-22 09:00:00,35769000.0,35877000.0,35150000.0,35684000.0,1692748799867,86694305845.75404,2434.37426024,35769000.0,-85000.0,-0.0023763594
KRW-BTC,2023-08-23,2023-08-23 09:00:00,35686000.0,36350000.0,35320000.0,35941000.0,1692835199424,80152294407.05554,2242.66645398,35684000.0,257000.0,0.0072021074
KRW-BTC,2023-08-24,2023-08-24 09:00:00,35941000.0,36056000.0,35330000.0,35635000.0,1692921597621,67798438136.98717,1899.01993705,35941000.0,-306000.0,-0.0085139534
KRW-BTC,2023-08-25,2023-08-25 09:00:00,35646000.0,35797000.0,35200000.0,35479000.0,1693007999132,75050156287.15959,2117.11461503,35635000.0,-156000.0,-0.0043777185
KRW-BTC,2023-08-26,2023-08-26 09:00:00,35479000.0,35564000.0,35385000.0,35398000.0,1693094399347,23834379918.87522,672.27237906,35479000.0,-81000.0,-0.0022830407
KRW-BTC,2023-08-27,2023-08-27 09:00:00,35400000.0,35553000.0,35374000.0,35402000.0,1693180796838,29946645612.68123,845.25346452,35398000.0,4000.0,0.0001130007
KRW-BTC,2023-08-28,2023-08-28 09:00:00,35400000.0,35544000.0,35050000.0,35335000.0,1693267199910,64012919015.38614,1815.49057785,35402000.0,-67000.0,-0.0018925484
KRW-BTC,2023-08-29,2023-08-29 09:00:00,35335000.0,37932000.0,35138000.0,37445000.0,1693353599674,257110367873.9615,6996.57927831,35335000.0,2110000.0,0.0597141644
KRW-BTC,2023-08-30,2023-08-30 09:00:00,37441000.0,37568000.0,36760000.0,37109000.0,1693439999115,167176652726.2221,4503.91825355,37445000.0,-336000.0,-0.0089731606
KRW-BTC,2023-08-31,2023-08-31 09:00:00,37110000.0,37500000.0,35400000.0,35502000.0,1693526399879,186018323204.28284,5086.6186881,37109000.0,-1607000.0,-0.0433048587
KRW-BTC,2023-09-01,2023-09-01 09:00:00,35502000.0,35695000.0,35000000.0,35350000.0,1693612799181,195425846296.82272,5520.94616028,35502000.0,-152000.0,-0.0042814489
KRW-BTC,2023-09-02,2023-09-02 09:00:00,35350000.0,35570000.0,35006000.0,35204000.0,1693699199413,223346529895.45364,6333.54306521,35350000.0,-146000.0,-0.0041301273
KRW-BTC,2023-09-03,2023-09-03 09:00:00,35204000.0,35444000.0,35105000.0,35308000.0,1693785598810,99038833087.72752,2810.79936801,35204000.0,104000.0,0.0029542097
KRW-BTC,2023-09-04,2023-09-04 09:00:00,35312000.0,35350000.0,34863000.0,35011000.0,1693871997305,115260695491.68639,3280.50767726,35308000.0,-297000.0,-0.0084116914
KRW-BTC,2023-09-05,2023-09-05 09:00:00,35035000.0,35207000.0,34791000.0,35056000.0,1693958395917,105913788655.05017,3025.89362339,35011000.0,45000.0,0.0012853103
KRW-BTC,2023-09-06,2023-09-06 09:00:00,35054000.0,35310000.0,34730000.0,35029000.0,1694044799854,73930132719.30736,2111.49981419,35056000.0,-27000.0,-0.0007701963
KRW-BTC,2023-09-07,2023-09-07 09:00:00,35025000.0,35864000.0,34903000.0,35615000.0,1694131199340,70004865290.15189,1985.80007621,35029000.0,586000.0,0.016728996
KRW-BTC,2023-09-08,2023-09-08 09:00:00,35644000.0,35823000.0,35020000.0,35295000.0,1694217599913,92224176186.92474,2600.36718222,35615000.0,-320000.0,-0.0089849782
KRW-BTC,2023-09-09,2023-09-09 09:00:00,35295000.0,35314000.0,35150000.0,35280000.0,1694303999816,43632447689.66779,1238.27863378,35295000.0,-15000.0,-0.0004249894
KRW-BTC,2023-09-10,2023-09-10 09:00:00,35280000.0,35450000.0,35030000.0,35196000.0,1694390398774,62283181152.08193,1767.33268683,35280000.0,-84000.0,-0.0023809524
KRW-BTC,2023-09-11,2023-09-11 09:00:00,35196000.0,35256000.0,34100000.0,34327000.0,1694476799930,135719060328.41837,3912.70930088,35196000.0,-869000.0,-0.0246903057
KRW-BTC,2023-09-12,2023-09-12 09:00:00,34330000.0,35861000.0,34286000.0,35077000.0,1694563199729,164963399198.21454,4685.11366878,34327000.0,750000.0,0.0218486905
KRW-BTC,2023-09-13,2023-09-13 09:00:00,35076000.0,35749000.0,35000000.0,35497000.0,1694649599541,122085333753.20032,3451.70002962,35077000.0,420000.0,0.011973658
KRW-BTC,2023-09-14,2023-09-14 09:00:00,35499000.0,36310000.0,35408000.0,35889000.0,1694735999362,134018691888.46857,3742.61235483,35497000.0,392000.0,0.0110431867
KRW-BTC,2023-09-15,2023-09-15 09:00:00,35873000.0,36193000.0,35547000.0,35928000.0,1694822398448,119726592404.3971,3336.88755512,35889000.0,39000.0,0.0010866839
KRW-BTC,2023-09-16,2023-09-16 09:00:00,35907000.0,36051000.0,35800000.0,35938000.0,1694908796432,78755069542.96677,2192.88512486,35928000.0,10000.0,0.0002783344
KRW-BTC,2023-09-17,2023-09-17 09:00:00,35939000.0,35996000.0,35650000.0,35758000.0,1694995199050,72102028928.87737,2014.74409253,35938000.0,-180000.0,-0.005008626
KRW-BTC,2023-09-18,2023-09-18 09:00:00,35758000.0,36801000.0,35658000.0,36000000.0,1695081598221,142795320939.77386,3943.4175099,35758000.0,242000.0,0.0067677163
KRW-BTC,2023-09-19,2023-09-19 09:00:00,36000000.0,36820000.0,35750000.0,36500000.0,1695167998742,112443927907.9183,3097.74850512,36000000.0,500000.0,0.0138888889
KRW-BTC,2023-09-20,2023-09-20 09:00:00,36509000.0,36743000.0,36150000.0,36501000.0,1695254399044,104079064569.80432,2853.88170307,36500000.0,1000.0,2.73973e-05
KRW-BTC,2023-09-21,2023-09-21 09:00:00,36502000.0,36659000.0,35818000.0,36012000.0,1695340797709,124717307648.65225,3438.83869913,36501000.0,-489000.0,-0.0133968932
KRW-BTC,2023-09-22,2023-09-22 09:00:00,35989000.0,36129000.0,35900000.0,35952000.0,1695427199804,74758845753.72214,2075.65459659,36012000.0,-60000.0,-0.0016661113
KRW-BTC,2023-09-23,2023-09-23 09:00:00,35964000.0,36019000.0,35901000.0,35960000.0,1695513599939,35937760415.94626,999.55399584,35952000.0,8000.0,0.0002225189
KRW-BTC,2023-09-24,2023-09-24 09:00:00,35951000.0,36100000.0,35500000.0,35534000.0,1695599999360,58720732365.10599,1635.89364001,35960000.0,-426000.0,-0.0118464961
KRW-BTC,2023-09-25,2023-09-25 09:00:00,35530000.0,35701000.0,35176000.0,35491000.0,1695686398257,101819900456.16415,2877.48269704,35534000.0,-43000.0,-0.0012101086
KRW-BTC,2023-09-26,2023-09-26 09:00:00,35497000.0,35805000.0,35428000.0,35566000.0,1695772798616,78730861954.60088,2209.87507796,35491000.0,75000.0,0.0021132118
KRW-BTC,2023-09-27,2023-09-27 09:00:00,35566000.0,36485000.0,35560000.0,35982000.0,1695859197721,118005398840.43835,3281.14651657,35566000.0,416000.0,0.0116965641
KRW-BTC,2023-09-28,2023-09-28 09:00:00,35979000.0,36999000.0,35933000.0,36596000.0,1695945599867,103097051929.53302,2834.06267564,35982000.0,614000.0,0.0170640876
KRW-BTC,2023-09-29,2023-09-29 09:00:00,36596000.0,36868000.0,36260000.0,36444000.0,1696031999471,67355567372.47279,1841.58706365,36596000.0,-152000.0,-0.0041534594
KRW-BTC,2023-09-30,2023-09-30 09:00:00,36444000.0,36740000.0,36404000.0,36600000.0,1696118397215,50218206635.28963,1372.41615254,36444000.0,156000.0,0.00428054
KRW-BTC,2023-10-01,2023-10-01 09:00:00,36614000.0,37817000.0,36555000.0,37789000.0,1696204799858,101274287532.81406,2733.22252426,36600000.0,1189000.0,0.0324863388
KRW-BTC,2023-10-02,2023-10-02 09:00:00,37788000.0,38720000.0,37200000.0,37424000.0,1696291200026,186313583118.01462,4894.78634431,37789000.0,-365000.0,-0.0096588954
KRW-BTC,2023-10-03,2023-10-03 09:00:00,37424000.0,37791000.0,37012000.0,37197000.0,1696377599081,97326904656.77483,2600.08235706,37424000.0,-227000.0,-0.0060656263
KRW-BTC,2023-10-04,2023-10-04 09:00:00,37198000.0,37740000.0,37036000.0,37595000.0,1696463999495,89233400444.09496,2387.11196686,37197000.0,398000.0,0.0106997876
KRW-BTC,2023-10-05,2023-10-05 09:00:00,37592000.0,38096000.0,37240000.0,37258000.0,1696550398685,87537921532.34395,2329.61562457,37595000.0,-337000.0,-0.008963958
KRW-BTC,2023-10-06,2023-10-06 09:00:00,37258000.0,38124000.0,37050000.0,37798000.0,1696636799755,90184643588.37437,2400.327927,37258000.0,540000.0,0.0144935316
KRW-BTC,2023-10-07,2023-10-07 09:00:00,37798000.0,37997000.0,37725000.0,37902000.0,1696723199877,38115140031.55202,1006.0876418,37798000.0,104000.0,0.0027514683
KRW-BTC,2023-10-08,2023-10-08 09:00:00,37902000.0,38109000.0,37587000.0,37929000.0,1696809598136,71305648926.66829,1880.64238934,37902000.0,27000.0,0.0007123635
KRW-BTC,2023-10-09,2023-10-09 09:00:00,37929000.0,38047000.0,37237000.0,37595000.0,1696895999506,119979036669.32654,3186.87540521,37929000.0,-334000.0,-0.0088059269
KRW-BTC,2023-10-10,2023-10-10 09:00:00,37595000.0,37810000.0,37262000.0,37336000.0,1696982399627,78432728980.09937,2088.59646744,37595000.0,-259000.0,-0.006889214
KRW-BTC,2023-10-11,2023-10-11 09:00:00,37323000.0,37403000.0,36291000.0,36671000.0,1697068798924,121703714693.16171,3302.24816453,37336000.0,-665000.0,-0.0178112278
KRW-BTC,2023-10-12,2023-10-12 09:00:00,36671000.0,36880000.0,36408000.0,36750000.0,1697155197383,64503382510.69762,1763.26549608,36671000.0,79000.0,0.0021542909
KRW-BTC,2023-10-13,2023-10-13 09:00:00,36750000.0,37193000.0,36724000.0,36968000.0,1697241599231,64841512795.1982,1756.99023804,36750000.0,218000.0,0.0059319728
KRW-BTC,2023-10-14,2023-10-14 09:00:00,36968000.0,37156000.0,36700000.0,36790000.0,1697327996362,45151269085.55234,1222.06533918,36968000.0,-178000.0,-0.0048149751
KRW-BTC,2023-10-15,2023-10-15 09:00:00,36790000.0,37189000.0,36659000.0,37086000.0,1697414399978,60732500501.17132,1648.56771035,36790000.0,296000.0,0.0080456646
KRW-BTC,2023-10-16,2023-10-16 09:00:00,37087000.0,40700000.0,37000000.0,38697000.0,1697500798875,351913585145.2934,9125.6095245,37086000.0,1611000.0,0.0434395729
KRW-BTC,2023-10-17,2023-10-17 09:00:00,38686000.0,38947000.0,38156000.0,38652000.0,1697587196445,123061894306.7804,3189.76773803,38697000.0,-45000.0,-0.0011628808
KRW-BTC,2023-10-18,2023-10-18 09:00:00,38652000.0,39380000.0,38479000.0,38710000.0,1697673598775,104730562417.98697,2698.75413038,38652000.0,58000.0,0.0015005692
KRW-BTC,2023-10-19,2023-10-19 09:00:00,38672000.0,39250000.0,38550000.0,39000000.0,1697759999965,163821734881.29224,4211.27040526,38710000.0,290000.0,0.0074916042
KRW-BTC,2023-10-20,2023-10-20 09:00:00,39000000.0,40700000.0,38820000.0,40250000.0,1697846398391,257642978882.06818,6455.83376435,39000000.0,1250000.0,0.0320512821
KRW-BTC,2023-10-21,2023-10-21 09:00:00,40250000.0,40745000.0,39975000.0,40400000.0,1697932799817,103001454706.26799,2554.62807083,40250000.0,150000.0,0.0037267081
KRW-BTC,2023-10-22,2023-10-22 09:00:00,40406000.0,40736000.0,40117000.0,40354000.0,1698019199626,110397968587.46605,2733.23876209,40400000.0,-46000.0,-0.0011386139
KRW-BTC,2023-10-23,2023-10-23 09:00:00,40354000.0,45165000.0,40307000.0,44179000.0,1698105599531,470736919769.6222,11111.91639708,40354000.0,3825000.0,0.0947861426
KRW-BTC,2023-10-24,2023-10-24 09:00:00,44179000.0,47459000.0,43820000.0,45599000.0,1698191999961,783556734920.041,17112.17695256,44179000.0,1420000.0,0.0321419679
KRW-BTC,2023-10-25,2023-10-25 09:00:00,45593000.0,47355000.0,45556000.0,46484000.0,1698278399992,352246450482.9208,7593.96895691,45599000.0,885000.0,0.0194083204
KRW-BTC,2023-10-26,2023-10-26 09:00:00,46485000.0,47093000.0,45631000.0,46141000.0,1698364798934,310796638877.9707,6702.74205085,46484000.0,-343000.0,-0.0073788831
KRW-BTC,2023-10-27,2023-10-27 09:00:00,46140000.0,46205000.0,45450000.0,45980000.0,1698451196811,141262434266.94745,3075.95792102,46141000.0,-161000.0,-0.0034893045
KRW-BTC,2023-10-28,2023-10-28 09:00:00,45980000.0,46780000.0,45955000.0,46314000.0,1698537599381,101583770481.7882,2191.55682092,45980000.0,334000.0,0.0072640278
KRW-BTC,2023-10-29,2023-10-29 09:00:00,46316000.0,47028000.0,46285000.0,46825000.0,1698623999476,112427935158.90607,2408.99526887,46314000.0,511000.0,0.0110333808
KRW-BTC,2023-10-30,2023-10-30 09:00:00,46825000.0,47215000.0,46417000.0,46732000.0,1698710399998,193672784728.4677,4138.81726801,46825000.0,-93000.0,-0.0019861185
KRW-BTC,2023-10-31,2023-10-31 09:00:00,46734000.0,47050000.0,46302000.0,47030000.0,1698796799222,192294569663.80377,4120.3851524,46732000.0,298000.0,0.0063767868
KRW-BTC,2023-11-01,2023-11-01 09:00:00,47030000.0,48165000.0,46720000.0,48079000.0,1698883200025,299411220288.5296,6327.33174114,47030000.0,1049000.0,0.0223049118
KRW-BTC,2023-11-02,2023-11-02 09:00:00,48100000.0,48661000.0,46732000.0,47516000.0,1698969599261,285475840328.6736,5972.0703977,48079000.0,-563000.0,-0.0117098941
KRW-BTC,2023-11-03,2023-11-03 09:00:00,47524000.0,47524000.0,46203000.0,46676000.0,1699055999941,230047830133.99362,4936.17064119,47516000.0,-840000.0,-0.0176782557
KRW-BTC,2023-11-04,2023-11-04 09:00:00,46675000.0,47246000.0,46473000.0,47050000.0,1699142398781,131307809038.2666,2806.91856547,46676000.0,374000.0,0.0080126832
KRW-BTC,2023-11-05,2023-11-05 09:00:00,47052000.0,47500000.0,46670000.0,47056000.0,1699228800014,159997546547.1882,3392.8399816,47050000.0,6000.0,0.0001275239
KRW-BTC,2023-11-06,2023-11-06 09:00:00,47056000.0,47197000.0,46471000.0,46781000.0,1699315199990,164129100581.59018,3504.69710331,47056000.0,-275000.0,-0.0058441006
KRW-BTC,2023-11-07,2023-11-07 09:00:00,46781000.0,47696000.0,46300000.0,47301000.0,1699401599862,184409450823.21826,3939.2516709,46781000.0,520000.0,0.0111156239
KRW-BTC,2023-11-08,2023-11-08 09:00:00,47301000.0,47900000.0,46927000.0,47458000.0,1699487999685,139385505114.5386,2949.25778949,47301000.0,157000.0,0.0033191687
KRW-BTC,2023-11-09,2023-11-09 09:00:00,47457000.0,50278000.0,47401000.0,49400000.0,1699574399803,546010947959.2891,11141.9610064,47458000.0,1942000.0,0.0409203928
KRW-BTC,2023-11-10,2023-11-10 09:00:00,49400000.0,50215000.0,48759000.0,50030000.0,1699660799424,299708542656.05597,6043.14362454,49400000.0,630000.0,0.0127530364
KRW-BTC,2023-11-11,2023-11-11 09:00:00,50030000.0,50100000.0,49230000.0,49629000.0,1699747199222,175349322990.9461,3533.85638572,50030000.0,-401000.0,-0.0080151909
KRW-BTC,2023-11-12,2023-11-12 09:00:00,49629000.0,49929000.0,49141000.0,49418000.0,1699833599873,161934761242.51166,3274.7534793,49629000.0,-211000.0,-0.0042515465
KRW-BTC,2023-11-13,2023-11-13 09:00:00,49418000.0,49803000.0,49000000.0,49154000.0,1699919999218,178810971819.30255,3616.16847856,49418000.0,-264000.0,-0.005342183
KRW-BTC,2023-11-14,2023-11-14 09:00:00,49151000.0,49633000.0,47524000.0,47969000.0,1700006399550,288080691020.0241,5902.63410005,49154000.0,-1185000.0,-0.0241079058
KRW-BTC,2023-11-15,2023-11-15 09:00:00,47969000.0,50552000.0,47018000.0,50457000.0,1700092799807,306665869019.82623,6306.63752813,47969000.0,2488000.0,0.0518668307
KRW-BTC,2023-11-16,2023-11-16 09:00:00,50463000.0,50652000.0,48115000.0,48868000.0,1700179195645,269149850359.8781,5432.88965934,50457000.0,-1589000.0,-0.0314921616
KRW-BTC,2023-11-17,2023-11-17 09:00:00,48878000.0,49501000.0,48552000.0,49390000.0,1700265599945,170567582593.56808,3480.16145402,48868000.0,522000.0,0.0106818368
KRW-BTC,2023-11-18,2023-11-18 09:00:00,49390000.0,49507000.0,48862000.0,49165000.0,1700351997322,90867746691.93956,1849.64117899,49390000.0,-225000.0,-0.0045555781
KRW-BTC,2023-11-19,2023-11-19 09:00:00,49190000.0,49999000.0,49000000.0,49800000.0,1700438398957,99286328889.46626,2013.89896514,49165000.0,635000.0,0.0129156921
KRW-BTC,2023-11-20,2023-11-20 09:00:00,49800000.0,50305000.0,49283000.0,50170000.0,1700524799981,158066390992.00266,3173.09186779,49800000.0,370000.0,0.0074297189
KRW-BTC,2023-11-21,2023-11-21 09:00:00,50170000.0,50389000.0,48510000.0,48510000.0,1700611199880,255668303594.71704,5154.0749487,50170000.0,-1660000.0,-0.0330875025
KRW-BTC,2023-11-22,2023-11-22 09:00:00,48521000.0,50499000.0,48391000.0,50042000.0,1700697599828,207585606679.1641,4203.05718026,48510000.0,1532000.0,0.0315811173
KRW-BTC,2023-11-23,2023-11-23 09:00:00,50050000.0,50253000.0,49500000.0,49929000.0,1700783999751,118658022255.89616,2375.37097906,50042000.0,-113000.0,-0.0022581032
KRW-BTC,2023-11-24,2023-11-24 09:00:00,49936000.0,51323000.0,49888000.0,50601000.0,1700870399332,186303047671.0546,3684.13103632,49929000.0,672000.0,0.0134591119
KRW-BTC,2023-11-25,2023-11-25 09:00:00,50606000.0,50802000.0,50307000.0,50533000.0,1700956799733,87821072936.28871,1735.64159119,50601000.0,-68000.0,-0.001343847
KRW-BTC,2023-11-26,2023-11-26 09:00:00,50533000.0,50610000.0,50019000.0,50210000.0,1701043196004,97182147445.94131,1931.40729605,50533000.0,-323000.0,-0.0063918627
KRW-BTC,2023-11-27,2023-11-27 09:00:00,50210000.0,50446000.0,49500000.0,50275000.0,1701129599852,148203533801.63138,2967.23413174,50210000.0,65000.0,0.0012945628
KRW-BTC,2023-11-28,2023-11-28 09:00:00,50274000.0,51095000.0,49550000.0,50576000.0,1701215999984,154384605619.8331,3070.18580271,50275000.0,301000.0,0.0059870711
KRW-BTC,2023-11-29,2023-11-29 09:00:00,50576000.0,51250000.0,50419000.0,50720000.0,1701302399394,143915341326.90656,2831.02552019,50576000.0,144000.0,0.0028472003
KRW-BTC,2023-11-30,2023-11-30 09:00:00,50720000.0,50963000.0,50445000.0,50586000.0,1701388799194,140498847764.6817,2773.4807392,50720000.0,-134000.0,-0.0026419558
KRW-BTC,2023-12-01,2023-12-01 09:00:00,50601000.0,52000000.0,50500000.0,51709000.0,1701475199449,206684690132.80362,4022.03933345,50586000.0,1123000.0,0.0221998181
KRW-BTC,2023-12-02,2023-12-02 09:00:00,51710000.0,52833000.0,51645000.0,52603000.0,1701561599521,139928155615.26788,2689.11690841,51709000.0,894000.0,0.0172890599
KRW-BTC,2023-12-03,2023-12-03 09:00:00,52615000.0,53864000.0,52531000.0,53700000.0,1701647999921,188420442100.16516,3551.85450167,52603000.0,1097000.0,0.0208543239
KRW-BTC,2023-12-04,2023-12-04 09:00:00,53761000.0,57337000.0,53690000.0,56920000.0,1701734399788,634928029492.8329,11395.02751964,53700000.0,3220000.0,0.0599627561
KRW-BTC,2023-12-05,2023-12-05 09:00:00,56922000.0,60769000.0,56000000.0,60227000.0,1701820799955,580788211507.9005,9996.25271209,56920000.0,3307000.0,0.0580990864
KRW-BTC,2023-12-06,2023-12-06 09:00:00,60230000.0,61312000.0,59572000.0,60314000.0,1701907198780,533639805638.3533,8840.70990951,60227000.0,87000.0,0.0014445348
KRW-BTC,2023-12-07,2023-12-07 09:00:00,60295000.0,60958000.0,58555000.0,59250000.0,1701993599179,496929423027.319,8318.92475677,60314000.0,-1064000.0,-0.017641012
KRW-BTC,2023-12-08,2023-12-08 09:00:00,59237000.0,60753000.0,58750000.0,60142000.0,1702079999881,312888965810.0667,5252.13320218,59250000.0,892000.0,0.0150548523
KRW-BTC,2023-12-09,2023-12-09 09:00:00,60148000.0,60395000.0,59680000.0,60082000.0,1702166399907,212176303316.26273,3528.90759303,60142000.0,-60000.0,-0.0009976389
KRW-BTC,2023-12-10,2023-12-10 09:00:00,60082000.0,60277000.0,59563000.0,59835000.0,1702252799654,154503668158.04605,2575.29471124,60082000.0,-247000.0,-0.0041110482
KRW-BTC,2023-12-11,2023-12-11 09:00:00,59834000.0,59918000.0,55460000.0,56950000.0,1702339198750,690921164445.8722,11981.70048829,59835000.0,-2885000.0,-0.0482159271
KRW-BTC,2023-12-12,2023-12-12 09:00:00,56950000.0,58780000.0,56654000.0,57605000.0,1702425599730,461428661644.5635,8005.13993037,56950000.0,655000.0,0.0115013169
KRW-BTC,2023-12-13,2023-12-13 09:00:00,57605000.0,59924000.0,56500000.0,59056000.0,1702512000020,326097648745.7368,5623.2041578,57605000.0,1451000.0,0.0251887857
KRW-BTC,2023-12-14,2023-12-14 09:00:00,59056000.0,59500000.0,58002000.0,58735000.0,1702598396518,267479933082.30008,4548.14813078,59056000.0,-321000.0,-0.0054355188
KRW-BTC,2023-12-15,2023-12-15 09:00:00,58727000.0,58973000.0,57632000.0,58028000.0,1702684799246,220131142067.4275,3771.61724969,58735000.0,-707000.0,-0.0120371159
KRW-BTC,2023-12-16,2023-12-16 09:00:00,58020000.0,58562000.0,57574000.0,57935000.0,1702771199312,147866504293.10175,2546.60255462,58028000.0,-93000.0,-0.0016026746
KRW-BTC,2023-12-17,2023-12-17 09:00:00,57928000.0,58017000.0,56700000.0,56710000.0,1702857599997,179292490567.81885,3121.98161119,57935000.0,-1225000.0,-0.0211443859
KRW-BTC,2023-12-18,2023-12-18 09:00:00,56710000.0,58184000.0,55002000.0,58130000.0,1702943998797,526899459317.0283,9358.51829274,56710000.0,1420000.0,0.0250396755
KRW-BTC,2023-12-19,2023-12-19 09:00:00,58099000.0,58944000.0,57260000.0,57845000.0,1703030399050,276210220545.6467,4742.2058516,58130000.0,-285000.0,-0.0049028041
KRW-BTC,2023-12-20,2023-12-20 09:00:00,57840000.0,59873000.0,57580000.0,59351000.0,1703116799236,367164134039.18427,6248.37736262,57845000.0,1506000.0,0.0260350938
KRW-BTC,2023-12-21,2023-12-21 09:00:00,59350000.0,60000000.0,58924000.0,59479000.0,1703203199583,267069048287.66504,4490.29798433,59351000.0,128000.0,0.0021566612
KRW-BTC,2023-12-22,2023-12-22 09:00:00,59479000.0,60419000.0,59094000.0,59532000.0,1703289599844,285751504134.6063,4790.38513967,59479000.0,53000.0,0.0008910708
KRW-BTC,2023-12-23,2023-12-23 09:00:00,59532000.0,59700000.0,59000000.0,59250000.0,1703375999606,138939077714.4067,2340.10844959,59532000.0,-282000.0,-0.0047369482
KRW-BTC,2023-12-24,2023-12-24 09:00:00,59249000.0,59600000.0,58000000.0,58002000.0,1703462399990,220016987575.62384,3729.33358016,59250000.0,-1248000.0,-0.0210632911
KRW-BTC,2023-12-25,2023-12-25 09:00:00,58002000.0,58659000.0,57464000.0,58042000.0,1703548799890,272132952454.451,4687.20889184,58002000.0,40000.0,0.0006896314
KRW-BTC,2023-12-26,2023-12-26 09:00:00,58042000.0,58140000.0,56349000.0,57032000.0,1703635199803,270822789242.3728,4735.23025583,58042000.0,-1010000.0,-0.0174011922
KRW-BTC,2023-12-27,2023-12-27 09:00:00,57032000.0,58212000.0,56349000.0,57920000.0,1703721598803,227009564284.49377,3965.8428233,57032000.0,888000.0,0.0155702062
KRW-BTC,2023-12-28,2023-12-28 09:00:00,57920000.0,58468000.0,56700000.0,56907000.0,1703807999951,226957310350.44257,3958.81673633,57920000.0,-1013000.0,-0.0174896409
KRW-BTC,2023-12-29,2023-12-29 09:00:00,56904000.0,57300000.0,56000000.0,56450000.0,1703894399762,241957208417.80063,4273.27071779,56907000.0,-457000.0,-0.0080306465
KRW-BTC,2023-12-30,2023-12-30 09:00:00,56450000.0,57150000.0,56101000.0,56639000.0,1703980799652,130136720731.60126,2301.72482929,56450000.0,189000.0,0.0033480957
KRW-BTC,2023-12-31,2023-12-31 09:00:00,56639000.0,57437000.0,56452000.0,57047000.0,1704067199664,131519480295.09232,2308.38316024,56639000.0,408000.0,0.007203517
KRW-BTC,2024-01-01,2024-01-01 09:00:00,57045000.0,58847000.0,57045000.0,58839000.0,1704153599562,182491217914.30185,3165.32092908,57047000.0,1792000.0,0.0314126948
KRW-BTC,2024-01-02,2024-01-02 09:00:00,58839000.0,60997000.0,58814000.0,60206000.0,1704239999808,495038780463.7768,8221.19868374,58839000.0,1367000.0,0.0232328897
KRW-BTC,2024-01-03,2024-01-03 09:00:00,60205000.0,60799000.0,54346000.0,58581000.0,1704326399884,945841183535.2499,16310.30692586,60206000.0,-1625000.0,-0.0269906654
KRW-BTC,2024-01-04,2024-01-04 09:00:00,58581000.0,60162000.0,57319000.0,59477000.0,1704412798132,366025648066.8456,6254.53768656,58581000.0,896000.0,0.0152950615
KRW-BTC,2024-01-05,2024-01-05 09:00:00,59477000.0,59695000.0,57577000.0,59351000.0,1704499198889,284352418527.13806,4822.3896766,59477000.0,-126000.0,-0.002118466
KRW-BTC,2024-01-06,2024-01-06 09:00:00,59351000.0,59518000.0,58651000.0,59329000.0,1704585599413,146681858163.83517,2482.6262327,59351000.0,-22000.0,-0.0003706761
KRW-BTC,2024-01-07,2024-01-07 09:00:00,59329000.0,59879000.0,58630000.0,59108000.0,1704671998330,195332894541.23975,3285.09256035,59329000.0,-221000.0,-0.0037249912
KRW-BTC,2024-01-08,2024-01-08 09:00:00,59108000.0,63410000.0,57801000.0,63010000.0,1704758398513,677313414712.9883,11161.48689391,59108000.0,3902000.0,0.0660147527
KRW-BTC,2024-01-09,2024-01-09 09:00:00,63011000.0,64385000.0,60748000.0,62014000.0,1704844799141,617115004717.8223,9882.55128738,63010000.0,-996000.0,-0.0158070148
KRW-BTC,2024-01-10,2024-01-10 09:00:00,62001000.0,65000000.0,59730000.0,63621000.0,1704931200019,1023312951596.1451,16442.71360776,62014000.0,1607000.0,0.0259135034
KRW-BTC,2024-01-11,2024-01-11 09:00:00,63621000.0,66779000.0,62246000.0,63550000.0,1705017599125,923979801876.3722,14392.35118741,63621000.0,-71000.0,-0.0011159837
KRW-BTC,2024-01-12,2024-01-12 09:00:00,63560000.0,63820000.0,58200000.0,59435000.0,1705103999704,705250093415.7546,11517.51602146,63550000.0,-4115000.0,-0.0647521637
KRW-BTC,2024-01-13,2024-01-13 09:00:00,59430000.0,59860000.0,58174000.0,58968000.0,1705190399909,326997534585.3025,5542.07595015,59435000.0,-467000.0,-0.0078573231
KRW-BTC,2024-01-14,2024-01-14 09:00:00,58968000.0,59254000.0,57312000.0,57391000.0,1705276799982,230963494089.2534,3950.54738176,58968000.0,-1577000.0,-0.0267433184
KRW-BTC,2024-01-15,2024-01-15 09:00:00,57380000.0,59340000.0,57332000.0,58354000.0,1705363198562,231794647049.94147,3967.32180816,57391000.0,963000.0,0.0167796344
KRW-BTC,2024-01-16,2024-01-16 09:00:00,58416000.0,59577000.0,58169000.0,59196000.0,1705449599174,220847570069.63248,3748.9674189,58354000.0,842000.0,0.0144291737
KRW-BTC,2024-01-17,2024-01-17 09:00:00,59197000.0,59300000.0,58269000.0,58776000.0,1705535999998,166684664128.92538,2837.33448993,59196000.0,-420000.0,-0.007095074
KRW-BTC,2024-01-18,2024-01-18 09:00:00,58776000.0,58900000.0,56754000.0,57284000.0,1705622398089,247274595060.62836,4268.88383965,58776000.0,-1492000.0,-0.0253845107
KRW-BTC,2024-01-19,2024-01-19 09:00:00,57281000.0,58180000.0,55935000.0,57739000.0,1705708799879,319935326045.1161,5634.88177074,57284000.0,455000.0,0.0079428811
KRW-BTC,2024-01-20,2024-01-20 09:00:00,57738000.0,57796000.0,57242000.0,57517000.0,1705795199010,122466062930.22649,2127.46454183,57739000.0,-222000.0,-0.0038448882
KRW-BTC,2024-01-21,2024-01-21 09:00:00,57550000.0,57942000.0,57350000.0,57387000.0,1705881598948,115423278977.731,2003.6715815,57517000.0,-130000.0,-0.0022602013
KRW-BTC,2024-01-22,2024-01-22 09:00:00,57392000.0,57543000.0,54659000.0,54689000.0,1705968000017,354946267211.27905,6334.41138362,57387000.0,-2698000.0,-0.0470141321
KRW-BTC,2024-01-23,2024-01-23 09:00:00,54689000.0,55576000.0,53125000.0,55389000.0,1706054397936,417612365974.9237,7696.9657732,54689000.0,700000.0,0.0127996489
KRW-BTC,2024-01-24,2024-01-24 09:00:00,55389000.0,55850000.0,54446000.0,55200000.0,1706140799785,199193987331.73764,3615.04171313,55389000.0,-189000.0,-0.0034122299
KRW-BTC,2024-01-25,2024-01-25 09:00:00,55200000.0,55586000.0,54760000.0,55101000.0,1706227199455,158151643849.23672,2868.41775244,55200000.0,-99000.0,-0.0017934783
KRW-BTC,2024-01-26,2024-01-26 09:00:00,55101000.0,58146000.0,54957000.0,57503000.0,1706313599907,297208668227.302,5241.71188424,55101000.0,2402000.0,0.0435926753
KRW-BTC,2024-01-27,2024-01-27 09:00:00,57526000.0,58189000.0,57046000.0,58086000.0,1706399999879,127856613888.00935,2217.23585074,57503000.0,583000.0,0.0101386015
KRW-BTC,2024-01-28,2024-01-28 09:00:00,58086000.0,58880000.0,57400000.0,57855000.0,1706486398346,163353578683.5286,2804.05316336,58086000.0,-231000.0,-0.0039768619
KRW-BTC,2024-01-29,2024-01-29 09:00:00,57855000.0,59210000.0,57561000.0,59101000.0,1706572799468,198470118247.67715,3400.58213496,57855000.0,1246000.0,0.0215366001
KRW-BTC,2024-01-30,2024-01-30 09:00:00,59129000.0,59863000.0,58600000.0,58965000.0,1706659199786,243788049861.6119,4111.4027948,59101000.0,-136000.0,-0.0023011455
KRW-BTC,2024-01-31,2024-01-31 09:00:00,58966000.0,59848000.0,58221000.0,58738000.0,1706745599630,198864403810.88028,3372.05512523,58965000.0,-227000.0,-0.0038497414
KRW-BTC,2024-02-01,2024-02-01 09:00:00,58738000.0,59302000.0,57804000.0,59150000.0,1706831999375,161060109648.93842,2757.18048169,58738000.0,412000.0,0.0070141986
KRW-BTC,2024-02-02,2024-02-02 09:00:00,59150000.0,59531000.0,58551000.0,59299000.0,1706918399728,134728620635.56172,2278.87315759,59150000.0,149000.0,0.0025190194
KRW-BTC,2024-02-03,2024-02-03 09:00:00,59295000.0,59485000.0,59120000.0,59260000.0,1707004799547,69320649322.95328,1168.38699158,59299000.0,-39000.0,-0.0006576839
KRW-BTC,2024-02-04,2024-02-04 09:00:00,59262000.0,59324000.0,58633000.0,58811000.0,1707091198685,75191501973.40013,1272.47453255,59260000.0,-449000.0,-0.0075767803
KRW-BTC,2024-02-05,2024-02-05 09:00:00,58814000.0,59800000.0,58311000.0,58882000.0,1707177599925,165309802322.86816,2801.14722486,58811000.0,71000.0,0.0012072571
KRW-BTC,2024-02-06,2024-02-06 09:00:00,58882000.0,59400000.0,58650000.0,59039000.0,1707263999584,121948276958.82838,2068.07481117,58882000.0,157000.0,0.0026663496
KRW-BTC,2024-02-07,2024-02-07 09:00:00,59020000.0,60373000.0,58745000.0,60232000.0,1707350399515,238381737380.20325,4016.91251278,59039000.0,1193000.0,0.0202069818
KRW-BTC,2024-02-08,2024-02-08 09:00:00,60242000.0,62200000.0,60232000.0,62011000.0,1707436799151,269421771730.88812,4403.57321568,60232000.0,1779000.0,0.0295357949
KRW-BTC,2024-02-09,2024-02-09 09:00:00,62011000.0,64955000.0,61717000.0,63682000.0,1707523199558,512755906366.25,8059.0341961,62011000.0,1671000.0,0.026946832
KRW-BTC,2024-02-10,2024-02-10 09:00:00,63682000.0,64890000.0,63062000.0,64549000.0,1707609597911,225319150684.7367,3520.61476764,63682000.0,867000.0,0.0136145222
KRW-BTC,2024-02-11,2024-02-11 09:00:00,64549000.0,65500000.0,64256000.0,65230000.0,1707695999730,238873276592.43555,3675.68043315,64549000.0,681000.0,0.0105501247
KRW-BTC,2024-02-12,2024-02-12 09:00:00,65231000.0,67444000.0,64887000.0,67002000.0,1707782399850,441592898902.0397,6674.5189116,65230000.0,1772000.0,0.0271654147
KRW-BTC,2024-02-13,2024-02-13 09:00:00,67002000.0,67698000.0,65800000.0,67309000.0,1707868799573,452457508733.7282,6757.73223342,67002000.0,307000.0,0.0045819528
KRW-BTC,2024-02-14,2024-02-14 09:00:00,67309000.0,70300000.0,66800000.0,70199000.0,1707955199579,555788800123.2118,8040.24948851,67309000.0,2890000.0,0.0429363087
KRW-BTC,2024-02-15,2024-02-15 09:00:00,70195000.0,72216000.0,70190000.0,71253000.0,1708041599673,596093200995.1085,8360.6265065,70199000.0,1054000.0,0.0150144589
KRW-BTC,2024-02-16,2024-02-16 09:00:00,71253000.0,72500000.0,70782000.0,72128000.0,1708127999943,351583502414.54065,4895.5305616,71253000.0,875000.0,0.0122801847
KRW-BTC,2024-02-17,2024-02-17 09:00:00,72134000.0,72267000.0,69595000.0,71530000.0,1708214399239,443405034028.45605,6239.93681452,72128000.0,-598000.0,-0.0082908163
KRW-BTC,2024-02-18,2024-02-18 09:00:00,71500000.0,72158000.0,70669000.0,71964000.0,1708300799976,258754010038.3827,3622.39704322,71530000.0,434000.0,0.0060673843
KRW-BTC,2024-02-19,2024-02-19 09:00:00,71968000.0,72412000.0,71728000.0,71755000.0,1708387199837,258718607451.79404,3590.53994514,71964000.0,-209000.0,-0.0029042299
KRW-BTC,2024-02-20,2024-02-20 09:00:00,71755000.0,73100000.0,71010000.0,72191000.0,1708473600018,374956852709.30115,5210.9537578,71755000.0,436000.0,0.0060762316
KRW-BTC,2024-02-21,2024-02-21 09:00:00,72160000.0,72465000.0,71100000.0,72397000.0,1708559999090,271810716263.94452,3784.15692927,72191000.0,206000.0,0.0028535413
KRW-BTC,2024-02-22,2024-02-22 09:00:00,72397000.0,72399000.0,71458000.0,71601000.0,1708646398414,212441719114.15668,2956.43290437,72397000.0,-796000.0,-0.0109949307
KRW-BTC,2024-02-23,2024-02-23 09:00:00,71600000.0,71835000.0,70657000.0,70805000.0,1708732799789,209597391438.7119,2937.89362228,71601000.0,-796000.0,-0.0111171632
KRW-BTC,2024-02-24,2024-02-24 09:00:00,70804000.0,71467000.0,70542000.0,71107000.0,1708819199859,196504422512.8034,2768.92244263,70805000.0,302000.0,0.0042652355
KRW-BTC,2024-02-25,2024-02-25 09:00:00,71107000.0,71595000.0,70907000.0,71256000.0,1708905599955,132976936582.42847,1867.42810931,71107000.0,149000.0,0.0020954336
KRW-BTC,2024-02-26,2024-02-26 09:00:00,71256000.0,75000000.0,70000000.0,74742000.0,1708991999968,445753506046.4029,6152.52849944,71256000.0,3486000.0,0.048922196
KRW-BTC,2024-02-27,2024-02-27 09:00:00,74741000.0,79183000.0,74554000.0,78619000.0,1709078399748,789427020915.4601,10168.66847875,74742000.0,3877000.0,0.0518717722
KRW-BTC,2024-02-28,2024-02-28 09:00:00,78621000.0,88424000.0,78082000.0,87634000.0,1709164799992,1605842409329.8965,19254.09747335,78619000.0,9015000.0,0.114666938
KRW-BTC,2024-02-29,2024-02-29 09:00:00,87654000.0,90000000.0,85244000.0,85910000.0,1709251199980,1247891807737.9043,14269.12684354,87634000.0,-1724000.0,-0.0196727298
KRW-BTC,2024-03-01,2024-03-01 09:00:00,85911000.0,88500000.0,85910000.0,87397000.0,1709337599330,545793423395.0005,6256.97193595,85910000.0,1487000.0,0.0173088115
KRW-BTC,2024-03-02,2024-03-02 09:00:00,87397000.0,87724000.0,86090000.0,86383000.0,1709423999965,475836197640.3118,5481.66253212,87397000.0,-1014000.0,-0.0116022289
KRW-BTC,2024-03-03,2024-03-03 09:00:00,86382000.0,87993000.0,85000000.0,87982000.0,1709510399983,520339172689.89,6017.57168637,86383000.0,1599000.0,0.0185105866
KRW-BTC,2024-03-04,2024-03-04 09:00:00,87978000.0,95586000.0,87302000.0,95500000.0,1709596799974,1211101233989.3242,13254.11820787,87982000.0,7518000.0,0.0854492964
KRW-BTC,2024-03-05,2024-03-05 09:00:00,95500000.0,97000000.0,88024000.0,91275000.0,1709683199904,2068791243827.417,22134.5823534,95500000.0,-4225000.0,-0.0442408377
KRW-BTC,2024-03-06,2024-03-06 09:00:00,91275000.0,94917000.0,88233000.0,93325000.0,1709769599833,1132969096241.1963,12290.20386486,91275000.0,2050000.0,0.0224596001
KRW-BTC,2024-03-07,2024-03-07 09:00:00,93325000.0,95678000.0,92670000.0,94060000.0,1709855999784,544938284330.71326,5792.49252841,93325000.0,735000.0,0.0078757032
KRW-BTC,2024-03-08,2024-03-08 09:00:00,94044000.0,98543000.0,94000000.0,96237000.0,1709942399814,835209405680.1185,8721.93321965,94060000.0,2177000.0,0.0231448012
KRW-BTC,2024-03-09,2024-03-09 09:00:00,96237000.0,96420000.0,95120000.0,95946000.0,1710028799787,378536088958.2131,3946.68168858,96237000.0,-291000.0,-0.003023785
KRW-BTC,2024-03-10,2024-03-10 09:00:00,95946000.0,98445000.0,95904000.0,97495000.0,1710115199995,584591822773.3928,5997.98580277,95946000.0,1549000.0,0.0161444979
KRW-BTC,2024-03-11,2024-03-11 09:00:00,97501000.0,101940000.0,95132000.0,100404000.0,1710201600019,1394027929273.16,14017.56814882,97495000.0,2909000.0,0.0298374276
KRW-BTC,2024-03-12,2024-03-12 09:00:00,100404000.0,102350000.0,99000000.0,101200000.0,1710287999033,840639249935.1646,8326.93269496,100404000.0,796000.0,0.007927971
KRW-BTC,2024-03-13,2024-03-13 09:00:00,101200000.0,104865000.0,100909000.0,104122000.0,1710374399840,796117209603.253,7708.11925332,101200000.0,2922000.0,0.0288735178
KRW-BTC,2024-03-14,2024-03-14 09:00:00,104121000.0,105000000.0,100000000.0,102506000.0,1710460799866,1082636743178.8175,10526.11243481,104122000.0,-1616000.0,-0.0155202551
KRW-BTC,2024-03-15,2024-03-15 09:00:00,102506000.0,104131000.0,95600000.0,101000000.0,1710547200008,1768528691395.1565,17862.96961701,102506000.0,-1506000.0,-0.0146918229
KRW-BTC,2024-03-16,2024-03-16 09:00:00,101010000.0,102407000.0,95700000.0,96767000.0,1710633599783,773300912136.6715,7805.49537673,101000000.0,-4233000.0,-0.0419108911
KRW-BTC,2024-03-17,2024-03-17 09:00:00,96769000.0,100299000.0,94300000.0,99922000.0,1710719999237,1018011483571.2373,10512.20194197,96767000.0,3155000.0,0.0326040902
KRW-BTC,2024-03-18,2024-03-18 09:00:00,99934000.0,100233000.0,97623000.0,99040000.0,1710806398973,601364533012.1357,6061.17057346,99922000.0,-882000.0,-0.008826885
KRW-BTC,2024-03-19,2024-03-19 09:00:00,99042000.0,99700000.0,92027000.0,92572000.0,1710892799534,1333253975751.9326,14040.62247096,99040000.0,-6468000.0,-0.0653069467
KRW-BTC,2024-03-20,2024-03-20 09:00:00,92541000.0,100216000.0,89845000.0,99726000.0,1710979199913,1336501266984.0964,14156.97655657,92572000.0,7154000.0,0.0772803872
KRW-BTC,2024-03-21,2024-03-21 09:00:00,99726000.0,99801000.0,95000000.0,95552000.0,1711065599950,724759488812.2096,7441.53702699,99726000.0,-4174000.0,-0.0418546818
KRW-BTC,2024-03-22,2024-03-22 09:00:00,95618000.0,96500000.0,92222000.0,93855000.0,1711151999470,625975200849.2533,6646.70819911,95552000.0,-1697000.0,-0.0177599632
KRW-BTC,2024-03-23,2024-03-23 09:00:00,93850000.0,95609000.0,92593000.0,93274000.0,1711238399954,344921898105.8299,3672.55444643,93855000.0,-581000.0,-0.0061904001
KRW-BTC,2024-03-24,2024-03-24 09:00:00,93317000.0,97252000.0,93079000.0,96624000.0,1711324799952,369010924364.2194,3888.32456609,93274000.0,3350000.0,0.0359156893
KRW-BTC,2024-03-25,2024-03-25 09:00:00,96624000.0,100500000.0,95600000.0,99202000.0,1711411199997,736915127805.8601,7510.92358508,96624000.0,2578000.0,0.0266807418
KRW-BTC,2024-03-26,2024-03-26 09:00:00,99202000.0,100800000.0,98830000.0,100051000.0,1711497599735,518625422690.3721,5187.8255505,99202000.0,849000.0,0.0085582952
KRW-BTC,2024-03-27,2024-03-27 09:00:00,100051000.0,101900000.0,98700000.0,99890000.0,1711584000021,687535364829.5654,6873.29706874,100051000.0,-161000.0,-0.0016091793
KRW-BTC,2024-03-28,2024-03-28 09:00:00,99890000.0,101725000.0,99251000.0,100900000.0,1711670399952,535926456305.18634,5332.23099753,99890000.0,1010000.0,0.0101111222
KRW-BTC,2024-03-29,2024-03-29 09:00:00,100900000.0,101100000.0,99210000.0,99801000.0,1711756798060,435401166585.58826,4351.27001019,100900000.0,-1099000.0,-0.0108919722
KRW-BTC,2024-03-30,2024-03-30 09:00:00,99876000.0,100317000.0,99455000.0,99985000.0,1711843199744,196155308244.61237,1962.11149493,99801000.0,184000.0,0.0018436689
KRW-BTC,2024-03-31,2024-03-31 09:00:00,99985000.0,101133000.0,99930000.0,100970000.0,1711929599865,212087515001.09903,2112.03397974,99985000.0,985000.0,0.0098514777
KRW-BTC,2024-04-01,2024-04-01 09:00:00,100991000.0,101098000.0,98658000.0,100100000.0,1712015999832,472761515355.0921,4739.72230488,100970000.0,-870000.0,-0.0086164207
KRW-BTC,2024-04-02,2024-04-02 09:00:00,100100000.0,100100000.0,95000000.0,96053000.0,1712102399920,780975960649.7177,8066.15019928,100100000.0,-4047000.0,-0.0404295704
KRW-BTC,2024-04-03,2024-04-03 09:00:00,96053000.0,97300000.0,94682000.0,96502000.0,1712188799751,411426554028.0002,4274.27113577,96053000.0,449000.0,0.0046745026
KRW-BTC,2024-04-04,2024-04-04 09:00:00,96502000.0,99912000.0,95598000.0,99361000.0,1712275199918,427159595437.90393,4377.11634387,96502000.0,2859000.0,0.029626329
KRW-BTC,2024-04-05,2024-04-05 09:00:00,99445000.0,99669000.0,96800000.0,98394000.0,1712361599458,346785702174.4224,3533.18774879,99361000.0,-967000.0,-0.0097321887
KRW-BTC,2024-04-06,2024-04-06 09:00:00,98385000.0,99888000.0,97745000.0,99023000.0,1712447999694,185840192041.35562,1885.55868844,98394000.0,629000.0,0.0063926662
KRW-BTC,2024-04-07,2024-04-07 09:00:00,99000000.0,100450000.0,98976000.0,99369000.0,1712534400030,212381001693.2222,2132.30263827,99023000.0,346000.0,0.0034941377
KRW-BTC,2024-04-08,2024-04-08 09:00:00,99369000.0,103084000.0,99100000.0,102101000.0,1712620799360,571091810718.5997,5621.6941615,99369000.0,2732000.0,0.0274934839
KRW-BTC,2024-04-09,2024-04-09 09:00:00,102050000.0,102399000.0,98400000.0,99350000.0,1712707199959,478845250480.8743,4778.27379895,102101000.0,-2751000.0,-0.0269439085
KRW-BTC,2024-04-10,2024-04-10 09:00:00,99409000.0,101750000.0,97614000.0,100600000.0,1712793599950,427447865181.8295,4307.83087037,99350000.0,1250000.0,0.0125817816
KRW-BTC,2024-04-11,2024-04-11 09:00:00,100601000.0,101452000.0,100031000.0,100541000.0,1712879999966,304817123210.9132,3026.45443123,100600000.0,-59000.0,-0.0005864811
KRW-BTC,2024-04-12,2024-04-12 09:00:00,100542000.0,101426000.0,98985000.0,99776000.0,1712966400019,501138671632.28973,5005.55856794,100541000.0,-765000.0,-0.0076088362
KRW-BTC,2024-04-13,2024-04-13 09:00:00,99645000.0,100569000.0,95000000.0,97149000.0,1713052800018,935752426506.9319,9545.1942808,99776000.0,-2627000.0,-0.0263289769
KRW-BTC,2024-04-14,2024-04-14 09:00:00,97093000.0,99180000.0,95224000.0,98905000.0,1713139200015,640496163193.9851,6601.79791673,97149000.0,1756000.0,0.0180753276
KRW-BTC,2024-04-15,2024-04-15 09:00:00,98931000.0,99490000.0,95702000.0,96527000.0,1713225599905,572334441333.4099,5860.57730753,98905000.0,-2378000.0,-0.0240432738
KRW-BTC,2024-04-16,2024-04-16 09:00:00,96530000.0,96941000.0,93500000.0,95597000.0,1713311999393,575142167083.7314,6058.36670549,96527000.0,-930000.0,-0.00963461
KRW-BTC,2024-04-17,2024-04-17 09:00:00,95597000.0,96500000.0,90200000.0,91419000.0,1713398398644,660323082104.5907,7117.39044578,95597000.0,-4178000.0,-0.0437043003
KRW-BTC,2024-04-18,2024-04-18 09:00:00,91439000.0,94200000.0,90000000.0,93356000.0,1713484799622,533379890524.8668,5793.82700325,91419000.0,1937000.0,0.0211881556
KRW-BTC,2024-04-19,2024-04-19 09:00:00,93392000.0,95958000.0,88500000.0,93390000.0,1713571199572,826226752319.6167,8931.11165293,93356000.0,34000.0,0.0003641973
KRW-BTC,2024-04-20,2024-04-20 09:00:00,93390000.0,95600000.0,92615000.0,94805000.0,1713657599997,250942877130.00293,2666.36468567,93390000.0,1415000.0,0.0151515152
KRW-BTC,2024-04-21,2024-04-21 09:00:00,94840000.0,95989000.0,94312000.0,94868000.0,1713743999606,225327547192.15237,2369.21252418,94805000.0,63000.0,0.0006645219
KRW-BTC,2024-04-22,2024-04-22 09:00:00,94911000.0,97627000.0,94622000.0,97192000.0,1713830398685,309448245996.401,3221.84889236,94868000.0,2324000.0,0.0244971961
KRW-BTC,2024-04-23,2024-04-23 09:00:00,97239000.0,97592000.0,95246000.0,96045000.0,1713916799971,305907337794.1537,3179.44418004,97192000.0,-1147000.0,-0.0118013828
KRW-BTC,2024-04-24,2024-04-24 09:00:00,96071000.0,96627000.0,92734000.0,93534000.0,1714003199802,340438754437.031,3593.11116027,96045000.0,-2511000.0,-0.026143995
KRW-BTC,2024-04-25,2024-04-25 09:00:00,93520000.0,94319000.0,91213000.0,92745000.0,1714089599617,348460853187.8564,3762.56315286,93534000.0,-789000.0,-0.0084354352
KRW-BTC,2024-04-26,2024-04-26 09:00:00,92761000.0,93000000.0,91465000.0,91951000.0,1714175996427,186024518912.63318,2016.93752002,92745000.0,-794000.0,-0.0085611084
KRW-BTC,2024-04-27,2024-04-27 09:00:00,91955000.0,92175000.0,90292000.0,91499000.0,1714262399513,223315339244.9676,2455.80711714,91951000.0,-452000.0,-0.0049156616
KRW-BTC,2024-04-28,2024-04-28 09:00:00,91499000.0,92630000.0,90153000.0,90530000.0,1714348799881,169995089305.7691,1861.37990104,91499000.0,-969000.0,-0.0105902797
KRW-BTC,2024-04-29,2024-04-29 09:00:00,90533000.0,92000000.0,88500000.0,91400000.0,1714435199517,417019267508.9052,4650.34162208,90530000.0,870000.0,0.009610074
KRW-BTC,2024-04-30,2024-04-30 09:00:00,91400000.0,92540000.0,85606000.0,87137000.0,1714521599624,647143762714.2603,7328.91773497,91400000.0,-4263000.0,-0.0466411379
KRW-BTC,2024-05-01,2024-05-01 09:00:00,87152000.0,87625000.0,80005000.0,83499000.0,1714607999219,1247874579269.3682,15078.237548,87137000.0,-3638000.0,-0.0417503472
KRW-BTC,2024-05-02,2024-05-02 09:00:00,83499000.0,84000000.0,80601000.0,83078000.0,1714694399653,462472415374.88916,5609.70236742,83499000.0,-421000.0,-0.0050419766
KRW-BTC,2024-05-03,2024-05-03 09:00:00,83096000.0,89821000.0,82807000.0,89291000.0,1714780799814,693338249542.2839,8040.2538403,83078000.0,6213000.0,0.0747851417
KRW-BTC,2024-05-04,2024-05-04 09:00:00,89291000.0,91123000.0,87910000.0,90303000.0,1714867199705,377188650331.0702,4208.08896117,89291000.0,1012000.0,0.011333729
KRW-BTC,2024-05-05,2024-05-05 09:00:00,90303000.0,90759000.0,88331000.0,90061000.0,1714953599708,228798229172.96234,2550.73818403,90303000.0,-242000.0,-0.0026798667
KRW-BTC,2024-05-06,2024-05-06 09:00:00,90100000.0,91681000.0,88500000.0,88804000.0,1715039999691,359037836997.4739,3986.16458238,90061000.0,-1257000.0,-0.0139572068
KRW-BTC,2024-05-07,2024-05-07 09:00:00,88780000.0,90157000.0,87500000.0,87595000.0,1715126399929,259678493158.40872,2916.803769,88804000.0,-1209000.0,-0.0136142516
KRW-BTC,2024-05-08,2024-05-08 09:00:00,87595000.0,88566000.0,85109000.0,85872000.0,1715212799564,332700514292.9092,3819.52775807,87595000.0,-1723000.0,-0.0196700725
KRW-BTC,2024-05-09,2024-05-09 09:00:00,85872000.0,88500000.0,85020000.0,88116000.0,1715299198155,267645945872.65704,3096.80934359,85872000.0,2244000.0,0.0261319173
KRW-BTC,2024-05-10,2024-05-10 09:00:00,88116000.0,88480000.0,85120000.0,85842000.0,1715385599756,284534708229.2591,3277.85722892,88116000.0,-2274000.0,-0.0258068909
KRW-BTC,2024-05-11,2024-05-11 09:00:00,85842000.0,86500000.0,85209000.0,85791000.0,1715471999172,111471508154.94107,1299.78149293,85842000.0,-51000.0,-0.0005941148
KRW-BTC,2024-05-12,2024-05-12 09:00:00,85791000.0,86978000.0,85618000.0,86521000.0,1715558399469,89929598339.25037,1042.82371152,85791000.0,730000.0,0.0085090511
KRW-BTC,2024-05-13,2024-05-13 09:00:00,86521000.0,88485000.0,85410000.0,87928000.0,1715644798957,269283280046.10648,3085.90700562,86521000.0,1407000.0,0.016261948
KRW-BTC,2024-05-14,2024-05-14 09:00:00,87934000.0,88225000.0,85801000.0,86500000.0,1715731199825,239136551619.17407,2756.81157854,87928000.0,-1428000.0,-0.0162405605
KRW-BTC,2024-05-15,2024-05-15 09:00:00,86524000.0,92444000.0,86200000.0,92111000.0,1715817599730,473734749005.6969,5272.78652607,86500000.0,5611000.0,0.064867052
KRW-BTC,2024-05-16,2024-05-16 09:00:00,92111000.0,92860000.0,90250000.0,90800000.0,1715903998819,334699904978.9204,3657.22884649,92111000.0,-1311000.0,-0.0142328278
KRW-BTC,2024-05-17,2024-05-17 09:00:00,90839000.0,93123000.0,90700000.0,92646000.0,1715990399982,249519198606.6008,2713.8193315,90800000.0,1846000.0,0.0203303965
KRW-BTC,2024-05-18,2024-05-18 09:00:00,92632000.0,93500000.0,92337000.0,93066000.0,1716076797295,169295118960.64792,1821.32715047,92646000.0,420000.0,0.0045333851
KRW-BTC,2024-05-19,2024-05-19 09:00:00,93066000.0,93990000.0,91843000.0,92185000.0,1716163199346,217037553806.18616,2335.84848532,93066000.0,-881000.0,-0.0094664002
KRW-BTC,2024-05-20,2024-05-20 09:00:00,92185000.0,97264000.0,91931000.0,97260000.0,1716249600031,416886189056.5984,4413.1861654,92185000.0,5075000.0,0.0550523404
KRW-BTC,2024-05-21,2024-05-21 09:00:00,97260000.0,98150000.0,95571000.0,96700000.0,1716335999837,447572373508.3656,4609.75650446,97260000.0,-560000.0,-0.0057577627
KRW-BTC,2024-05-22,2024-05-22 09:00:00,96717000.0,96999000.0,94640000.0,95421000.0,1716422399124,268537986813.09387,2799.80156982,96700000.0,-1279000.0,-0.0132264736
KRW-BTC,2024-05-23,2024-05-23 09:00:00,95421000.0,96881000.0,93000000.0,94900000.0,1716508799539,417507248596.06085,4396.1343619,95421000.0,-521000.0,-0.005460014
KRW-BTC,2024-05-24,2024-05-24 09:00:00,94897000.0,96160000.0,93300000.0,95214000.0,1716595199932,235509732034.2646,2489.94183313,94900000.0,314000.0,0.003308746
KRW-BTC,2024-05-25,2024-05-25 09:00:00,95214000.0,96598000.0,95192000.0,96240000.0,1716681599931,139437862033.11826,1452.89641348,95214000.0,1026000.0,0.0107757263
KRW-BTC,2024-05-26,2024-05-26 09:00:00,96240000.0,96590000.0,95400000.0,95610000.0,1716767999816,152194945654.3936,1583.87158304,96240000.0,-630000.0,-0.0065461347
KRW-BTC,2024-05-27,2024-05-27 09:00:00,95634000.0,97360000.0,95050000.0,96050000.0,1716854399974,256303977047.8687,2667.48347563,95610000.0,440000.0,0.0046020291
KRW-BTC,2024-05-28,2024-05-28 09:00:00,96050000.0,96119000.0,93654000.0,94600000.0,1716940799951,300604135784.2556,3176.96320333,96050000.0,-1450000.0,-0.015096304
KRW-BTC,2024-05-29,2024-05-29 09:00:00,94654000.0,95232000.0,93440000.0,93910000.0,1717027199558,233226273178.99045,2475.18788783,94600000.0,-690000.0,-0.0072938689
KRW-BTC,2024-05-30,2024-05-30 09:00:00,93910000.0,96120000.0,93620000.0,94943000.0,1717113599972,255996014541.8591,2703.78621192,93910000.0,1033000.0,0.0109998935
KRW-BTC,2024-05-31,2024-05-31 09:00:00,95000000.0,96000000.0,93700000.0,94505000.0,1717199999924,209050615252.5121,2203.22332533,94943000.0,-438000.0,-0.0046132943
KRW-BTC,2024-06-01,2024-06-01 09:00:00,94504000.0,94850000.0,94361000.0,94720000.0,1717286399795,58706044440.81196,620.25035104,94505000.0,215000.0,0.0022750119
KRW-BTC,2024-06-02,2024-06-02 09:00:00,94762000.0,95626000.0,94500000.0,95000000.0,1717372799608,105872261448.48648,1113.85982666,94720000.0,280000.0,0.0029560811
KRW-BTC,2024-06-03,2024-06-03 09:00:00,95000000.0,97358000.0,94825000.0,95994000.0,1717459200007,267415381863.87976,2779.47684838,95000000.0,994000.0,0.0104631579
KRW-BTC,2024-06-04,2024-06-04 09:00:00,95994000.0,97927000.0,95520000.0,97500000.0,1717545599684,261246188651.128,2699.30531296,95994000.0,1506000.0,0.0156884805
KRW-BTC,2024-06-05,2024-06-05 09:00:00,97490000.0,98989000.0,97280000.0,98385000.0,1717631999984,266052740201.06946,2709.00469092,97500000.0,885000.0,0.0090769231
KRW-BTC,2024-06-06,2024-06-06 09:00:00,98385000.0,99400000.0,98009000.0,98334000.0,1717718399703,219522291452.61084,2226.53984487,98385000.0,-51000.0,-0.0005183717
KRW-BTC,2024-06-07,2024-06-07 09:00:00,98321000.0,99650000.0,97219000.0,97919000.0,1717804799962,326990960605.8829,3319.13194888,98334000.0,-415000.0,-0.0042203104
KRW-BTC,2024-06-08,2024-06-08 09:00:00,97919000.0,98278000.0,97750000.0,98125000.0,1717891199753,106163964517.00305,1083.63453147,97919000.0,206000.0,0.0021037797
KRW-BTC,2024-06-09,2024-06-09 09:00:00,98137000.0,98400000.0,97710000.0,97983000.0,1717977598205,88498186805.20483,903.04585461,98125000.0,-142000.0,-0.0014471338
KRW-BTC,2024-06-10,2024-06-10 09:00:00,97983000.0,98031000.0,96980000.0,97276000.0,1718063999560,145257348150.08334,1491.30862127,97983000.0,-707000.0,-0.0072155374
KRW-BTC,2024-06-11,2024-06-11 09:00:00,97279000.0,97350000.0,93821000.0,95329000.0,1718150399962,369758493289.9728,3889.452394,97276000.0,-1947000.0,-0.0200152144
KRW-BTC,2024-06-12,2024-06-12 09:00:00,95329000.0,98204000.0,94502000.0,95934000.0,1718236799833,327467722850.80164,3395.53957526,95329000.0,605000.0,0.0063464423
KRW-BTC,2024-06-13,2024-06-13 09:00:00,95934000.0,96356000.0,94107000.0,94614000.0,1718323198776,205687345192.51294,2161.15981221,95934000.0,-1320000.0,-0.0137594596
KRW-BTC,2024-06-14,2024-06-14 09:00:00,94614000.0,95202000.0,93001000.0,93978000.0,1718409599843,210323777357.75565,2232.32985005,94614000.0,-636000.0,-0.0067220496
KRW-BTC,2024-06-15,2024-06-15 09:00:00,93979000.0,94268000.0,93546000.0,93910000.0,1718495999080,85103451469.52345,906.41818634,93978000.0,-68000.0,-0.0007235736
KRW-BTC,2024-06-16,2024-06-16 09:00:00,93913000.0,94708000.0,93611000.0,94219000.0,1718582399626,79272815452.88979,841.90412208,93910000.0,309000.0,0.0032903844
KRW-BTC,2024-06-17,2024-06-17 09:00:00,94219000.0,94442000.0,91559000.0,93588000.0,1718668799254,307092672708.7484,3306.85987741,94219000.0,-631000.0,-0.006697163
KRW-BTC,2024-06-18,2024-06-18 09:00:00,93589000.0,93699000.0,90638000.0,91649000.0,1718755199269,283289620632.5299,3084.47656922,93588000.0,-1939000.0,-0.0207184682
KRW-BTC,2024-06-19,2024-06-19 09:00:00,91649000.0,92727000.0,91170000.0,91555000.0,1718841599783,157280746104.31015,1711.11748826,91649000.0,-94000.0,-0.0010256522
KRW-BTC,2024-06-20,2024-06-20 09:00:00,91549000.0,93581000.0,91500000.0,91780000.0,1718927999808,183662665916.08588,1989.14998554,91555000.0,225000.0,0.0024575392
KRW-BTC,2024-06-21,2024-06-21 09:00:00,91779000.0,92031000.0,89501000.0,90308000.0,1719014399571,245462226021.85233,2713.72122916,91780000.0,-1472000.0,-0.0160383526
KRW-BTC,2024-06-22,2024-06-22 09:00:00,90308000.0,91086000.0,90141000.0,90874000.0,1719100799528,58876597356.40121,648.51462524,90308000.0,566000.0,0.0062674403
KRW-BTC,2024-06-23,2024-06-23 09:00:00,90874000.0,91382000.0,89033000.0,89046000.0,1719187200026,97216083240.50478,1076.73789827,90874000.0,-1828000.0,-0.0201157647
KRW-BTC,2024-06-24,2024-06-24 09:00:00,89100000.0,89441000.0,83101000.0,85496000.0,1719273598247,642782780185.859,7434.8292641,89046000.0,-3550000.0,-0.039867035
KRW-BTC,2024-06-25,2024-06-25 09:00:00,85495000.0,87981000.0,85032000.0,87450000.0,1719359999685,290625255002.558,3359.06885104,85496000.0,1954000.0,0.0228548704
KRW-BTC,2024-06-26,2024-06-26 09:00:00,87463000.0,88356000.0,85930000.0,86027000.0,1719446398135,170172602843.6051,1958.86652444,87450000.0,-1423000.0,-0.0162721555
KRW-BTC,2024-06-27,2024-06-27 09:00:00,86092000.0,87957000.0,85396000.0,86884000.0,1719532799615,162614405577.3093,1879.37091558,86027000.0,857000.0,0.0099619887
KRW-BTC,2024-06-28,2024-06-28 09:00:00,86875000.0,87510000.0,84740000.0,85158000.0,1719619196169,181740242265.76205,2112.30766272,86884000.0,-1726000.0,-0.0198655679
KRW-BTC,2024-06-29,2024-06-29 09:00:00,85157000.0,86000000.0,85102000.0,85765000.0,1719705599106,64278180308.71439,750.29847644,85158000.0,607000.0,0.0071279269
KRW-BTC,2024-06-30,2024-06-30 09:00:00,85765000.0,88490000.0,85370000.0,87920000.0,1719791999735,122284229060.17992,1407.83744184,85765000.0,2155000.0,0.0251268
KRW-BTC,2024-07-01,2024-07-01 09:00:00,87920000.0,89644000.0,87609000.0,88253000.0,1719878399413,187910215069.42743,2120.47778236,87920000.0,333000.0,0.0037875341
KRW-BTC,2024-07-02,2024-07-02 09:00:00,88259000.0,88847000.0,86987000.0,87248000.0,1719964799583,133974236157.29668,1525.13237149,88253000.0,-1005000.0,-0.0113877149
KRW-BTC,2024-07-03,2024-07-03 09:00:00,87270000.0,87623000.0,84508000.0,85331000.0,1720051199761,241696760888.49173,2823.97617467,87248000.0,-1917000.0,-0.0219718504
KRW-BTC,2024-07-04,2024-07-04 09:00:00,85331000.0,85592000.0,81207000.0,81680000.0,1720137599950,508714299967.0383,6151.28764968,85331000.0,-3651000.0,-0.0427863262
KRW-BTC,2024-07-05,2024-07-05 09:00:00,81680000.0,82544000.0,77335000.0,81118000.0,1720223999389,771379661181.4397,9719.19667539,81680000.0,-562000.0,-0.0068805093
KRW-BTC,2024-07-06,2024-07-06 09:00:00,81118000.0,83202000.0,79938000.0,82826000.0,1720310399919,217020180860.6007,2664.49967064,81118000.0,1708000.0,0.021055746
KRW-BTC,2024-07-07,2024-07-07 09:00:00,82850000.0,82940000.0,79280000.0,79397000.0,1720396799814,205364943238.90503,2527.24731033,82826000.0,-3429000.0,-0.0414000435
KRW-BTC,2024-07-08,2024-07-08 09:00:00,79397000.0,82700000.0,77880000.0,80534000.0,1720483199139,407495808244.1024,5094.76571434,79397000.0,1137000.0,0.0143204403
KRW-BTC,2024-07-09,2024-07-09 09:00:00,80499000.0,82300000.0,80000000.0,82043000.0,1720569599074,207188813320.79987,2547.62184575,80534000.0,1509000.0,0.0187374277
KRW-BTC,2024-07-10,2024-07-10 09:00:00,82043000.0,83825000.0,81096000.0,81896000.0,1720655999029,241533427852.04196,2927.47972497,82043000.0,-147000.0,-0.0017917434
KRW-BTC,2024-07-11,2024-07-11 09:00:00,81926000.0,83795000.0,81000000.0,81070000.0,1720742399863,240656104086.51352,2930.42730849,81896000.0,-826000.0,-0.0100859627
KRW-BTC,2024-07-12,2024-07-12 09:00:00,81070000.0,82309000.0,80085000.0,81540000.0,1720828795637,162370294145.94073,2003.05277025,81070000.0,470000.0,0.005797459
KRW-BTC,2024-07-13,2024-07-13 09:00:00,81548000.0,83700000.0,81300000.0,82901000.0,1720915200004,139900580321.58945,1698.9670231,81540000.0,1361000.0,0.0166911945
KRW-BTC,2024-07-14,2024-07-14 09:00:00,82901000.0,86000000.0,82860000.0,85430000.0,1721001599887,267061160893.37726,3162.56205447,82901000.0,2529000.0,0.0305062665
KRW-BTC,2024-07-15,2024-07-15 09:00:00,85430000.0,91294000.0,85269000.0,91162000.0,1721088000042,449269971924.1909,5087.5047679,85430000.0,5732000.0,0.067095868
KRW-BTC,2024-07-16,2024-07-16 09:00:00,91162000.0,91544000.0,87300000.0,90807000.0,1721174399925,557878343297.2963,6229.90082082,91162000.0,-355000.0,-0.0038941664
KRW-BTC,2024-07-17,2024-07-17 09:00:00,90825000.0,92159000.0,89380000.0,89467000.0,1721260799748,335601755804.37213,3690.86942876,90807000.0,-1340000.0,-0.0147565716
KRW-BTC,2024-07-18,2024-07-18 09:00:00,89464000.0,91200000.0,89049000.0,89850000.0,1721347199593,231608554045.43936,2571.16592106,89467000.0,383000.0,0.004280908
KRW-BTC,2024-07-19,2024-07-19 09:00:00,89850000.0,94073000.0,88675000.0,93004000.0,1721433600006,385983610442.7926,4216.76104722,89850000.0,3154000.0,0.0351029494
KRW-BTC,2024-07-20,2024-07-20 09:00:00,93004000.0,94624000.0,92736000.0,94065000.0,1721519999685,184106522945.32446,1966.82922042,93004000.0,1061000.0,0.0114081115
KRW-BTC,2024-07-21,2024-07-21 09:00:00,94073000.0,95299000.0,92413000.0,95000000.0,1721606399704,282511677391.88605,2999.30004219,94065000.0,935000.0,0.0099399352
KRW-BTC,2024-07-22,2024-07-22 09:00:00,95000000.0,95353000.0,93050000.0,94357000.0,1721692799943,270086053980.06497,2864.06872329,95000000.0,-643000.0,-0.0067684211
KRW-BTC,2024-07-23,2024-07-23 09:00:00,94284000.0,94748000.0,92000000.0,92230000.0,1721779199439,298055492452.224,3198.17266819,94357000.0,-2127000.0,-0.0225420478
KRW-BTC,2024-07-24,2024-07-24 09:00:00,92224000.0,93494000.0,91051000.0,91501000.0,1721865599684,287757546664.5858,3120.28733945,92230000.0,-729000.0,-0.0079041527
KRW-BTC,2024-07-25,2024-07-25 09:00:00,91501000.0,93138000.0,89202000.0,92465000.0,1721951999780,384022678969.55927,4242.34259951,91501000.0,964000.0,0.010535404
KRW-BTC,2024-07-26,2024-07-26 09:00:00,92475000.0,95000000.0,92286000.0,94727000.0,1722038399954,306215486613.3734,3254.87216648,92465000.0,2262000.0,0.0244633104
KRW-BTC,2024-07-27,2024-07-27 09:00:00,94639000.0,96813000.0,93150000.0,94292000.0,1722124799795,467925032426.02423,4913.83842022,94727000.0,-435000.0,-0.0045921437
KRW-BTC,2024-07-28,2024-07-28 09:00:00,94341000.0,95380000.0,93600000.0,95363000.0,1722211199753,194537737710.59518,2056.69856884,94292000.0,1071000.0,0.0113583337
KRW-BTC,2024-07-29,2024-07-29 09:00:00,95363000.0,97100000.0,93203000.0,93618000.0,1722297600020,456579708586.51715,4778.70828116,95363000.0,-1745000.0,-0.0182985015
KRW-BTC,2024-07-30,2024-07-30 09:00:00,93605000.0,93878000.0,91825000.0,92788000.0,1722383999270,262705366724.15695,2825.61883321,93618000.0,-830000.0,-0.0088658164
KRW-BTC,2024-07-31,2024-07-31 09:00:00,92790000.0,93298000.0,90345000.0,90345000.0,1722470399543,284977850977.3531,3099.02844262,92788000.0,-2443000.0,-0.0263288356
KRW-BTC,2024-08-01,2024-08-01 09:00:00,90346000.0,92300000.0,88001000.0,91789000.0,1722556799941,454095059912.4309,5048.04552891,90345000.0,1444000.0,0.0159831756
KRW-BTC,2024-08-02,2024-08-02 09:00:00,91789000.0,92200000.0,86377000.0,86691000.0,1722643199912,453754064161.6217,5089.66250349,91789000.0,-5098000.0,-0.0555404242
KRW-BTC,2024-08-03,2024-08-03 09:00:00,86691000.0,87690000.0,85000000.0,85957000.0,1722729596587,350471535778.3624,4059.37513687,86691000.0,-734000.0,-0.0084668535
KRW-BTC,2024-08-04,2024-08-04 09:00:00,85954000.0,86311000.0,81684000.0,81871000.0,1722815999013,380290142556.4757,4532.63397761,85957000.0,-4086000.0,-0.0475353956
KRW-BTC,2024-08-05,2024-08-05 09:00:00,81871000.0,82256000.0,72100000.0,77833000.0,1722902399788,1828233999514.335,23878.79267178,81871000.0,-4038000.0,-0.0493214936
KRW-BTC,2024-08-06,2024-08-06 09:00:00,77786000.0,82150000.0,77782000.0,80224000.0,1722988798411,630449026117.0752,7868.46700086,77833000.0,2391000.0,0.0307196176
KRW-BTC,2024-08-07,2024-08-07 09:00:00,80166000.0,81950000.0,77782000.0,78388000.0,1723075198935,425826912725.80835,5316.47766092,80224000.0,-1836000.0,-0.0228859194
KRW-BTC,2024-08-08,2024-08-08 09:00:00,78386000.0,87980000.0,77941000.0,86397000.0,1723161600022,589875336679.084,7126.01269616,78388000.0,8009000.0,0.1021712507
KRW-BTC,2024-08-09,2024-08-09 09:00:00,86397000.0,86704000.0,84000000.0,85518000.0,1723247998906,332298406966.0832,3892.85974175,86397000.0,-879000.0,-0.0101739644
KRW-BTC,2024-08-10,2024-08-10 09:00:00,85523000.0,86370000.0,84760000.0,85669000.0,1723334399959,127296971385.76044,1489.63387466,85518000.0,151000.0,0.0017657101
KRW-BTC,2024-08-11,2024-08-11 09:00:00,85669000.0,86424000.0,82208000.0,82815000.0,1723420799993,225284918716.3791,2669.17265554,85669000.0,-2854000.0,-0.0333142677
KRW-BTC,2024-08-12,2024-08-12 09:00:00,82816000.0,85000000.0,81000000.0,83221000.0,1723507199678,420485878758.05646,5072.09672139,82815000.0,406000.0,0.0049024935
KRW-BTC,2024-08-13,2024-08-13 09:00:00,83207000.0,85770000.0,82050000.0,84600000.0,1723593599898,250426145464.81427,2989.81215206,83221000.0,1379000.0,0.0165703368
KRW-BTC,2024-08-14,2024-08-14 09:00:00,84587000.0,85950000.0,82218000.0,82457000.0,1723679999969,301026089757.4763,3583.12495297,84600000.0,-2143000.0,-0.0253309693
KRW-BTC,2024-08-15,2024-08-15 09:00:00,82440000.0,83555000.0,79500000.0,81004000.0,1723766399941,325801942348.10706,3986.43185704,82457000.0,-1453000.0,-0.0176213057
KRW-BTC,2024-08-16,2024-08-16 09:00:00,81044000.0,83400000.0,80296000.0,82209000.0,1723852799810,214699078822.88956,2629.8190762,81004000.0,1205000.0,0.0148758086
KRW-BTC,2024-08-17,2024-08-17 09:00:00,82185000.0,83000000.0,82042000.0,82849000.0,1723939199874,73291253042.81598,887.07641461,82209000.0,640000.0,0.0077850357
KRW-BTC,2024-08-18,2024-08-18 09:00:00,82821000.0,83679000.0,81500000.0,81500000.0,1724025599992,143255575447.1464,1727.83371254,82849000.0,-1349000.0,-0.0162826347
KRW-BTC,2024-08-19,2024-08-19 09:00:00,81500000.0,81915000.0,80100000.0,81680000.0,1724111996527,214078811458.96536,2644.34129141,81500000.0,180000.0,0.002208589
KRW-BTC,2024-08-20,2024-08-20 09:00:00,81678000.0,83400000.0,80501000.0,80751000.0,1724198399731,274100335212.15652,3339.76112482,81680000.0,-929000.0,-0.0113736533
KRW-BTC,2024-08-21,2024-08-21 09:00:00,80751000.0,83600000.0,80567000.0,82900000.0,1724284798747,235879234125.4242,2882.78548851,80751000.0,2149000.0,0.0266126735
KRW-BTC,2024-08-22,2024-08-22 09:00:00,82900000.0,83101000.0,81280000.0,82003000.0,1724371199477,176142420142.3459,2138.23568495,82900000.0,-897000.0,-0.0108202654
KRW-BTC,2024-08-23,2024-08-23 09:00:00,82012000.0,86500000.0,82002000.0,85600000.0,1724457599919,376889529927.51227,4485.27203937,82003000.0,3597000.0,0.0438642489
KRW-BTC,2024-08-24,2024-08-24 09:00:00,85600000.0,86390000.0,85155000.0,85767000.0,1724543999956,189010265920.50162,2204.28031834,85600000.0,167000.0,0.0019509346
KRW-BTC,2024-08-25,2024-08-25 09:00:00,85807000.0,86979000.0,85410000.0,86254000.0,1724630399906,145981547975.5474,1698.8163817,85767000.0,487000.0,0.0056781746
KRW-BTC,2024-08-26,2024-08-26 09:00:00,86240000.0,86529000.0,84408000.0,84408000.0,1724716799895,192748229997.8137,2260.53739932,86254000.0,-1846000.0,-0.021401906
KRW-BTC,2024-08-27,2024-08-27 09:00:00,84408000.0,84794000.0,80121000.0,80950000.0,1724803199864,335829079690.97577,4066.7490567,84408000.0,-3458000.0,-0.0409676808
KRW-BTC,2024-08-28,2024-08-28 09:00:00,80947000.0,81895000.0,79550000.0,80569000.0,1724889599934,310686076764.39667,3848.30364196,80950000.0,-381000.0,-0.004706609
KRW-BTC,2024-08-29,2024-08-29 09:00:00,80618000.0,82700000.0,80151000.0,80790000.0,1724975998134,206219103448.4138,2539.08247784,80569000.0,221000.0,0.0027429905
KRW-BTC,2024-08-30,2024-08-30 09:00:00,80745000.0,81250000.0,79225000.0,80439000.0,1725062399786,229386098042.93787,2858.21980495,80790000.0,-351000.0,-0.0043445971
KRW-BTC,2024-08-31,2024-08-31 09:00:00,80439000.0,80823000.0,80009000.0,80262000.0,1725148796306,67710249599.81931,841.99580262,80439000.0,-177000.0,-0.0022004252
KRW-BTC,2024-09-01,2024-09-01 09:00:00,80300000.0,80370000.0,78300000.0,78301000.0,1725235199527,201464348305.40323,2541.94042215,80262000.0,-1961000.0,-0.0244324836
KRW-BTC,2024-09-02,2024-09-02 09:00:00,78303000.0,80610000.0,78235000.0,80205000.0,1725321595971,174932522315.02856,2207.5986061,78301000.0,1904000.0,0.02431642
KRW-BTC,2024-09-03,2024-09-03 09:00:00,80247000.0,81101000.0,78250000.0,78272000.0,1725407999341,203978935020.43103,2562.51172354,80205000.0,-1933000.0,-0.0241007418
KRW-BTC,2024-09-04,2024-09-04 09:00:00,78270000.0,79300000.0,76248000.0,78739000.0,1725494399977,301711447734.27747,3895.41394663,78272000.0,467000.0,0.0059663737
KRW-BTC,2024-09-05,2024-09-05 09:00:00,78739000.0,79131000.0,76000000.0,76330000.0,1725580799653,227922886561.5563,2957.70339093,78739000.0,-2409000.0,-0.0305947497
KRW-BTC,2024-09-06,2024-09-06 09:00:00,76330000.0,76860000.0,72200000.0,73644000.0,1725667197758,453955119507.9664,6081.77185166,76330000.0,-2686000.0,-0.0351893096
KRW-BTC,2024-09-07,2024-09-07 09:00:00,73644000.0,74580000.0,73078000.0,73640000.0,1725753599801,132925505237.01608,1801.62027481,73644000.0,-4000.0,-5.43154e-05
KRW-BTC,2024-09-08,2024-09-08 09:00:00,73640000.0,74880000.0,72992000.0,74437000.0,1725839999936,117599921455.3581,1592.04001829,73640000.0,797000.0,0.0108229223
KRW-BTC,2024-09-09,2024-09-09 09:00:00,74439000.0,78500000.0,74093000.0,77275000.0,1725926399715,235311917797.4669,3101.05486477,74437000.0,2838000.0,0.0381262007
KRW-BTC,2024-09-10,2024-09-10 09:00:00,77275000.0,78485000.0,76432000.0,78089000.0,1726012799904,169362601828.1939,2189.56080713,77275000.0,814000.0,0.0105338078
KRW-BTC,2024-09-11,2024-09-11 09:00:00,78091000.0,78200000.0,75380000.0,77301000.0,1726099199578,234573394617.97586,3055.31403806,78089000.0,-788000.0,-0.01009105
KRW-BTC,2024-09-12,2024-09-12 09:00:00,77361000.0,78830000.0,77300000.0,78269000.0,1726185597905,196214298456.70428,2510.01259415,77301000.0,968000.0,0.0125224771
KRW-BTC,2024-09-13,2024-09-13 09:00:00,78269000.0,81100000.0,77700000.0,80930000.0,1726271999013,225703375433.60367,2847.08604999,78269000.0,2661000.0,0.0339981346
KRW-BTC,2024-09-14,2024-09-14 09:00:00,80930000.0,81174000.0,80040000.0,80524000.0,1726358392716,106802968052.03972,1324.44479737,80930000.0,-406000.0,-0.0050166811
KRW-BTC,2024-09-15,2024-09-15 09:00:00,80524000.0,81009000.0,79090000.0,79690000.0,1726444799307,103959710509.01263,1293.20254846,80524000.0,-834000.0,-0.0103571606
KRW-BTC,2024-09-16,2024-09-16 09:00:00,79691000.0,79860000.0,77740000.0,78469000.0,1726531199933,190805166243.93906,2425.49996851,79690000.0,-1221000.0,-0.0153218723
KRW-BTC,2024-09-17,2024-09-17 09:00:00,78468000.0,82364000.0,77774000.0,81116000.0,1726617599884,246315657168.2539,3063.50091322,78469000.0,2647000.0,0.0337330666
KRW-BTC,2024-09-18,2024-09-18 09:00:00,81116000.0,82618000.0,80008000.0,82604000.0,1726703999962,272656090815.34293,3362.15013751,81116000.0,1488000.0,0.0183440998
KRW-BTC,2024-09-19,2024-09-19 09:00:00,82603000.0,85000000.0,82286000.0,83892000.0,1726790400001,380397446780.82184,4549.0273458,82604000.0,1288000.0,0.0155924653
KRW-BTC,2024-09-20,2024-09-20 09:00:00,83891000.0,85478000.0,83377000.0,84385000.0,1726876798614,275217777612.6938,3257.11829911,83892000.0,493000.0,0.0058766033
KRW-BTC,2024-09-21,2024-09-21 09:00:00,84384000.0,84750000.0,84000000.0,84425000.0,1726963199940,89952936852.66151,1066.57067251,84385000.0,40000.0,0.0004740179
KRW-BTC,2024-09-22,2024-09-22 09:00:00,84429000.0,85500000.0,83401000.0,84829000.0,1727049599906,157468215075.89536,1869.26119943,84425000.0,404000.0,0.0047853124
KRW-BTC,2024-09-23,2024-09-23 09:00:00,84838000.0,86250000.0,83832000.0,84631000.0,1727135999474,226181555032.54324,2655.34388664,84829000.0,-198000.0,-0.0023341074
KRW-BTC,2024-09-24,2024-09-24 09:00:00,84630000.0,85750000.0,84009000.0,85248000.0,1727222397521,169441365824.40887,1998.91561289,84631000.0,617000.0,0.0072904728
KRW-BTC,2024-09-25,2024-09-25 09:00:00,85248000.0,85950000.0,84220000.0,84362000.0,1727308799981,154899364722.59076,1821.46293118,85248000.0,-886000.0,-0.0103932057
KRW-BTC,2024-09-26,2024-09-26 09:00:00,84362000.0,86602000.0,83800000.0,86000000.0,1727395198384,244700921914.2255,2865.16236011,84362000.0,1638000.0,0.0194163249
KRW-BTC,2024-09-27,2024-09-27 09:00:00,85948000.0,87410000.0,85877000.0,86958000.0,1727481600019,213547052709.95197,2462.85215474,86000000.0,958000.0,0.0111395349
KRW-BTC,2024-09-28,2024-09-28 09:00:00,86958000.0,87250000.0,86003000.0,86732000.0,1727567999343,128540643136.82378,1483.00508773,86958000.0,-226000.0,-0.0025989558
KRW-BTC,2024-09-29,2024-09-29 09:00:00,86731000.0,86891000.0,85800000.0,85958000.0,1727654398062,102657137024.75742,1188.41412224,86732000.0,-774000.0,-0.0089240419
KRW-BTC,2024-09-30,2024-09-30 09:00:00,85958000.0,85958000.0,83061000.0,83730000.0,1727740799960,263683386847.1853,3131.32274904,85958000.0,-2228000.0,-0.0259196352
KRW-BTC,2024-10-01,2024-10-01 09:00:00,83730000.0,84884000.0,80844000.0,81500000.0,1727827199471,336112162482.81934,4057.42297213,83730000.0,-2230000.0,-0.0266332258
KRW-BTC,2024-10-02,2024-10-02 09:00:00,81500000.0,83300000.0,80940000.0,81707000.0,1727913599766,236838955693.58624,2890.80470844,81500000.0,207000.0,0.0025398773
KRW-BTC,2024-10-03,2024-10-03 09:00:00,81707000.0,82700000.0,81302000.0,82424000.0,1727999995191,149578179974.47787,1821.57540109,81707000.0,717000.0,0.0087752579
KRW-BTC,2024-10-04,2024-10-04 09:00:00,82401000.0,84300000.0,82038000.0,83805000.0,1728086399863,181091795326.97305,2177.10847718,82424000.0,1381000.0,0.0167548287
KRW-BTC,2024-10-05,2024-10-05 09:00:00,83804000.0,84190000.0,83511000.0,83956000.0,1728172799853,65173151136.41679,776.76532606,83805000.0,151000.0,0.0018018018
KRW-BTC,2024-10-06,2024-10-06 09:00:00,83997000.0,84710000.0,83600000.0,84533000.0,1728259199785,83382761433.05855,990.98870219,83956000.0,577000.0,0.0068726476
KRW-BTC,2024-10-07,2024-10-07 09:00:00,84436000.0,86301000.0,83884000.0,83942000.0,1728345599736,237451217198.9837,2788.21491807,84533000.0,-591000.0,-0.0069913525
KRW-BTC,2024-10-08,2024-10-08 09:00:00,83942000.0,85270000.0,83848000.0,84139000.0,1728431999838,121453629364.64726,1438.91380709,83942000.0,197000.0,0.0023468585
KRW-BTC,2024-10-09,2024-10-09 09:00:00,84139000.0,84500000.0,82187000.0,82385000.0,1728518399052,135554834915.67761,1623.29835868,84139000.0,-1754000.0,-0.0208464565
KRW-BTC,2024-10-10,2024-10-10 09:00:00,82383000.0,83127000.0,80635000.0,82131000.0,1728604799134,185681130897.78085,2261.63071429,82385000.0,-254000.0,-0.0030830855
KRW-BTC,2024-10-11,2024-10-11 09:00:00,82131000.0,85474000.0,81749000.0,84451000.0,1728691199676,191651388216.23724,2292.25174675,82131000.0,2320000.0,0.0282475557
KRW-BTC,2024-10-12,2024-10-12 09:00:00,84450000.0,85250000.0,84330000.0,84956000.0,1728777600020,104865794502.29797,1236.13303613,84451000.0,505000.0,0.0059797989
KRW-BTC,2024-10-13,2024-10-13 09:00:00,84997000.0,85181000.0,83890000.0,84806000.0,1728863997454,85233068272.26575,1007.64328314,84956000.0,-150000.0,-0.0017656199
KRW-BTC,2024-10-14,2024-10-14 09:00:00,84782000.0,88963000.0,84300000.0,88640000.0,1728950399669,392356925183.8489,4502.93766545,84806000.0,3834000.0,0.0452090654
KRW-BTC,2024-10-15,2024-10-15 09:00:00,88640000.0,91531000.0,87510000.0,90600000.0,1729036799933,475365534131.7573,5320.08065393,88640000.0,1960000.0,0.0221119134
KRW-BTC,2024-10-16,2024-10-16 09:00:00,90518000.0,92350000.0,90194000.0,91610000.0,1729123200004,300845392783.4781,3290.95467218,90600000.0,1010000.0,0.0111479029
KRW-BTC,2024-10-17,2024-10-17 09:00:00,91610000.0,92000000.0,91150000.0,91725000.0,1729209599780,198466118818.0868,2166.90172052,91610000.0,115000.0,0.0012553215
KRW-BTC,2024-10-18,2024-10-18 09:00:00,91758000.0,93697000.0,91510000.0,93330000.0,1729295999862,250778556476.78455,2703.40345601,91725000.0,1605000.0,0.0174979558
KRW-BTC,2024-10-19,2024-10-19 09:00:00,93358000.0,93593000.0,92769000.0,93322000.0,1729382396946,112257624816.85332,1204.1436611,93330000.0,-8000.0,-8.57173e-05
KRW-BTC,2024-10-20,2024-10-20 09:00:00,93322000.0,94299000.0,92956000.0,93901000.0,1729468799981,165259971452.53424,1766.03106746,93322000.0,579000.0,0.0062043248
KRW-BTC,2024-10-21,2024-10-21 09:00:00,93901000.0,94456000.0,91459000.0,92161000.0,1729555198933,324857725696.1088,3492.66954786,93901000.0,-1740000.0,-0.0185301541
KRW-BTC,2024-10-22,2024-10-22 09:00:00,92161000.0,93380000.0,91090000.0,92877000.0,1729641599647,220756238977.91486,2390.90338556,92161000.0,716000.0,0.0077690129
KRW-BTC,2024-10-23,2024-10-23 09:00:00,92877000.0,93000000.0,90860000.0,92375000.0,1729727999955,199665847457.3109,2169.77076181,92877000.0,-502000.0,-0.005404998
KRW-BTC,2024-10-24,2024-10-24 09:00:00,92375000.0,94699000.0,92080000.0,94077000.0,1729814399939,230528066716.63248,2468.54308221,92375000.0,1702000.0,0.0184248985
KRW-BTC,2024-10-25,2024-10-25 09:00:00,94077000.0,95143000.0,92432000.0,93762000.0,1729900799779,324322657135.6851,3453.26947882,94077000.0,-315000.0,-0.0033483211
KRW-BTC,2024-10-26,2024-10-26 09:00:00,93762000.0,94298000.0,93297000.0,93993000.0,1729987199985,110975712520.31711,1181.9583116,93762000.0,231000.0,0.0024636846
KRW-BTC,2024-10-27,2024-10-27 09:00:00,93993000.0,95120000.0,93900000.0,94819000.0,1730073599744,133501091993.42345,1412.77364621,93993000.0,826000.0,0.0087878885
KRW-BTC,2024-10-28,2024-10-28 09:00:00,94824000.0,97714000.0,94520000.0,97401000.0,1730159999954,330946884900.9437,3447.08968512,94819000.0,2582000.0,0.0272308293
KRW-BTC,2024-10-29,2024-10-29 09:00:00,97401000.0,102158000.0,97200000.0,101305000.0,1730246399463,567661752603.4331,5694.58179714,97401000.0,3904000.0,0.040081724
KRW-BTC,2024-10-30,2024-10-30 09:00:00,101300000.0,101305000.0,99135000.0,100571000.0,1730332798765,344734758766.32104,3437.3159675,101305000.0,-734000.0,-0.0072454469
KRW-BTC,2024-10-31,2024-10-31 09:00:00,100571000.0,100893000.0,97300000.0,98112000.0,1730419199946,364198594030.4766,3670.22663296,100571000.0,-2459000.0,-0.0244503883
KRW-BTC,2024-11-01,2024-11-01 09:00:00,98112000.0,99758000.0,95520000.0,97285000.0,1730505594592,472387488519.2129,4850.88260337,98112000.0,-827000.0,-0.0084291422
KRW-BTC,2024-11-02,2024-11-02 09:00:00,97331000.0,97999000.0,96825000.0,97205000.0,1730591999175,138251166859.1501,1419.21063313,97285000.0,-80000.0,-0.0008223262
KRW-BTC,2024-11-03,2024-11-03 09:00:00,97205000.0,97232000.0,93905000.0,95883000.0,1730678398414,416376735248.19946,4358.15713691,97205000.0,-1322000.0,-0.0136001235
KRW-BTC,2024-11-04,2024-11-04 09:00:00,95987000.0,96803000.0,93083000.0,94289000.0,1730764799248,337921974474.5364,3556.89181882,95883000.0,-1594000.0,-0.0166244277
KRW-BTC,2024-11-05,2024-11-05 09:00:00,94289000.0,98074000.0,93958000.0,96170000.0,1730851199990,460604127860.6611,4785.81750822,94289000.0,1881000.0,0.0199493048
KRW-BTC,2024-11-06,2024-11-06 09:00:00,96196000.0,104395000.0,96104000.0,104085000.0,1730937600047,1745207534538.4504,17173.68278488,96170000.0,7915000.0,0.0823021732
KRW-BTC,2024-11-07,2024-11-07 09:00:00,104085000.0,104999000.0,102290000.0,104115000.0,1731023999859,572085674515.601,5517.18974843,104085000.0,30000.0,0.000288226
KRW-BTC,2024-11-08,2024-11-08 09:00:00,104177000.0,107591000.0,104109000.0,106843000.0,1731110399827,539366060581.3163,5104.85574163,104115000.0,2728000.0,0.0262017961
KRW-BTC,2024-11-09,2024-11-09 09:00:00,106845000.0,106990000.0,105873000.0,106294000.0,1731196799441,287678813640.0703,2702.45288762,106843000.0,-549000.0,-0.0051383806
KRW-BTC,2024-11-10,2024-11-10 09:00:00,106294000.0,112470000.0,106050000.0,111440000.0,1731283200020,889548072877.27,8111.0365608,106294000.0,5146000.0,0.0484128925
KRW-BTC,2024-11-11,2024-11-11 09:00:00,111440000.0,125073000.0,111273000.0,124503000.0,1731369599856,1413170980237.1287,12056.83132426,111440000.0,13063000.0,0.1172200287
KRW-BTC,2024-11-12,2024-11-12 09:00:00,124476000.0,128010000.0,118864000.0,124967000.0,1731455999900,2115375980647.706,17037.75956278,124503000.0,464000.0,0.0037268178
KRW-BTC,2024-11-13,2024-11-13 09:00:00,124951000.0,131041000.0,122771000.0,128111000.0,1731542399999,1421545614830.135,11214.08048901,124967000.0,3144000.0,0.0251586419
KRW-BTC,2024-11-14,2024-11-14 09:00:00,128111000.0,130500000.0,121674000.0,123572000.0,1731628799859,1165804427242.5054,9173.07983888,128111000.0,-4539000.0,-0.0354302129
KRW-BTC,2024-11-15,2024-11-15 09:00:00,123543000.0,128950000.0,123370000.0,128236000.0,1731715199942,750816994986.7344,5943.50915703,123572000.0,4664000.0,0.0377431781
KRW-BTC,2024-11-16,2024-11-16 09:00:00,128128000.0,129103000.0,126090000.0,127071000.0,1731801600029,499883409180.5182,3914.09648698,128236000.0,-1165000.0,-0.0090848124
KRW-BTC,2024-11-17,2024-11-17 09:00:00,127130000.0,128000000.0,125252000.0,126472000.0,1731888000024,421512902761.08,3321.82583352,127071000.0,-599000.0,-0.0047139001
KRW-BTC,2024-11-18,2024-11-18 09:00:00,126469000.0,128895000.0,126133000.0,127142000.0,1731974400007,660914839727.5431,5182.38906938,126472000.0,670000.0,0.0052976153
KRW-BTC,2024-11-19,2024-11-19 09:00:00,127142000.0,130998000.0,127050000.0,129720000.0,1732060800030,649348478627.2478,5034.84094069,127142000.0,2578000.0,0.0202765412
KRW-BTC,2024-11-20,2024-11-20 09:00:00,129711000.0,133328000.0,128448000.0,133180000.0,1732147199594,778377471488.7765,5931.35430049,129720000.0,3460000.0,0.0266728338
KRW-BTC,2024-11-21,2024-11-21 09:00:00,133180000.0,138707000.0,133001000.0,137050000.0,1732233600034,1413215255697.4194,10359.96751008,133180000.0,3870000.0,0.0290584172
KRW-BTC,2024-11-22,2024-11-22 09:00:00,137050000.0,138770000.0,129500000.0,136879000.0,1732319999971,1212497778066.893,8879.19477738,137050000.0,-171000.0,-0.0012477198
KRW-BTC,2024-11-23,2024-11-23 09:00:00,136879000.0,137178000.0,134195000.0,136000000.0,1732406399883,649192517920.03,4775.60238543,136879000.0,-879000.0,-0.0064217301
KRW-BTC,2024-11-24,2024-11-24 09:00:00,136000000.0,137000000.0,131501000.0,136096000.0,1732492799843,856406820436.9347,6366.61145855,136000000.0,96000.0,0.0007058824
KRW-BTC,2024-11-25,2024-11-25 09:00:00,136110000.0,136169000.0,129688000.0,129791000.0,1732579200004,712473615692.348,5347.73938417,136096000.0,-6305000.0,-0.0463275923
KRW-BTC,2024-11-26,2024-11-26 09:00:00,129791000.0,132579000.0,127416000.0,128783000.0,1732665599361,915544005066.4463,7063.28251032,129791000.0,-1008000.0,-0.007766332
KRW-BTC,2024-11-27,2024-11-27 09:00:00,128800000.0,134300000.0,127900000.0,132999000.0,1732751999389,572062774905.5735,4363.00829391,128783000.0,4216000.0,0.0327372402
KRW-BTC,2024-11-28,2024-11-28 09:00:00,132999000.0,134577000.0,131438000.0,133138000.0,1732838399971,391492800868.58124,2941.11026977,132999000.0,139000.0,0.0010451206
KRW-BTC,2024-11-29,2024-11-29 09:00:00,133144000.0,136274000.0,132850000.0,134542000.0,1732924799573,465090047941.26117,3455.81025362,133138000.0,1404000.0,0.0105454491
KRW-BTC,2024-11-30,2024-11-30 09:00:00,134542000.0,134809000.0,133600000.0,133701000.0,1733011199713,318361460355.6218,2374.86697435,134542000.0,-841000.0,-0.0062508362
KRW-BTC,2024-12-01,2024-12-01 09:00:00,133722000.0,135199000.0,133297000.0,133802000.0,1733097599734,380928725281.3921,2835.14649803,133701000.0,101000.0,0.0007554169
KRW-BTC,2024-12-02,2024-12-02 09:00:00,133802000.0,135800000.0,132260000.0,133535000.0,1733183999993,718060616005.2106,5356.7748251,133802000.0,-267000.0,-0.0019954859
KRW-BTC,2024-12-03,2024-12-03 09:00:00,133523000.0,134680000.0,88266000.0,133700000.0,1733270399967,2304644374164.456,18097.08425608,133535000.0,165000.0,0.0012356311
KRW-BTC,2024-12-04,2024-12-04 09:00:00,133720000.0,139920000.0,133499000.0,138760000.0,1733356800018,948860236172.9866,6969.87081198,133700000.0,5060000.0,0.0378459237
KRW-BTC,2024-12-05,2024-12-05 09:00:00,138765000.0,146100000.0,134000000.0,137501000.0,1733443200001,1924495041794.7664,13579.28987411,138760000.0,-1259000.0,-0.0090732199
KRW-BTC,2024-12-06,2024-12-06 09:00:00,137501000.0,141502000.0,136000000.0,139340000.0,1733529599985,854124438187.2275,6179.75810181,137501000.0,1839000.0,0.0133744482
KRW-BTC,2024-12-07,2024-12-07 09:00:00,139402000.0,140411000.0,137698000.0,138960000.0,1733615999694,367591447543.71985,2646.58094433,139340000.0,-380000.0,-0.0027271422
KRW-BTC,2024-12-08,2024-12-08 09:00:00,138970000.0,141400000.0,138620000.0,141005000.0,1733702399769,359805956088.11163,2575.9253391,138960000.0,2045000.0,0.0147164652
KRW-BTC,2024-12-09,2024-12-09 09:00:00,141056000.0,141399000.0,135900000.0,138864000.0,1733788799730,865791701454.2142,6238.33236659,141005000.0,-2141000.0,-0.0151838587
KRW-BTC,2024-12-10,2024-12-10 09:00:00,138934000.0,140000000.0,135490000.0,138205000.0,1733875199696,789776192066.2788,5715.11068532,138864000.0,-659000.0,-0.0047456504
KRW-BTC,2024-12-11,2024-12-11 09:00:00,138205000.0,144276000.0,136500000.0,143111000.0,1733961599962,813102473508.0792,5786.50262004,138205000.0,4906000.0,0.0354979921
KRW-BTC,2024-12-12,2024-12-12 09:00:00,143111000.0,145000000.0,142000000.0,142757000.0,1734047999763,589232066932.0105,4109.65334521,143111000.0,-354000.0,-0.0024736044
KRW-BTC,2024-12-13,2024-12-13 09:00:00,142780000.0,144865000.0,142001000.0,144402000.0,1734134399564,361979534829.5213,2524.28189889,142757000.0,1645000.0,0.0115230777
KRW-BTC,2024-12-14,2024-12-14 09:00:00,144432000.0,146051000.0,143973000.0,145927000.0,1734220799329,464300625877.87177,3195.75670317,144402000.0,1525000.0,0.0105607956
KRW-BTC,2024-12-15,2024-12-15 09:00:00,145927000.0,150000000.0,145684000.0,149243000.0,1734307199985,691840989089.0537,4680.01328552,145927000.0,3316000.0,0.0227236906
KRW-BTC,2024-12-16,2024-12-16 09:00:00,149243000.0,154924000.0,149016000.0,153403000.0,1734393600028,1082807876503.8628,7128.61771091,149243000.0,4160000.0,0.0278740041
KRW-BTC,2024-12-17,2024-12-17 09:00:00,153403000.0,157198000.0,152885000.0,155223000.0,1734479999982,958745671966.8221,6186.2803434,153403000.0,1820000.0,0.0118641748
KRW-BTC,2024-12-18,2024-12-18 09:00:00,155222000.0,155949000.0,147189000.0,147754000.0,1734566399998,1309628152098.7222,8610.82270357,155223000.0,-7469000.0,-0.0481178691
KRW-BTC,2024-12-19,2024-12-19 09:00:00,147753000.0,153299000.0,145000000.0,147474000.0,1734652799993,1266525021155.8596,8471.89272515,147754000.0,-280000.0,-0.0018950418
KRW-BTC,2024-12-20,2024-12-20 09:00:00,147474000.0,148460000.0,139800000.0,148138000.0,1734739199969,1670193715564.6172,11567.34620544,147474000.0,664000.0,0.0045024886
KRW-BTC,2024-12-21,2024-12-21 09:00:00,148138000.0,149700000.0,145249000.0,147830000.0,1734825599886,548294648910.75867,3714.24805316,148138000.0,-308000.0,-0.0020791424
KRW-BTC,2024-12-22,2024-12-22 09:00:00,147836000.0,147950000.0,143850000.0,144800000.0,1734911999828,379824698691.60583,2605.0749353,147830000.0,-3030000.0,-0.0204965163
KRW-BTC,2024-12-23,2024-12-23 09:00:00,144802000.0,146200000.0,140487000.0,142901000.0,1734998399512,703151196031.0725,4913.29053371,144800000.0,-1899000.0,-0.0131146409
KRW-BTC,2024-12-24,2024-12-24 09:00:00,142901000.0,148148000.0,141000000.0,146831000.0,1735084799762,626598586872.3685,4333.3309919,142901000.0,3930000.0,0.027501557
KRW-BTC,2024-12-25,2024-12-25 09:00:00,146832000.0,148566000.0,145395000.0,148081000.0,1735171199616,428212289354.54877,2911.45446585,146831000.0,1250000.0,0.0085131886
KRW-BTC,2024-12-26,2024-12-26 09:00:00,148216000.0,149000000.0,143175000.0,144076000.0,1735257600013,499177709089.0282,3432.78442974,148081000.0,-4005000.0,-0.0270460086
KRW-BTC,2024-12-27,2024-12-27 09:00:00,144016000.0,146117000.0,141466000.0,142111000.0,1735343999444,464668960489.2536,3231.26328398,144076000.0,-1965000.0,-0.0136386352
KRW-BTC,2024-12-28,2024-12-28 09:00:00,142107000.0,143000000.0,141487000.0,142302000.0,1735430399613,186348569009.08533,1311.56387337,142111000.0,191000.0,0.0013440198
KRW-BTC,2024-12-29,2024-12-29 09:00:00,142306000.0,142380000.0,138600000.0,139735000.0,1735516799943,306515266961.3944,2180.40637674,142302000.0,-2567000.0,-0.0180390999
KRW-BTC,2024-12-30,2024-12-30 09:00:00,139831000.0,140680000.0,135971000.0,137892000.0,1735603199382,520848698110.80096,3767.66978148,139735000.0,-1843000.0,-0.0131892511
KRW-BTC,2024-12-31,2024-12-31 09:00:00,137865000.0,143483000.0,136032000.0,139257000.0,1735689599609,518936721897.5508,3707.45981864,137892000.0,1365000.0,0.0098990514
KRW-BTC,2025-01-01,2025-01-01 09:00:00,139394000.0,141631000.0,139000000.0,141320000.0,1735775999841,260593447572.08765,1854.53857148,139257000.0,2063000.0,0.0148143361
KRW-BTC,2025-01-02,2025-01-02 09:00:00,141322000.0,144826000.0,140920000.0,143848000.0,1735862399789,434853650473.7929,3042.22989739,141320000.0,2528000.0,0.01788848
KRW-BTC,2025-01-03,2025-01-03 09:00:00,143848000.0,145755000.0,142619000.0,144655000.0,1735948799686,341649422579.4561,2373.01457904,143848000.0,807000.0,0.0056100884
KRW-BTC,2025-01-04,2025-01-04 09:00:00,144653000.0,145500000.0,144073000.0,144745000.0,1736035199664,209260300846.72723,1445.66845023,144655000.0,90000.0,0.00062217
KRW-BTC,2025-01-05,2025-01-05 09:00:00,144767000.0,145357000.0,143513000.0,144700000.0,1736121599783,204523034517.5893,1416.06538296,144745000.0,-45000.0,-0.0003108916
KRW-BTC,2025-01-06,2025-01-06 09:00:00,144731000.0,150300000.0,144481000.0,150264000.0,1736207999877,532243908555.5481,3608.9652023,144700000.0,5564000.0,0.0384519696
KRW-BTC,2025-01-07,2025-01-07 09:00:00,150255000.0,151000000.0,143500000.0,144789000.0,1736294399974,635182063342.3107,4327.71162265,150264000.0,-5475000.0,-0.0364358729
KRW-BTC,2025-01-08,2025-01-08 09:00:00,144789000.0,145161000.0,140919000.0,142368000.0,1736380800009,584649101218.6703,4096.89543997,144789000.0,-2421000.0,-0.0167208835
KRW-BTC,2025-01-09,2025-01-09 09:00:00,142375000.0,142776000.0,138810000.0,139740000.0,1736467199615,499908435103.343,3561.45575976,142368000.0,-2628000.0,-0.0184592043
KRW-BTC,2025-01-10,2025-01-10 09:00:00,139748000.0,143886000.0,139687000.0,142457000.0,1736553599311,446438032976.969,3145.42115574,139740000.0,2717000.0,0.0194432518
KRW-BTC,2025-01-11,2025-01-11 09:00:00,142614000.0,142617000.0,141175000.0,141771000.0,1736639999809,161413898627.51065,1137.28650288,142457000.0,-686000.0,-0.0048154882
KRW-BTC,2025-01-12,2025-01-12 09:00:00,141768000.0,143245000.0,141002000.0,142086000.0,1736726399947,167674372996.49023,1181.13699936,141771000.0,315000.0,0.0022218931
KRW-BTC,2025-01-13,2025-01-13 09:00:00,142074000.0,143500000.0,137500000.0,142108000.0,1736812798627,594155601944.1257,4243.48992091,142086000.0,22000.0,0.0001548358
KRW-BTC,2025-01-14,2025-01-14 09:00:00,142108000.0,144999000.0,141684000.0,143501000.0,1736899200008,365550117816.1081,2548.98311136,142108000.0,1393000.0,0.0098024038
KRW-BTC,2025-01-15,2025-01-15 09:00:00,143546000.0,147724000.0,142997000.0,147309000.0,1736985599983,539304420188.471,3708.08865004,143501000.0,3808000.0,0.0265364004
KRW-BTC,2025-01-16,2025-01-16 09:00:00,147309000.0,147804000.0,144102000.0,146670000.0,1737071999925,466599390005.62427,3192.45019417,147309000.0,-639000.0,-0.0043378205
KRW-BTC,2025-01-17,2025-01-17 09:00:00,146750000.0,155509000.0,146661000.0,152345000.0,1737158400006,731977225416.7888,4834.721595,146670000.0,5675000.0,0.0386923024
KRW-BTC,2025-01-18,2025-01-18 09:00:00,152434000.0,156530000.0,151533000.0,155801000.0,1737244799782,577827400325.0476,3748.13380163,152345000.0,3456000.0,0.0226853523
KRW-BTC,2025-01-19,2025-01-19 09:00:00,155720000.0,159999000.0,150903000.0,154000000.0,1737331200008,1115328234144.4253,7113.5465532,155801000.0,-1801000.0,-0.0115596177
KRW-BTC,2025-01-20,2025-01-20 09:00:00,154000000.0,163325000.0,151518000.0,153225000.0,1737417599874,1729137322777.8643,10945.25324846,154000000.0,-775000.0,-0.0050324675
KRW-BTC,2025-01-21,2025-01-21 09:00:00,153225000.0,158490000.0,151038000.0,157571000.0,1737503999266,688640573073.7699,4441.84077005,153225000.0,4346000.0,0.0283635177
KRW-BTC,2025-01-22,2025-01-22 09:00:00,157571000.0,157791000.0,154486000.0,154999000.0,1737590399119,347722370125.69727,2227.73336919,157571000.0,-2572000.0,-0.0163228005
KRW-BTC,2025-01-23,2025-01-23 09:00:00,154999000.0,158920000.0,152000000.0,155112000.0,1737676799724,769422972569.6259,4954.0302646,154999000.0,113000.0,0.000729037
KRW-BTC,2025-01-24,2025-01-24 09:00:00,155112000.0,159000000.0,154000000.0,157146000.0,1737763199980,457588416559.3723,2922.35240081,155112000.0,2034000.0,0.0131131054
KRW-BTC,2025-01-25,2025-01-25 09:00:00,157170000.0,157832000.0,156889000.0,157200000.0,1737849599869,164274909558.5682,1044.63297991,157146000.0,54000.0,0.0003436295
KRW-BTC,2025-01-26,2025-01-26 09:00:00,157200000.0,157933000.0,156000000.0,156100000.0,1737935999723,192230698281.0076,1222.93708628,157200000.0,-1100000.0,-0.0069974555
KRW-BTC,2025-01-27,2025-01-27 09:00:00,156100000.0,157075000.0,151260000.0,154919000.0,1738022399945,775537093623.0104,5043.13655799,156100000.0,-1181000.0,-0.007565663
KRW-BTC,2025-01-28,2025-01-28 09:00:00,154919000.0,156658000.0,153782000.0,155919000.0,1738108800027,292805190253.83185,1883.02467176,154919000.0,1000000.0,0.0064549862
KRW-BTC,2025-01-29,2025-01-29 09:00:00,155919000.0,159455000.0,155765000.0,158859000.0,1738195199610,332236053986.32446,2110.06837042,155919000.0,2940000.0,0.0188559444
KRW-BTC,2025-01-30,2025-01-30 09:00:00,158859000.0,160559000.0,157860000.0,158139000.0,1738281599950,374246958374.8662,2346.60990153,158859000.0,-720000.0,-0.0045323211
KRW-BTC,2025-01-31,2025-01-31 09:00:00,158182000.0,159669000.0,155600000.0,156580000.0,1738367999967,338414098348.2362,2143.1574605,158139000.0,-1559000.0,-0.0098584157
KRW-BTC,2025-02-01,2025-02-01 09:00:00,156580000.0,158090000.0,155888000.0,157330000.0,1738454398998,257063147312.49576,1638.45948966,156580000.0,750000.0,0.0047898838
KRW-BTC,2025-02-02,2025-02-02 09:00:00,157399000.0,157925000.0,152477000.0,154000000.0,1738540800034,643374605498.001,4152.76471464,157330000.0,-3330000.0,-0.0211657027
KRW-BTC,2025-02-03,2025-02-03 09:00:00,154000000.0,160304000.0,145000000.0,158217000.0,1738627200038,1555588446200.2488,10213.11727922,154000000.0,4217000.0,0.0273831169
KRW-BTC,2025-02-04,2025-02-04 09:00:00,158217000.0,159439000.0,153000000.0,154122000.0,1738713599396,549263906526.96515,3536.84929186,158217000.0,-4095000.0,-0.0258821745
KRW-BTC,2025-02-05,2025-02-05 09:00:00,154140000.0,155662000.0,151000000.0,151450000.0,1738799999787,298359954415.3454,1950.48905036,154122000.0,-2672000.0,-0.0173369149
KRW-BTC,2025-02-06,2025-02-06 09:00:00,151450000.0,153925000.0,150011000.0,151356000.0,1738886399994,284946027914.94904,1873.91456823,151450000.0,-94000.0,-0.0006206669
KRW-BTC,2025-02-07,2025-02-07 09:00:00,151359000.0,154000000.0,148730000.0,149601000.0,1738972799660,445703472062.0988,2959.78108027,151356000.0,-1755000.0,-0.0115951796
KRW-BTC,2025-02-08,2025-02-08 09:00:00,149602000.0,150220000.0,147994000.0,148803000.0,1739059199325,161683658643.89557,1087.25702791,149601000.0,-798000.0,-0.0053341889
KRW-BTC,2025-02-09,2025-02-09 09:00:00,148873000.0,149819000.0,146197000.0,147579000.0,1739145599421,231674863473.32904,1566.08357111,148803000.0,-1224000.0,-0.0082256406
KRW-BTC,2025-02-10,2025-02-10 09:00:00,147602000.0,148830000.0,146000000.0,147724000.0,1739231999677,218423652541.2507,1480.95765827,147579000.0,145000.0,0.0009825246
KRW-BTC,2025-02-11,2025-02-11 09:00:00,147812000.0,148750000.0,145112000.0,146020000.0,1739318399007,248745774650.66232,1689.795504,147724000.0,-1704000.0,-0.0115350248
KRW-BTC,2025-02-12,2025-02-12 09:00:00,146034000.0,148266000.0,143429000.0,147846000.0,1739404799890,345069197399.9939,2370.96714608,146020000.0,1826000.0,0.0125051363
KRW-BTC,2025-02-13,2025-02-13 09:00:00,147846000.0,148155000.0,144580000.0,145877000.0,1739491199708,195824530494.71182,1343.16309497,147846000.0,-1969000.0,-0.0133179119
KRW-BTC,2025-02-14,2025-02-14 09:00:00,145802000.0,148120000.0,145270000.0,146551000.0,1739577599912,211663369934.59644,1448.40803795,145877000.0,674000.0,0.0046203308
KRW-BTC,2025-02-15,2025-02-15 09:00:00,146551000.0,147720000.0,146200000.0,147501000.0,1739663999736,108072791850.54375,734.68263925,146551000.0,950000.0,0.006482385
KRW-BTC,2025-02-16,2025-02-16 09:00:00,147503000.0,147598000.0,145484000.0,145625000.0,1739750399996,99212602870.22252,677.26379543,147501000.0,-1876000.0,-0.0127185578
KRW-BTC,2025-02-17,2025-02-17 09:00:00,145625000.0,145980000.0,144139000.0,144390000.0,1739836799628,185035178987.9249,1275.40908298,145625000.0,-1235000.0,-0.0084806867
KRW-BTC,2025-02-18,2025-02-18 09:00:00,144390000.0,145352000.0,141104000.0,143728000.0,1739923199255,254368502778.41125,1772.0458381,144390000.0,-662000.0,-0.004584805
KRW-BTC,2025-02-19,2025-02-19 09:00:00,143760000.0,144743000.0,142250000.0,144312000.0,1740009599633,154294079615.82626,1075.5545038,143728000.0,584000.0,0.0040632305
KRW-BTC,2025-02-20,2025-02-20 09:00:00,144314000.0,146000000.0,143689000.0,145719000.0,1740095999678,136482963285.83519,943.71043216,144312000.0,1407000.0,0.009749709
KRW-BTC,2025-02-21,2025-02-21 09:00:00,145719000.0,146400000.0,141334000.0,142859000.0,1740182399848,262438152691.97415,1820.4146452,145719000.0,-2860000.0,-0.019626816
KRW-BTC,2025-02-22,2025-02-22 09:00:00,142891000.0,143191000.0,141988000.0,142300000.0,1740268799427,99932466999.3102,701.49616078,142859000.0,-559000.0,-0.0039129491
KRW-BTC,2025-02-23,2025-02-23 09:00:00,142364000.0,142500000.0,140019000.0,141364000.0,1740355199182,155735995733.05072,1103.2003906,142300000.0,-936000.0,-0.0065776528
KRW-BTC,2025-02-24,2025-02-24 09:00:00,141371000.0,141572000.0,131800000.0,132135000.0,1740441599952,697127046030.1218,5104.8145837,141364000.0,-9229000.0,-0.0652853626
KRW-BTC,2025-02-25,2025-02-25 09:00:00,132135000.0,134899000.0,125004000.0,129715000.0,1740527999960,1173142441896.4902,9063.16812162,132135000.0,-2420000.0,-0.0183146025
KRW-BTC,2025-02-26,2025-02-26 09:00:00,129715000.0,130000000.0,120723000.0,122784000.0,1740614399947,616121443775.9131,4911.98768458,129715000.0,-6931000.0,-0.0534325252
KRW-BTC,2025-02-27,2025-02-27 09:00:00,122775000.0,127493000.0,121500000.0,124331000.0,1740700799651,477534913336.8573,3832.78298284,122784000.0,1547000.0,0.0125993615
KRW-BTC,2025-02-28,2025-02-28 09:00:00,124404000.0,125411000.0,116504000.0,124499000.0,1740787199924,968879646102.7946,8051.74155398,124331000.0,168000.0,0.0013512318
KRW-BTC,2025-03-01,2025-03-01 09:00:00,124499000.0,128980000.0,123342000.0,128320000.0,1740873600031,405122480757.34283,3200.77768269,124499000.0,3821000.0,0.0306910096
KRW-BTC,2025-03-02,2025-03-02 09:00:00,128320000.0,143708000.0,126464000.0,142500000.0,1740959999638,1097856410249.4774,8085.80440191,128320000.0,14180000.0,0.1105049875
KRW-BTC,2025-03-03,2025-03-03 09:00:00,142500000.0,142950000.0,128097000.0,130094000.0,1741046399851,988616089518.9266,7256.17361103,142500000.0,-12406000.0,-0.0870596491
KRW-BTC,2025-03-04,2025-03-04 09:00:00,130110000.0,133790000.0,123473000.0,130430000.0,1741132799882,729446575223.0525,5728.37012415,130094000.0,336000.0,0.0025827479
KRW-BTC,2025-03-05,2025-03-05 09:00:00,130368000.0,136459000.0,128980000.0,134990000.0,1741219199837,492738769781.0586,3700.44052536,130430000.0,4560000.0,0.0349612819
KRW-BTC,2025-03-06,2025-03-06 09:00:00,134990000.0,138321000.0,131220000.0,133870000.0,1741305599740,500390787421.6079,3705.98906398,134990000.0,-1120000.0,-0.0082969109
KRW-BTC,2025-03-07,2025-03-07 09:00:00,133858000.0,135900000.0,127470000.0,129522000.0,1741392000032,702238896953.9413,5361.61739526,133870000.0,-4348000.0,-0.0324792709
KRW-BTC,2025-03-08,2025-03-08 09:00:00,129522000.0,129998000.0,127390000.0,128531000.0,1741478396410,175525366223.97842,1365.92299763,129522000.0,-991000.0,-0.0076512098
KRW-BTC,2025-03-09,2025-03-09 09:00:00,128579000.0,128950000.0,119864000.0,121111000.0,1741564800044,467216706244.6403,3764.54374771,128531000.0,-7420000.0,-0.0577292638
KRW-BTC,2025-03-10,2025-03-10 09:00:00,121039000.0,124910000.0,116355000.0,117477000.0,1741651199449,729786095202.093,6052.61966672,121111000.0,-3634000.0,-0.0300055321
KRW-BTC,2025-03-11,2025-03-11 09:00:00,117495000.0,123918000.0,114763000.0,123232000.0,1741737599951,695250204116.9115,5825.71269624,117477000.0,5755000.0,0.0489883126
KRW-BTC,2025-03-12,2025-03-12 09:00:00,123232000.0,125300000.0,120153000.0,123871000.0,1741823999767,412486565474.72766,3356.8139394,123232000.0,639000.0,0.0051853415
KRW-BTC,2025-03-13,2025-03-13 09:00:00,123871000.0,124600000.0,119000000.0,120216000.0,1741910394080,301868952617.4306,2477.67851474,123871000.0,-3655000.0,-0.0295065027
KRW-BTC,2025-03-14,2025-03-14 09:00:00,120216000.0,125500000.0,119737000.0,123878000.0,1741996799843,256950057720.36322,2090.05272344,120216000.0,3662000.0,0.0304618354
KRW-BTC,2025-03-15,2025-03-15 09:00:00,123855000.0,124896000.0,123200000.0,124000000.0,1742083199228,119621419740.44946,963.95031949,123878000.0,122000.0,0.0009848399
KRW-BTC,2025-03-16,2025-03-16 09:00:00,124013000.0,125000000.0,121020000.0,121749000.0,1742169599654,197072131991.7504,1606.15777572,124000000.0,-2251000.0,-0.0181532258
KRW-BTC,2025-03-17,2025-03-17 09:00:00,121720000.0,123660000.0,121260000.0,122801000.0,1742255998065,143050642246.387,1168.99746106,121749000.0,1052000.0,0.0086407281
KRW-BTC,2025-03-18,2025-03-18 09:00:00,122801000.0,122888000.0,119550000.0,121272000.0,1742342397363,200542811765.95224,1657.37070706,122801000.0,-1529000.0,-0.0124510387
KRW-BTC,2025-03-19,2025-03-19 09:00:00,121272000.0,127625000.0,120939000.0,127194000.0,1742428799355,296714999044.14703,2393.84968552,121272000.0,5922000.0,0.0488323768
KRW-BTC,2025-03-20,2025-03-20 09:00:00,127194000.0,128495000.0,123910000.0,124297000.0,1742515197052,276279642389.33716,2192.80252221,127194000.0,-2897000.0,-0.0227762316
KRW-BTC,2025-03-21,2025-03-21 09:00:00,124329000.0,125138000.0,123228000.0,124500000.0,1742601598470,133897078603.41748,1077.29288816,124297000.0,203000.0,0.001633185
KRW-BTC,2025-03-22,2025-03-22 09:00:00,124500000.0,124890000.0,124000000.0,124150000.0,1742687999690,59088530407.14261,475.0285525,124500000.0,-350000.0,-0.002811245
KRW-BTC,2025-03-23,2025-03-23 09:00:00,124150000.0,126938000.0,124026000.0,126937000.0,1742774399406,100275702981.50278,799.40587556,124150000.0,2787000.0,0.0224486508
KRW-BTC,2025-03-24,2025-03-24 09:00:00,126912000.0,130989000.0,126196000.0,128890000.0,1742860799735,325081939826.5001,2523.90072772,126937000.0,1953000.0,0.015385585
KRW-BTC,2025-03-25,2025-03-25 09:00:00,128890000.0,130000000.0,127502000.0,128823000.0,1742947200033,198216515512.68497,1539.02381677,128890000.0,-67000.0,-0.0005198231
KRW-BTC,2025-03-26,2025-03-26 09:00:00,128822000.0,130207000.0,127200000.0,128556000.0,1743033599818,172782874284.00537,1340.28242464,128823000.0,-267000.0,-0.0020726113
KRW-BTC,2025-03-27,2025-03-27 09:00:00,128556000.0,129566000.0,127000000.0,128701000.0,1743119996021,139090144790.86603,1081.83540099,128556000.0,145000.0,0.0011279131
KRW-BTC,2025-03-28,2025-03-28 09:00:00,128701000.0,129026000.0,124610000.0,125800000.0,1743206398556,211038352071.8137,1668.55336482,128701000.0,-2901000.0,-0.0225406174
KRW-BTC,2025-03-29,2025-03-29 09:00:00,125800000.0,126100000.0,122007000.0,123378000.0,1743292798733,156638464258.42752,1266.89857377,125800000.0,-2422000.0,-0.0192527822
KRW-BTC,2025-03-30,2025-03-30 09:00:00,123274000.0,124890000.0,122218000.0,123046000.0,1743379199587,102994016812.30443,831.87817259,123378000.0,-332000.0,-0.0026909173
KRW-BTC,2025-03-31,2025-03-31 09:00:00,123046000.0,124895000.0,121263000.0,123209000.0,1743465594867,180622318913.10355,1473.25060899,123046000.0,163000.0,0.0013247078
KRW-BTC,2025-04-01,2025-04-01 09:00:00,123209000.0,126964000.0,122800000.0,126632000.0,1743551997228,198979645105.30093,1593.20054893,123209000.0,3423000.0,0.0277820614
KRW-BTC,2025-04-02,2025-04-02 09:00:00,126632000.0,130342000.0,122500000.0,122798000.0,1743638399356,351197132038.0183,2784.56638855,126632000.0,-3834000.0,-0.0302767073
KRW-BTC,2025-04-03,2025-04-03 09:00:00,122794000.0,124785000.0,121002000.0,123244000.0,1743724798476,226249003419.5948,1841.85772528,122798000.0,446000.0,0.003631981
KRW-BTC,2025-04-04,2025-04-04 09:00:00,123244000.0,124650000.0,121100000.0,123409000.0,1743811197170,291981805621.7575,2378.02197014,123244000.0,165000.0,0.0013388076
KRW-BTC,2025-04-05,2025-04-05 09:00:00,123409000.0,123988000.0,122033000.0,123300000.0,1743897599779,80467825334.7389,653.88577832,123409000.0,-109000.0,-0.0008832419
KRW-BTC,2025-04-06,2025-04-06 09:00:00,123255000.0,123500000.0,115542000.0,117517000.0,1743983999819,342436915338.53656,2876.21789292,123300000.0,-5783000.0,-0.0469018654
KRW-BTC,2025-04-07,2025-04-07 09:00:00,117517000.0,121149000.0,111659000.0,118061000.0,1744070398803,787416910806.2665,6795.16440668,117517000.0,544000.0,0.0046291175
KRW-BTC,2025-04-08,2025-04-08 09:00:00,118062000.0,120239000.0,114360000.0,114489000.0,1744156799508,288474058330.89233,2452.43172456,118061000.0,-3572000.0,-0.0302555459
KRW-BTC,2025-04-09,2025-04-09 09:00:00,114497000.0,123168000.0,112549000.0,121339000.0,1744243199802,578964547962.2336,4922.18166707,114489000.0,6850000.0,0.0598310755
KRW-BTC,2025-04-10,2025-04-10 09:00:00,121339000.0,122300000.0,116687000.0,117936000.0,1744329599203,268615390420.9693,2240.96736559,121339000.0,-3403000.0,-0.0280453935
KRW-BTC,2025-04-11,2025-04-11 09:00:00,117929000.0,122333000.0,116910000.0,121450000.0,1744415999617,247198929654.3026,2056.67944403,117936000.0,3514000.0,0.0297958215
KRW-BTC,2025-04-12,2025-04-12 09:00:00,121450000.0,123973000.0,120616000.0,123551000.0,1744502399392,168665534905.69553,1377.88110286,121450000.0,2101000.0,0.0172993001
KRW-BTC,2025-04-13,2025-04-13 09:00:00,123577000.0,124520000.0,120859000.0,121577000.0,1744588800012,190877001530.65314,1556.51751213,123551000.0,-1974000.0,-0.0159772078
KRW-BTC,2025-04-14,2025-04-14 09:00:00,121577000.0,124000000.0,121504000.0,122694000.0,1744675199613,199788164639.49884,1626.21508492,121577000.0,1117000.0,0.009187593
KRW-BTC,2025-04-15,2025-04-15 09:00:00,122694000.0,125120000.0,122116000.0,122158000.0,1744761599440,201123006463.96085,1625.93306976,122694000.0,-536000.0,-0.0043685918
KRW-BTC,2025-04-16,2025-04-16 09:00:00,122154000.0,123570000.0,121200000.0,121850000.0,1744847997944,175232747969.8832,1435.20417425,122158000.0,-308000.0,-0.0025213248
KRW-BTC,2025-04-17,2025-04-17 09:00:00,121850000.0,123220000.0,121502000.0,122700000.0,1744934399538,100294194926.64793,820.08150318,121850000.0,850000.0,0.0069757899
KRW-BTC,2025-04-18,2025-04-18 09:00:00,122669000.0,122916000.0,122255000.0,122288000.0,1745020799266,54743954879.47799,446.71287534,122700000.0,-412000.0,-0.0033577832
KRW-BTC,2025-04-19,2025-04-19 09:00:00,122288000.0,123500000.0,122110000.0,122720000.0,1745107198921,71919184563.51819,584.96011123,122288000.0,432000.0,0.0035326442
KRW-BTC,2025-04-20,2025-04-20 09:00:00,122720000.0,123135000.0,121571000.0,122746000.0,1745193597104,101703214849.05913,831.06705878,122720000.0,26000.0,0.0002118644
KRW-BTC,2025-04-21,2025-04-21 09:00:00,122746000.0,126660000.0,122690000.0,126237000.0,1745279999509,274106933706.79504,2188.96911603,122746000.0,3491000.0,0.0284408453
KRW-BTC,2025-04-22,2025-04-22 09:00:00,126200000.0,134397000.0,125550000.0,133855000.0,1745366399820,426386236847.1154,3287.24812644,126237000.0,7618000.0,0.060346808
KRW-BTC,2025-04-23,2025-04-23 09:00:00,133856000.0,135413000.0,131570000.0,134373000.0,1745452799689,366667729324.2744,2740.94476695,133855000.0,518000.0,0.0038698592
KRW-BTC,2025-04-24,2025-04-24 09:00:00,134373000.0,134710000.0,132028000.0,134650000.0,1745539199245,214317334743.5855,1606.11330416,134373000.0,277000.0,0.002061426
KRW-BTC,2025-04-25,2025-04-25 09:00:00,134641000.0,137869000.0,133857000.0,136416000.0,1745625599777,271136013021.35034,1994.62622378,134650000.0,1766000.0,0.0131154846
KRW-BTC,2025-04-26,2025-04-26 09:00:00,136557000.0,137140000.0,135300000.0,136499000.0,1745711999815,123800698528.76909,908.87004783,136416000.0,83000.0,0.000608433
KRW-BTC,2025-04-27,2025-04-27 09:00:00,136525000.0,137400000.0,135150000.0,135150000.0,1745798399512,112522914439.12071,827.17040513,136499000.0,-1349000.0,-0.0098828563
KRW-BTC,2025-04-28,2025-04-28 09:00:00,135160000.0,137558000.0,133720000.0,136816000.0,1745884799232,230817894846.3705,1697.1570741,135150000.0,1666000.0,0.012327044
KRW-BTC,2025-04-29,2025-04-29 09:00:00,136820000.0,137498000.0,135700000.0,136310000.0,1745971200000,171355138503.3174,1253.55021462,136816000.0,-506000.0,-0.0036983978
KRW-BTC,2025-04-30,2025-04-30 09:00:00,136310000.0,136873000.0,134138000.0,136050000.0,1746057599730,165972157939.22498,1221.71840726,136310000.0,-260000.0,-0.0019074169
KRW-BTC,2025-05-01,2025-05-01 09:00:00,136148000.0,140037000.0,136002000.0,139145000.0,1746143999949,236629055960.21805,1709.97264494,136050000.0,3095000.0,0.0227489893
KRW-BTC,2025-05-02,2025-05-02 09:00:00,139145000.0,140516000.0,137799000.0,138636000.0,1746230400023,190226950549.3558,1368.47182698,139145000.0,-509000.0,-0.0036580545
KRW-BTC,2025-05-03,2025-05-03 09:00:00,138640000.0,138750000.0,137153000.0,137560000.0,1746316799221,86048039262.41418,624.59800168,138636000.0,-1076000.0,-0.0077613318
KRW-BTC,2025-05-04,2025-05-04 09:00:00,137598000.0,138082000.0,135582000.0,135652000.0,1746403199492,92819605415.80167,677.57783034,137560000.0,-1908000.0,-0.0138703111
KRW-BTC,2025-05-05,2025-05-05 09:00:00,135677000.0,136392000.0,132900000.0,134890000.0,1746489599773,185565836745.54684,1381.52834207,135652000.0,-762000.0,-0.0056173149
KRW-BTC,2025-05-06,2025-05-06 09:00:00,134890000.0,137800000.0,133061000.0,137400000.0,1746575999870,155575215463.68115,1153.00089047,134890000.0,2510000.0,0.0186077545
KRW-BTC,2025-05-07,2025-05-07 09:00:00,137351000.0,138282000.0,136050000.0,137660000.0,1746662399322,178936860435.0718,1302.40326345,137400000.0,260000.0,0.0018922853
KRW-BTC,2025-05-08,2025-05-08 09:00:00,137680000.0,145000000.0,137402000.0,144780000.0,1746748799717,445620019181.009,3154.90070587,137660000.0,7120000.0,0.051721633
KRW-BTC,2025-05-09,2025-05-09 09:00:00,144688000.0,146200000.0,143500000.0,143720000.0,1746835200017,300604179418.1245,2080.11567877,144780000.0,-1060000.0,-0.0073214532
KRW-BTC,2025-05-10,2025-05-10 09:00:00,143726000.0,145315000.0,143500000.0,144964000.0,1746921599385,179600351414.76984,1243.871982,143720000.0,1244000.0,0.0086557195
KRW-BTC,2025-05-11,2025-05-11 09:00:00,144982000.0,146495000.0,144037000.0,145510000.0,1747007999243,204503602863.27615,1407.7751321,144964000.0,546000.0,0.0037664524
KRW-BTC,2025-05-12,2025-05-12 09:00:00,145510000.0,147300000.0,142532000.0,144875000.0,1747094399938,384709627704.4513,2643.29601827,145510000.0,-635000.0,-0.0043639612
KRW-BTC,2025-05-13,2025-05-13 09:00:00,144875000.0,146644000.0,143500000.0,145880000.0,1747180799694,231500011356.93103,1592.07970472,144875000.0,1005000.0,0.0069370147
KRW-BTC,2025-05-14,2025-05-14 09:00:00,145965000.0,146430000.0,144249000.0,145718000.0,1747267199670,169844494205.07053,1166.66900037,145880000.0,-162000.0,-0.0011105018
KRW-BTC,2025-05-15,2025-05-15 09:00:00,145793000.0,146639000.0,143634000.0,146026000.0,1747353599857,256644704012.70148,1769.20196941,145718000.0,308000.0,0.0021136716
KRW-BTC,2025-05-16,2025-05-16 09:00:00,146030000.0,147117000.0,145570000.0,146465000.0,1747439999887,186864020488.8946,1276.22182233,146026000.0,439000.0,0.0030063139
KRW-BTC,2025-05-17,2025-05-17 09:00:00,146465000.0,146828000.0,145770000.0,146555000.0,1747526399294,126121874218.33208,861.64733995,146465000.0,90000.0,0.0006144813
KRW-BTC,2025-05-18,2025-05-18 09:00:00,146580000.0,150600000.0,146555000.0,150458000.0,1747612800035,277157288271.40625,1866.44894706,146555000.0,3903000.0,0.02663164
KRW-BTC,2025-05-19,2025-05-19 09:00:00,150296000.0,151199000.0,145500000.0,148699000.0,1747699199067,354455857435.6369,2401.08645573,150458000.0,-1759000.0,-0.0116909702
KRW-BTC,2025-05-20,2025-05-20 09:00:00,148700000.0,150990000.0,147743000.0,150424000.0,1747785599993,286919449540.4765,1919.88762969,148699000.0,1725000.0,0.011600616
KRW-BTC,2025-05-21,2025-05-21 09:00:00,150424000.0,153301000.0,148810000.0,152356000.0,1747871999792,464255347702.5485,3078.69314991,150424000.0,1932000.0,0.0128436952
KRW-BTC,2025-05-22,2025-05-22 09:00:00,152356000.0,155323000.0,152070000.0,154861000.0,1747958399140,428642979380.35846,2781.67594178,152356000.0,2505000.0,0.0164417548
KRW-BTC,2025-05-23,2025-05-23 09:00:00,154861000.0,155169000.0,149258000.0,149878000.0,1748044799824,493986376322.7763,3245.40940679,154861000.0,-4983000.0,-0.0321772428
KRW-BTC,2025-05-24,2025-05-24 09:00:00,149962000.0,152700000.0,149422000.0,150660000.0,1748131199127,160626638206.7191,1063.00688169,149878000.0,782000.0,0.005217577
KRW-BTC,2025-05-25,2025-05-25 09:00:00,150680000.0,152946000.0,149916000.0,152133000.0,1748217599304,147247390195.17743,975.54766995,150660000.0,1473000.0,0.0097769813
KRW-BTC,2025-05-26,2025-05-26 09:00:00,152133000.0,153000000.0,151509000.0,152195000.0,1748303999367,150415154588.6237,987.97582253,152133000.0,62000.0,0.0004075381
KRW-BTC,2025-05-27,2025-05-27 09:00:00,152197000.0,153218000.0,150001000.0,151323000.0,1748390399115,247280385930.47882,1629.83186829,152195000.0,-872000.0,-0.0057294918
KRW-BTC,2025-05-28,2025-05-28 09:00:00,151323000.0,151608000.0,149520000.0,150280000.0,1748476799295,171743128104.06027,1140.46411905,151323000.0,-1043000.0,-0.0068925411
KRW-BTC,2025-05-29,2025-05-29 09:00:00,150280000.0,151291000.0,147160000.0,147370000.0,1748563199917,256694760678.4399,1717.72520344,150280000.0,-2910000.0,-0.0193638541
KRW-BTC,2025-05-30,2025-05-30 09:00:00,147370000.0,149000000.0,146300000.0,147044000.0,1748649599487,320759946509.8581,2171.38535825,147370000.0,-326000.0,-0.0022121192
KRW-BTC,2025-05-31,2025-05-31 09:00:00,147044000.0,148700000.0,146042000.0,147932000.0,1748735999299,161538591268.91797,1097.54923406,147044000.0,888000.0,0.0060390087
KRW-BTC,2025-06-01,2025-06-01 09:00:00,147932000.0,149502000.0,147000000.0,149100000.0,1748822399076,112453321042.13853,759.69668968,147932000.0,1168000.0,0.0078955196
KRW-BTC,2025-06-02,2025-06-02 09:00:00,149102000.0,149166000.0,146209000.0,148074000.0,1748908799528,176525957182.84583,1198.05720248,149100000.0,-1026000.0,-0.0068812877
KRW-BTC,2025-06-03,2025-06-03 09:00:00,148070000.0,148900000.0,147022000.0,147322000.0,1748995199784,144789621000.41092,979.14377348,148074000.0,-752000.0,-0.0050785418
KRW-BTC,2025-06-04,2025-06-04 09:00:00,147378000.0,147601000.0,145200000.0,145210000.0,1749081599471,161585316986.12125,1104.00724819,147322000.0,-2112000.0,-0.0143359444
KRW-BTC,2025-06-05,2025-06-05 09:00:00,145218000.0,146487000.0,140399000.0,141588000.0,1749167999741,364349380568.55396,2536.94255293,145210000.0,-3622000.0,-0.0249431857
KRW-BTC,2025-06-06,2025-06-06 09:00:00,141588000.0,146120000.0,140862000.0,145196000.0,1749254399951,183749703863.70224,1279.12726613,141588000.0,3608000.0,0.0254823855
KRW-BTC,2025-06-07,2025-06-07 09:00:00,145196000.0,146895000.0,144601000.0,146514000.0,1749340799950,88059534618.2442,603.1996993,145196000.0,1318000.0,0.0090773851
KRW-BTC,2025-06-08,2025-06-08 09:00:00,146540000.0,146796000.0,145196000.0,145799000.0,1749427199358,80783604293.0407,553.07283989,146514000.0,-715000.0,-0.0048800797
KRW-BTC,2025-06-09,2025-06-09 09:00:00,145801000.0,150600000.0,144900000.0,150330000.0,1749513599851,237723678751.45724,1605.82129866,145799000.0,4531000.0,0.0310770307
KRW-BTC,2025-06-10,2025-06-10 09:00:00,150330000.0,150992000.0,149060000.0,150604000.0,1749599999757,204043686236.05585,1359.55145588,150330000.0,274000.0,0.0018226568
KRW-BTC,2025-06-11,2025-06-11 09:00:00,150628000.0,151400000.0,148999000.0,149702000.0,1749686399172,162452482332.02567,1080.08422097,150604000.0,-902000.0,-0.0059892168
KRW-BTC,2025-06-12,2025-06-12 09:00:00,149710000.0,149840000.0,145801000.0,145801000.0,1749772799765,231786031594.70667,1570.65133602,149702000.0,-3901000.0,-0.0260584361
KRW-BTC,2025-06-13,2025-06-13 09:00:00,145811000.0,147340000.0,143000000.0,147266000.0,1749859198770,318020020070.782,2195.12537289,145801000.0,1465000.0,0.0100479421
KRW-BTC,2025-06-14,2025-06-14 09:00:00,147265000.0,147526000.0,145082000.0,146401000.0,1749945599941,85403293679.93283,584.40012937,147266000.0,-865000.0,-0.0058737251
KRW-BTC,2025-06-15,2025-06-15 09:00:00,146401000.0,147100000.0,145220000.0,145997000.0,1750031999548,84200556894.92409,576.27420172,146401000.0,-404000.0,-0.002759544
KRW-BTC,2025-06-16,2025-06-16 09:00:00,145998000.0,149303000.0,145250000.0,146673000.0,1750118400031,207686864067.53534,1408.77470368,145997000.0,676000.0,0.0046302321
KRW-BTC,2025-06-17,2025-06-17 09:00:00,146661000.0,147957000.0,143900000.0,145456000.0,1750204798790,204736154670.58154,1403.18502313,146673000.0,-1217000.0,-0.008297369
KRW-BTC,2025-06-18,2025-06-18 09:00:00,145456000.0,146128000.0,144150000.0,145380000.0,1750291199932,126471521428.38004,870.61801942,145456000.0,-76000.0,-0.0005224948
KRW-BTC,2025-06-19,2025-06-19 09:00:00,145381000.0,146000000.0,144500000.0,144978000.0,1750377599534,101842378960.65367,700.77154255,145380000.0,-402000.0,-0.0027651671
KRW-BTC,2025-06-20,2025-06-20 09:00:00,144979000.0,146930000.0,143107000.0,143956000.0,1750463999677,190608843411.26282,1315.62127829,144978000.0,-1022000.0,-0.0070493454
KRW-BTC,2025-06-21,2025-06-21 09:00:00,143956000.0,144427000.0,141151000.0,142782000.0,1750550399270,156253432375.52927,1092.57854726,143956000.0,-1174000.0,-0.0081552697
KRW-BTC,2025-06-22,2025-06-22 09:00:00,142811000.0,144900000.0,137127000.0,140908000.0,1750636799326,468510803019.5224,3335.88004835,142782000.0,-1874000.0,-0.0131249037
KRW-BTC,2025-06-23,2025-06-23 09:00:00,140908000.0,147101000.0,139698000.0,146182000.0,1750723199727,346783036638.01794,2422.95238077,140908000.0,5274000.0,0.0374286769
KRW-BTC,2025-06-24,2025-06-24 09:00:00,146180000.0,146387000.0,144222000.0,145625000.0,1750809599381,185010727139.06448,1272.92112127,146182000.0,-557000.0,-0.0038103186
KRW-BTC,2025-06-25,2025-06-25 09:00:00,145626000.0,148620000.0,145360000.0,147365000.0,1750895999364,193957381788.68948,1318.58944681,145625000.0,1740000.0,0.0119484979
KRW-BTC,2025-06-26,2025-06-26 09:00:00,147365000.0,148205000.0,146500000.0,146852000.0,1750982399490,140102621876.02808,950.33860524,147365000.0,-513000.0,-0.0034811522
KRW-BTC,2025-06-27,2025-06-27 09:00:00,146868000.0,147628000.0,146000000.0,147058000.0,1751068799377,111420804053.70543,758.41022582,146852000.0,206000.0,0.0014027729
KRW-BTC,2025-06-28,2025-06-28 09:00:00,147001000.0,147479000.0,146799000.0,147174000.0,1751155199394,42875942272.73871,291.28203061,147058000.0,116000.0,0.0007888044
KRW-BTC,2025-06-29,2025-06-29 09:00:00,147174000.0,148502000.0,147091000.0,147996000.0,1751241599517,96188335417.21939,650.95569906,147174000.0,822000.0,0.0055852257
KRW-BTC,2025-06-30,2025-06-30 09:00:00,147996000.0,148480000.0,145740000.0,145759000.0,1751327999833,138812096716.42776,944.35761221,147996000.0,-2237000.0,-0.0151152734
KRW-BTC,2025-07-01,2025-07-01 09:00:00,145759000.0,146678000.0,144710000.0,145019000.0,1751414399260,133282503157.51079,915.58085007,145759000.0,-740000.0,-0.0050768735
KRW-BTC,2025-07-02,2025-07-02 09:00:00,145019000.0,148930000.0,144265000.0,147372000.0,1751500799281,199573364700.12863,1356.69500727,145019000.0,2353000.0,0.0162254601
KRW-BTC,2025-07-03,2025-07-03 09:00:00,147372000.0,149755000.0,147364000.0,148737000.0,1751587199669,175892089704.29065,1182.41237517,147372000.0,1365000.0,0.0092622751
KRW-BTC,2025-07-04,2025-07-04 09:00:00,148737000.0,149360000.0,146929000.0,147797000.0,1751673599367,121383661832.0915,819.64407007,148737000.0,-940000.0,-0.0063198801
KRW-BTC,2025-07-05,2025-07-05 09:00:00,147798000.0,148400000.0,147655000.0,148197000.0,1751759999714,42904283341.56918,289.92019607,147797000.0,400000.0,0.0027064149
KRW-BTC,2025-07-06,2025-07-06 09:00:00,148197000.0,149100000.0,147411000.0,148500000.0,1751846399613,85118626816.14578,574.67732795,148197000.0,303000.0,0.0020445758
KRW-BTC,2025-07-07,2025-07-07 09:00:00,148500000.0,149100000.0,147196000.0,148100000.0,1751932799103,123245812310.68657,832.29461691,148500000.0,-400000.0,-0.0026936027
KRW-BTC,2025-07-08,2025-07-08 09:00:00,148100000.0,148890000.0,147100000.0,148302000.0,1752019199125,99268948588.57974,670.29249832,148100000.0,202000.0,0.0013639433
KRW-BTC,2025-07-09,2025-07-09 09:00:00,148302000.0,151479000.0,148000000.0,150701000.0,1752105599578,223740339731.93878,1496.46774735,148302000.0,2399000.0,0.0161764508
KRW-BTC,2025-07-10,2025-07-10 09:00:00,150750000.0,156960000.0,150200000.0,156519000.0,1752191999507,405976570945.23785,2648.04060121,150701000.0,5818000.0,0.0386062468
KRW-BTC,2025-07-11,2025-07-11 09:00:00,156517000.0,160744000.0,155000000.0,158187000.0,1752278399823,529439887430.5297,3339.42695041,156519000.0,1668000.0,0.0106568532
KRW-BTC,2025-07-12,2025-07-12 09:00:00,158187000.0,159952000.0,157200000.0,159681000.0,1752364798813,165400817234.24435,1039.66662029,158187000.0,1494000.0,0.0094445182
KRW-BTC,2025-07-13,2025-07-13 09:00:00,159683000.0,161754000.0,159450000.0,161740000.0,1752451199611,196972458867.92377,1227.16949574,159681000.0,2059000.0,0.0128944583
KRW-BTC,2025-07-14,2025-07-14 09:00:00,161740000.0,166800000.0,161357000.0,163923000.0,1752537599614,574558921263.0916,3490.7303061,161740000.0,2183000.0,0.0134969704
KRW-BTC,2025-07-15,2025-07-15 09:00:00,163923000.0,164010000.0,158658000.0,160811000.0,1752623999755,510975587943.66626,3179.44960753,163923000.0,-3112000.0,-0.0189845232
KRW-BTC,2025-07-16,2025-07-16 09:00:00,160811000.0,163210000.0,160175000.0,161250000.0,1752710399248,298152464479.6766,1841.21876947,160811000.0,439000.0,0.0027299128
KRW-BTC,2025-07-17,2025-07-17 09:00:00,161246000.0,163955000.0,160002000.0,162232000.0,1752796799329,362637604713.5304,2240.66691129,161250000.0,982000.0,0.0060899225
KRW-BTC,2025-07-18,2025-07-18 09:00:00,162232000.0,164446000.0,159301000.0,161100000.0,1752883199776,449236394018.7995,2771.33021866,162232000.0,-1132000.0,-0.0069776616
KRW-BTC,2025-07-19,2025-07-19 09:00:00,161098000.0,162470000.0,160788000.0,161428000.0,1752969599759,136213263016.77467,842.3510109,161100000.0,328000.0,0.0020360025
KRW-BTC,2025-07-20,2025-07-20 09:00:00,161428000.0,162000000.0,159726000.0,160072000.0,1753055999498,230283547017.10608,1429.7828596,161428000.0,-1356000.0,-0.0084000297
KRW-BTC,2025-07-21,2025-07-21 09:00:00,160072000.0,162300000.0,159350000.0,160096000.0,1753142399631,318806852512.6161,1982.32577051,160072000.0,24000.0,0.0001499325
KRW-BTC,2025-07-22,2025-07-22 09:00:00,160094000.0,162990000.0,158750000.0,162321000.0,1753228799507,439496298750.92377,2730.46451082,160096000.0,2225000.0,0.0138979113
KRW-BTC,2025-07-23,2025-07-23 09:00:00,162321000.0,162848000.0,159192000.0,161990000.0,1753315199780,338036231661.612,2098.23989394,162321000.0,-331000.0,-0.0020391693
KRW-BTC,2025-07-24,2025-07-24 09:00:00,162000000.0,162888000.0,159000000.0,160928000.0,1753401599790,346133163078.732,2151.53591644,161990000.0,-1062000.0,-0.0065559602
KRW-BTC,2025-07-25,2025-07-25 09:00:00,160938000.0,161239000.0,157746000.0,160217000.0,1753487999377,422984662094.9873,2661.28602167,160928000.0,-711000.0,-0.0044181249
KRW-BTC,2025-07-26,2025-07-26 09:00:00,160225000.0,161220000.0,159600000.0,160900000.0,1753574399049,126687128917.34134,789.27787874,160217000.0,683000.0,0.0042629683
KRW-BTC,2025-07-27,2025-07-27 09:00:00,160900000.0,162800000.0,160858000.0,162717000.0,1753660799676,171093488765.64722,1057.82545276,160900000.0,1817000.0,0.0112927284
KRW-BTC,2025-07-28,2025-07-28 09:00:00,162548000.0,162985000.0,161391000.0,162483000.0,1753747199919,237170267365.09125,1461.59937798,162717000.0,-234000.0,-0.0014380796
KRW-BTC,2025-07-29,2025-07-29 09:00:00,162483000.0,163800000.0,162034000.0,163158000.0,1753833599704,242634976840.02426,1487.53432374,162483000.0,675000.0,0.0041542808
KRW-BTC,2025-07-30,2025-07-30 09:00:00,163248000.0,163708000.0,161800000.0,163118000.0,1753919999584,196907152981.47147,1209.08673259,163158000.0,-40000.0,-0.0002451611
KRW-BTC,2025-07-31,2025-07-31 09:00:00,163118000.0,164300000.0,161138000.0,161398000.0,1754006398919,238348451037.56705,1460.98746879,163118000.0,-1720000.0,-0.0105445138
KRW-BTC,2025-08-01,2025-08-01 09:00:00,161400000.0,161770000.0,158100000.0,158102000.0,1754092799256,457890308339.6215,2864.49971781,161398000.0,-3296000.0,-0.0204215666
KRW-BTC,2025-08-02,2025-08-02 09:00:00,158101000.0,159362000.0,157115000.0,157376000.0,1754179199569,209568380747.23416,1322.24037421,158102000.0,-726000.0,-0.0045919723
KRW-BTC,2025-08-03,2025-08-03 09:00:00,157376000.0,160324000.0,156715000.0,160227000.0,1754265599919,175444447276.5391,1104.10129659,157376000.0,2851000.0,0.0181158499
KRW-BTC,2025-08-04,2025-08-04 09:00:00,160208000.0,161400000.0,159500000.0,160332000.0,1754351999594,168349081038.5815,1049.67722034,160227000.0,105000.0,0.0006553203
KRW-BTC,2025-08-05,2025-08-05 09:00:00,160333000.0,160571000.0,158206000.0,159999000.0,1754438399669,185639281800.3159,1164.16382517,160332000.0,-333000.0,-0.0020769403
KRW-BTC,2025-08-06,2025-08-06 09:00:00,159999000.0,160955000.0,158605000.0,160000000.0,1754524799126,142071269508.45157,888.90291262,159999000.0,1000.0,6.25e-06
KRW-BTC,2025-08-07,2025-08-07 09:00:00,160000000.0,162000000.0,159524000.0,161853000.0,1754611199870,237281789544.67767,1473.6112066,160000000.0,1853000.0,0.01158125
KRW-BTC,2025-08-08,2025-08-08 09:00:00,161853000.0,161994000.0,160008000.0,160099000.0,1754697599970,218425515488.15268,1358.86703435,161853000.0,-1754000.0,-0.0108369941
KRW-BTC,2025-08-09,2025-08-09 09:00:00,160099000.0,161547000.0,160007000.0,160180000.0,1754783999880,224567060686.7797,1399.2385616,160099000.0,81000.0,0.000505937
KRW-BTC,2025-08-10,2025-08-10 09:00:00,160180000.0,163877000.0,160132000.0,163859000.0,1754870399727,379818136741.28656,2343.22751857,160180000.0,3679000.0,0.0229679111
KRW-BTC,2025-08-11,2025-08-11 09:00:00,163860000.0,167000000.0,163350000.0,164210000.0,1754956799914,532434548610.83026,3218.61763068,163859000.0,351000.0,0.0021420856
KRW-BTC,2025-08-12,2025-08-12 09:00:00,164210000.0,164990000.0,163000000.0,164298000.0,1755043199938,367191800937.3439,2238.75147187,164210000.0,88000.0,0.0005358992
KRW-BTC,2025-08-13,2025-08-13 09:00:00,164298000.0,168262000.0,163353000.0,168051000.0,1755129599898,425460061845.525,2570.30205767,164298000.0,3753000.0,0.0228426396
KRW-BTC,2025-08-14,2025-08-14 09:00:00,168051000.0,169900000.0,162550000.0,164723000.0,1755215999920,702365764301.336,4234.99357777,168051000.0,-3328000.0,-0.019803512
KRW-BTC,2025-08-15,2025-08-15 09:00:00,164723000.0,165885000.0,163010000.0,164122000.0,1755302399666,227273204589.8375,1381.99175784,164723000.0,-601000.0,-0.0036485494
KRW-BTC,2025-08-16,2025-08-16 09:00:00,164122000.0,164374000.0,162685000.0,163058000.0,1755388799474,132851703341.47552,813.45140276,164122000.0,-1064000.0,-0.0064829822
KRW-BTC,2025-08-17,2025-08-17 09:00:00,163058000.0,164194000.0,163035000.0,163111000.0,1755475199986,118085267517.72812,721.88384529,163058000.0,53000.0,0.0003250377
KRW-BTC,2025-08-18,2025-08-18 09:00:00,163110000.0,163456000.0,160000000.0,161513000.0,1755561599979,326564067873.67126,2026.55299081,163111000.0,-1598000.0,-0.0097970094
KRW-BTC,2025-08-19,2025-08-19 09:00:00,161513000.0,162388000.0,157044000.0,157172000.0,1755647999645,348002834141.0647,2183.55943311,161513000.0,-4341000.0,-0.0268770935
KRW-BTC,2025-08-20,2025-08-20 09:00:00,157180000.0,159565000.0,157100000.0,159149000.0,1755734399396,267951803613.17224,1687.53584763,157172000.0,1977000.0,0.0125785763
KRW-BTC,2025-08-21,2025-08-21 09:00:00,159237000.0,159900000.0,157280000.0,157737000.0,1755820800002,174605018681.81674,1101.96487624,159149000.0,-1412000.0,-0.008872189
KRW-BTC,2025-08-22,2025-08-22 09:00:00,157737000.0,162688000.0,156647000.0,161176000.0,1755907198995,529223634721.8642,3303.07060192,157737000.0,3439000.0,0.0218021136
KRW-BTC,2025-08-23,2025-08-23 09:00:00,161176000.0,161505000.0,159000000.0,159705000.0,1755993600013,196915785212.26514,1231.27745096,161176000.0,-1471000.0,-0.009126669
KRW-BTC,2025-08-24,2025-08-24 09:00:00,159705000.0,160272000.0,155870000.0,157603000.0,1756079999924,344526079834.2278,2179.0180382,159705000.0,-2102000.0,-0.013161767
KRW-BTC,2025-08-25,2025-08-25 09:00:00,157603000.0,158000000.0,155346000.0,155887000.0,1756166399871,404916346020.1862,2588.2830815,157603000.0,-1716000.0,-0.0108881176
KRW-BTC,2025-08-26,2025-08-26 09:00:00,155887000.0,157367000.0,153952000.0,156661000.0,1756252799844,360004705172.1587,2318.14300616,155887000.0,774000.0,0.004965135
KRW-BTC,2025-08-27,2025-08-27 09:00:00,156660000.0,157200000.0,154800000.0,155534000.0,1756339199501,214886531700.44214,1378.40369363,156661000.0,-1127000.0,-0.0071938772
KRW-BTC,2025-08-28,2025-08-28 09:00:00,155532000.0,157787000.0,155211000.0,156737000.0,1756425599385,185118701709.60687,1179.83398781,155534000.0,1203000.0,0.0077346432
KRW-BTC,2025-08-29,2025-08-29 09:00:00,156737000.0,157080000.0,151100000.0,152262000.0,1756512000042,447565326900.91705,2916.36749565,156737000.0,-4475000.0,-0.0285510122
KRW-BTC,2025-08-30,2025-08-30 09:00:00,152262000.0,152267000.0,149704000.0,151734000.0,1756598399815,250798178374.15872,1660.9190379,152262000.0,-528000.0,-0.003467707
KRW-BTC,2025-08-31,2025-08-31 09:00:00,151734000.0,152960000.0,150447000.0,150700000.0,1756684799796,177040311401.05768,1168.42444947,151734000.0,-1034000.0,-0.0068145571
KRW-BTC,2025-09-01,2025-09-01 09:00:00,150700000.0,152789000.0,149000000.0,152419000.0,1756771199570,323819779862.1829,2147.55268421,150700000.0,1719000.0,0.0114067684
KRW-BTC,2025-09-02,2025-09-02 09:00:00,152419000.0,155445000.0,150984000.0,154850000.0,1756857600026,295205678519.2936,1920.61439848,152419000.0,2431000.0,0.0159494551
KRW-BTC,2025-09-03,2025-09-03 09:00:00,154850000.0,156000000.0,154032000.0,154890000.0,1756943999098,161272974991.001,1040.1957758,154850000.0,40000.0,0.0002583145
KRW-BTC,2025-09-04,2025-09-04 09:00:00,154890000.0,156515000.0,153093000.0,155410000.0,1757030399695,165492086885.6697,1070.14485107,154890000.0,520000.0,0.0033572213
KRW-BTC,2025-09-05,2025-09-05 09:00:00,155337000.0,157853000.0,154502000.0,154930000.0,1757116799086,256979276768.90033,1644.26975383,155410000.0,-480000.0,-0.0030886043
KRW-BTC,2025-09-06,2025-09-06 09:00:00,154930000.0,155629000.0,154231000.0,154325000.0,1757203199859,73270264819.42397,472.77600266,154930000.0,-605000.0,-0.0039049894
KRW-BTC,2025-09-07,2025-09-07 09:00:00,154325000.0,155784000.0,154200000.0,155001000.0,1757289599050,75573082567.93909,487.36392303,154325000.0,676000.0,0.0043803661
KRW-BTC,2025-09-08,2025-09-08 09:00:00,155001000.0,156838000.0,154592000.0,156048000.0,1757375999662,132399366625.61053,850.15690616,155001000.0,1047000.0,0.0067547951
KRW-BTC,2025-09-09,2025-09-09 09:00:00,156048000.0,157200000.0,154697000.0,155450000.0,1757462399448,217899518590.96036,1398.29118063,156048000.0,-598000.0,-0.0038321542
KRW-BTC,2025-09-10,2025-09-10 09:00:00,155451000.0,158800000.0,154950000.0,158561000.0,1757548799435,226032174393.30444,1438.34464883,155450000.0,3111000.0,0.0200128659
KRW-BTC,2025-09-11,2025-09-11 09:00:00,158562000.0,160400000.0,157777000.0,160375000.0,1757635199984,246500365427.88812,1550.22561596,158561000.0,1814000.0,0.011440392
KRW-BTC,2025-09-12,2025-09-12 09:00:00,160395000.0,161794000.0,160000000.0,161101000.0,1757721599629,234735178524.51535,1460.8794118,160375000.0,726000.0,0.0045268901
KRW-BTC,2025-09-13,2025-09-13 09:00:00,161110000.0,161369000.0,159461000.0,160536000.0,1757807999650,162356592110.0675,1011.50487891,161101000.0,-565000.0,-0.0035071167
KRW-BTC,2025-09-14,2025-09-14 09:00:00,160536000.0,161200000.0,159899000.0,160338000.0,1757894399932,117858331117.02618,734.22633687,160536000.0,-198000.0,-0.0012333682
KRW-BTC,2025-09-15,2025-09-15 09:00:00,160338000.0,161791000.0,159500000.0,160705000.0,1757980799204,213125009201.3094,1328.26487987,160338000.0,367000.0,0.0022889147
KRW-BTC,2025-09-16,2025-09-16 09:00:00,160705000.0,162334000.0,160125000.0,162167000.0,1758067199493,163315720843.37268,1013.13497679,160705000.0,1462000.0,0.0090974145
KRW-BTC,2025-09-17,2025-09-17 09:00:00,162200000.0,163000000.0,160210000.0,161468000.0,1758153599865,263892961121.4848,1630.74076706,162167000.0,-699000.0,-0.0043103714
KRW-BTC,2025-09-18,2025-09-18 09:00:00,161468000.0,163333000.0,161372000.0,162478000.0,1758239999735,282954756899.9032,1738.78345738,161468000.0,1010000.0,0.0062551094
KRW-BTC,2025-09-19,2025-09-19 09:00:00,162478000.0,163080000.0,161500000.0,162138000.0,1758326399777,225661248106.78256,1389.24628029,162478000.0,-340000.0,-0.002092591
KRW-BTC,2025-09-20,2025-09-20 09:00:00,162162000.0,162486000.0,162000000.0,162236000.0,1758412799108,112685940748.00806,694.36542049,162138000.0,98000.0,0.0006044234
KRW-BTC,2025-09-21,2025-09-21 09:00:00,162236000.0,162239000.0,161372000.0,161412000.0,1758499199060,154750086362.06165,956.39786821,162236000.0,-824000.0,-0.0050790207
KRW-BTC,2025-09-22,2025-09-22 09:00:00,161410000.0,161631000.0,159000000.0,160730000.0,1758585599444,489675187779.75854,3058.73284497,161412000.0,-682000.0,-0.0042252125
KRW-BTC,2025-09-23,2025-09-23 09:00:00,160731000.0,161350000.0,158668000.0,159679000.0,1758671999642,177039908328.35306,1105.98353873,160730000.0,-1051000.0,-0.0065389162
KRW-BTC,2025-09-24,2025-09-24 09:00:00,159680000.0,161200000.0,159001000.0,160700000.0,1758758399624,158607129495.26678,989.63619655,159679000.0,1021000.0,0.0063940781
KRW-BTC,2025-09-25,2025-09-25 09:00:00,160700000.0,161037000.0,158000000.0,158200000.0,1758844799992,330443704319.6551,2072.65761536,160700000.0,-2500000.0,-0.0155569384
KRW-BTC,2025-09-26,2025-09-26 09:00:00,158219000.0,159307000.0,157100000.0,158128000.0,1758931199878,258977477826.41788,1636.24151791,158200000.0,-72000.0,-0.0004551201
KRW-BTC,2025-09-27,2025-09-27 09:00:00,158129000.0,158250000.0,157126000.0,157895000.0,1759017599986,94393837112.01093,599.24007712,158128000.0,-233000.0,-0.0014734898
KRW-BTC,2025-09-28,2025-09-28 09:00:00,157892000.0,160800000.0,157559000.0,160579000.0,1759103999910,176620768814.76794,1115.14654906,157895000.0,2684000.0,0.0169986383
KRW-BTC,2025-09-29,2025-09-29 09:00:00,160579000.0,163200000.0,159300000.0,162976000.0,1759190399820,252233665694.5785,1561.77655952,160579000.0,2397000.0,0.0149272321
KRW-BTC,2025-09-30,2025-09-30 09:00:00,162976000.0,163655000.0,161111000.0,162828000.0,1759276799664,219158056606.41562,1347.68465165,162976000.0,-148000.0,-0.0009081092
KRW-BTC,2025-10-01,2025-10-01 09:00:00,162828000.0,168429000.0,162789000.0,168424000.0,1759363199564,395817174938.5895,2391.53349082,162828000.0,5596000.0,0.0343675535
KRW-BTC,2025-10-02,2025-10-02 09:00:00,168424000.0,170903000.0,167709000.0,170704000.0,1759449599820,445843850502.1905,2634.57350068,168424000.0,2280000.0,0.0135372631
KRW-BTC,2025-10-03,2025-10-03 09:00:00,170749000.0,174995000.0,169100000.0,173460000.0,1759535999760,385174816985.204,2241.08106806,170704000.0,2756000.0,0.0161449058
KRW-BTC,2025-10-04,2025-10-04 09:00:00,173460000.0,174990000.0,172673000.0,174964000.0,1759622399408,429271088569.2131,2463.17052828,173460000.0,1504000.0,0.0086705869
KRW-BTC,2025-10-05,2025-10-05 09:00:00,174986000.0,178651000.0,174270000.0,177024000.0,1759708799840,664801032152.3652,3767.82109651,174964000.0,2060000.0,0.0117738506
KRW-BTC,2025-10-06,2025-10-06 09:00:00,177002000.0,178790000.0,176500000.0,177536000.0,1759795199685,463834513785.4352,2611.57241052,177024000.0,512000.0,0.0028922632
KRW-BTC,2025-10-07,2025-10-07 09:00:00,177562000.0,178400000.0,174385000.0,175460000.0,1759881599993,598642532344.7262,3389.80439054,177536000.0,-2076000.0,-0.011693403
KRW-BTC,2025-10-08,2025-10-08 09:00:00,175490000.0,178617000.0,175460000.0,178011000.0,1759968000003,437564563683.36633,2463.9288202,175460000.0,2551000.0,0.0145389263
KRW-BTC,2025-10-09,2025-10-09 09:00:00,177853000.0,179869000.0,176496000.0,177616000.0,1760054400031,502722479625.2399,2825.3725964,178011000.0,-395000.0,-0.002218964
KRW-BTC,2025-10-10,2025-10-10 09:00:00,177616000.0,178151000.0,165000000.0,172257000.0,1760140799819,1176694906176.9958,6799.93776544,177616000.0,-5359000.0,-0.0301718314
KRW-BTC,2025-10-11,2025-10-11 09:00:00,172180000.0,173937000.0,166500000.0,170390000.0,1760227200000,753231509611.747,4416.69331273,172257000.0,-1867000.0,-0.0108384565
KRW-BTC,2025-10-12,2025-10-12 09:00:00,170390000.0,174909000.0,168132000.0,173833000.0,1760313599324,590134715324.112,3435.1907301,170390000.0,3443000.0,0.0202065849
KRW-BTC,2025-10-13,2025-10-13 09:00:00,173833000.0,175337000.0,170778000.0,171680000.0,1760399999903,388139345869.35065,2243.15905637,173833000.0,-2153000.0,-0.0123854504
KRW-BTC,2025-10-14,2025-10-14 09:00:00,171695000.0,172444000.0,168000000.0,170070000.0,1760486399351,433918029494.7621,2556.34346069,171680000.0,-1610000.0,-0.0093779124
KRW-BTC,2025-10-15,2025-10-15 09:00:00,170109000.0,170740000.0,168001000.0,168539000.0,1760572798948,291870428184.9084,1724.32577247,170070000.0,-1531000.0,-0.0090021756
KRW-BTC,2025-10-16,2025-10-16 09:00:00,168642000.0,170124000.0,164858000.0,165290000.0,1760659199180,437824361391.7073,2618.72985457,168539000.0,-3249000.0,-0.0192774373
KRW-BTC,2025-10-17,2025-10-17 09:00:00,165291000.0,166565000.0,159671000.0,163639000.0,1760745599255,693137672117.043,4263.22344629,165290000.0,-1651000.0,-0.0099885051
KRW-BTC,2025-10-18,2025-10-18 09:00:00,163639000.0,164998000.0,162852000.0,163631000.0,1760831999545,151636016604.3545,926.13402213,163639000.0,-8000.0,-4.88881e-05
KRW-BTC,2025-10-19,2025-10-19 09:00:00,163631000.0,165996000.0,161250000.0,164806000.0,1760918399205,229268556059.69614,1399.97751435,163631000.0,1175000.0,0.0071807909
KRW-BTC,2025-10-20,2025-10-20 09:00:00,164806000.0,167468000.0,163398000.0,165911000.0,1761004799915,240510969106.4501,1448.62619236,164806000.0,1105000.0,0.006704853
KRW-BTC,2025-10-21,2025-10-21 09:00:00,165911000.0,169336000.0,162011000.0,163400000.0,1761091199965,399475288487.1652,2420.85720656,165911000.0,-2511000.0,-0.0151346204
KRW-BTC,2025-10-22,2025-10-22 09:00:00,163400000.0,164406000.0,162500000.0,163153000.0,1761177599913,210865321673.2892,1291.51295714,163400000.0,-247000.0,-0.0015116279
KRW-BTC,2025-10-23,2025-10-23 09:00:00,163153000.0,164250000.0,163035000.0,164013000.0,1761196732380,34648201998.16791,211.54769295,163153000.0,860000.0,0.0052711259
